#VRML V2.0 utf8
# 3D model generated by easyeda2kicad.py (https://github.com/uPesy/easyeda2kicad.py)

Shape{
    appearance Appearance {
        material  Material 	{
            diffuseColor 0.8431372549019608 0.8156862745098039 0.7529411764705882
            specularColor 0.4235294117647059 0.40784313725490196 0.3764705882352941
            ambientIntensity 0.8167
            transparency 0.0
            shininess 0.5
        }
    }
    geometry IndexedFaceSet {
        ccw TRUE
        solid FALSE
        coord DEF co Coordinate {
            point [
                -2.7559 1.1417 2.3425, -2.7559 1.1417 2.4409, -1.3799 1.1417 2.4409, -2.0689 1.1417 0.2008, -2.2343 1.1417 0.2008, -2.2343 1.1417 0.7126, 0.2933 1.1417 0.2008, 0.128 1.1417 0.2008, 0.128 1.1417 0.7126, 1.8681 1.1417 0.2008, 1.7028 1.1417 0.2008, 1.7028 1.1417 0.7126, 1.2815 1.1417 0.2008, 1.2815 1.1417 0.1811, 1.2808 1.1417 0.1862, 0.6594 1.1417 0.7126, -1.313 1.1417 1.3031, -1.0413 1.1417 1.3031, -0.4941 1.1417 0.2008, -0.6594 1.1417 0.2008, -0.6594 1.1417 0.7126, 1.096 1.1417 0.2003, 1.0919 1.1417 0.1988, 1.0807 1.1417 0.2008, 1.0881 1.1417 0.1965, 1.085 1.1417 0.1934, 1.0827 1.1417 0.1896, 1.0812 1.1417 0.1855, 1.0807 1.1417 0.1811, 1.2789 1.1417 0.1909, 1.2757 1.1417 0.195, 1.2717 1.1417 0.1981, 1.8686 1.1417 0.1855, 1.8681 1.1417 0.1811, -1.2815 1.1417 0.2008, -1.3799 1.1417 0.2008, 0.3031 1.1417 0.1981, 0.2991 1.1417 0.195, 1.4469 1.1417 0.7126, 1.4469 1.1417 0.2008, 2.2343 1.1417 0.7126, 2.2343 1.1417 0.2008, 2.0689 1.1417 0.2008, 1.8701 1.1417 0.1896, 2.2185 1.1417 1.3031, 1.7028 1.1417 1.3031, 2.2185 1.1417 2.2441, 1.7028 1.1417 2.2441, 2.7559 1.1417 2.3425, 1.4469 1.1417 2.2441, -1.0413 1.1417 1.811, -0.1358 1.1417 1.811, -0.1358 1.1417 1.3031, 1.2669 1.1417 0.2001, 1.2618 1.1417 0.2008, 1.1004 1.1417 0.2008, 1.4469 1.1417 1.3031, 0.9154 1.1417 0.7126, 1.0413 1.1417 2.2441, 1.313 1.1417 2.2441, 1.313 1.1417 1.3031, 0.1358 1.1417 1.811, 1.0413 1.1417 1.811, 1.0413 1.1417 1.3031, -0.128 1.1417 0.7126, -0.128 1.1417 0.2008, -0.2933 1.1417 0.2008, -0.4843 1.1417 0.1981, -0.4883 1.1417 0.195, 0.2959 1.1417 0.1909, 0.294 1.1417 0.1862, 0.2933 1.1417 0.1811, 0.4941 1.1417 0.1811, 0.4934 1.1417 0.1862, 0.4941 1.1417 0.2008, 0.4915 1.1417 0.1909, 0.9154 1.1417 0.2008, 2.0689 1.1417 0.1811, 2.0682 1.1417 0.1862, 2.0663 1.1417 0.1909, 2.0631 1.1417 0.195, 2.0591 1.1417 0.1981, 2.0543 1.1417 0.2001, 2.4902 1.1417 0.2008, 2.4902 1.1417 0.7126, 2.7559 1.1417 0.2008, 2.4902 1.1417 1.3031, 2.4902 1.1417 2.2441, 0.1358 1.1417 1.3031, -0.9154 1.1417 0.7126, -0.9154 1.1417 0.2008, -1.0807 1.1417 0.2008, -0.3031 1.1417 0.1981, -0.3079 1.1417 0.2001, 1.8793 1.1417 0.1988, 1.8755 1.1417 0.1965, 1.8724 1.1417 0.1934, 1.0413 1.1417 2.126, 0.1358 1.1417 2.126, 0.1358 1.1417 2.2441, -0.1358 1.1417 2.2441, -1.0413 1.1417 2.2441, -1.313 1.1417 2.2441, -1.3799 1.1417 2.3425, -0.4915 1.1417 0.1909, -0.4934 1.1417 0.1862, -0.4941 1.1417 0.1811, -0.2933 1.1417 0.1811, -0.294 1.1417 0.1862, -0.2959 1.1417 0.1909, -0.2991 1.1417 0.195, 0.4795 1.1417 0.2001, 0.4843 1.1417 0.1981, 0.4883 1.1417 0.195, -1.2815 1.1417 0.1811, -1.2808 1.1417 0.1862, -1.2789 1.1417 0.1909, 0.6594 1.1417 0.2008, 0.4744 1.1417 0.2008, 0.313 1.1417 0.2008, 0.3079 1.1417 0.2001, 2.0492 1.1417 0.2008, 1.8878 1.1417 0.2008, 1.8834 1.1417 0.2003, -1.0807 1.1417 0.1811, -1.0814 1.1417 0.1862, -1.2669 1.1417 0.2001, -1.2717 1.1417 0.1981, -0.313 1.1417 0.2008, -0.4744 1.1417 0.2008, -0.4795 1.1417 0.2001, -1.2757 1.1417 0.195, -1.0833 1.1417 0.1909, -1.0865 1.1417 0.195, -1.0906 1.1417 0.1981, -1.0953 1.1417 0.2001, -1.1004 1.1417 0.2008, -1.2618 1.1417 0.2008, -1.4468 1.1417 0.7126, -1.4468 1.1417 0.2008, -1.8681 1.1417 0.2008, -2.4902 1.1417 1.3031, -2.2343 1.1417 1.3031, -2.4902 1.1417 0.7126, -1.7028 1.1417 0.7126, -1.7028 1.1417 1.3031, -1.4468 1.1417 1.3031, -1.4468 1.1417 2.2441, -1.7028 1.1417 2.2441, -2.2343 1.1417 2.2441, -2.4902 1.1417 2.2441, -2.0682 1.1417 0.1862, -2.0689 1.1417 0.1811, -2.4902 1.1417 0.2008, -2.7559 1.1417 0.2008, -1.8707 1.1417 0.1909, -1.8688 1.1417 0.1862, -1.8681 1.1417 0.1811, -2.0591 1.1417 0.1981, -2.0631 1.1417 0.195, -2.0663 1.1417 0.1909, -2.0492 1.1417 0.2008, -2.0543 1.1417 0.2001, -1.8739 1.1417 0.195, -1.878 1.1417 0.1981, -1.8827 1.1417 0.2001, -1.8878 1.1417 0.2008, -1.7028 1.1417 0.2008, 2.7559 1.1417 2.4409, -1.0413 1.1417 2.126, -0.1358 1.1417 2.126, 1.4469 1.2205 0.122, 1.7028 1.2205 0.122, 1.4469 -0.8268 0.122, 1.7028 -0.8268 0.122, 0.6594 -0.8268 0.122, 0.6594 1.2205 0.122, 0.9154 -0.8268 0.122, 0.9154 1.2205 0.122, -0.128 -0.8268 0.122, -0.128 1.2205 0.122, 0.128 -0.8268 0.122, 0.128 1.2205 0.122, -0.9154 -0.8268 0.122, -0.9154 1.2205 0.122, -0.6594 -0.8268 0.122, -0.6594 1.2205 0.122, -1.7028 -0.8268 0.122, -1.7028 1.2205 0.122, -1.4468 -0.8268 0.122, -1.4468 1.2205 0.122, 1.4469 -0.8268 0.2008, 1.7028 -0.8268 0.2008, 0.9154 -0.8268 0.2008, 0.6594 -0.8268 0.2008, 0.128 -0.8268 0.2008, -0.128 -0.8268 0.2008, -0.6594 -0.8268 0.2008, -0.9154 -0.8268 0.2008, -1.4468 -0.8268 0.2008, -1.7028 -0.8268 0.2008, -0.0408 -0.69 0.8661, 0.1032 -0.69 0.8661, 0.1032 -0.0683 0.8661, -0.2257 -0.8662 0.8661, -0.0408 -0.8662 0.8661, -0.2329 0.1297 0.8661, -0.2631 0.0498 0.8661, -0.2631 -0.0683 0.8661, 0.1452 -0.0679 0.8661, 0.1224 -0.0617 0.8661, 0.2008 0.1296 0.8661, 0.2857 0.1081 0.8661, 0.2857 0.1297 0.8661, 0.1685 -0.0479 0.8661, 0.126 0.0999 0.8661, 0.1446 -0.0448 0.8661, 0.1224 0.0979 0.8661, 0.1224 -0.0353 0.8661, 0.266 0.0071 0.8661, 0.2585 -0.0153 0.8661, 0.2895 -0.0683 0.8661, 0.2467 -0.034 0.8661, 0.2295 -0.0505 0.8661, 0.1224 0.1195 0.8661, 0.1032 0.2029 0.8661, 0.2199 0.1231 0.8661, 0.2359 0.1128 0.8661, 0.2503 0.0977 0.8661, 0.2111 -0.0612 0.8661, 0.1895 -0.0677 0.8661, 0.1827 -0.0683 0.8661, 0.2608 0.0791 0.8661, 0.2669 0.058 0.8661, 0.2689 0.035 0.8661, 0.1879 -0.0457 0.8661, 0.2026 -0.0404 0.8661, 0.2165 -0.0311 0.8661, 0.2283 -0.0179 0.8661, 0.2364 -0.0027 0.8661, 0.2416 0.0186 0.8661, 0.2425 0.0334 0.8661, 0.2405 0.0547 0.8661, 0.2351 0.0717 0.8661, 0.173 0.1105 0.8661, 0.2178 0.095 0.8661, 0.1912 0.1085 0.8661, 0.2057 0.1032 0.8661, 0.2269 0.0853 0.8661, 0.1468 0.1076 0.8661, 0.1434 0.1282 0.8661, 0.1712 0.1321 0.8661, 0.1766 0.1321 0.8661, 0.3601 -0.0671 0.8661, 0.4403 -0.0683 0.8661, 0.2895 0.2029 0.8661, 0.2895 0.1297 0.8661, 0.4403 0.2029 0.8661, 0.3865 0.1297 0.8661, 0.3865 -0.0671 0.8661, 0.2895 0.1081 0.8661, 0.3601 0.1081 0.8661, -0.3618 0.0745 0.8661, -0.2805 0.0745 0.8661, -0.2631 0.1256 0.8661, -0.3817 0.1297 0.8661, -0.2631 0.2029 0.8661, -0.4105 0.1297 0.8661, -0.7874 0.2029 0.8661, -0.3337 -0.0671 0.8661, -0.3073 -0.0671 0.8661, -0.7874 -0.0683 0.8661, -1.5748 -0.0683 0.8661, 2.5984 0.8268 0.8661, 2.4124 0.8268 0.8661, 2.5984 0.374 0.8661, 2.4124 0.2029 0.8661, 2.7559 0.374 0.8661, 2.4124 -0.69 0.8661, 2.5984 -0.69 0.8661, 2.4124 -0.0683 0.8661, 2.5984 -0.4134 0.8661, -1.5748 -0.69 0.8661, -2.5984 -0.69 0.8661, -2.5984 -0.8662 0.8661, -2.0631 -0.508 0.8661, -2.0663 -0.504 0.8661, -2.5984 -0.4134 0.8661, -2.0682 -0.4992 0.8661, -1.8681 -0.4941 0.8661, -1.8681 -0.3327 0.8661, -1.8688 -0.3276 0.8661, -1.8686 -0.4985 0.8661, -1.8701 -0.5027 0.8661, -1.8724 -0.5064 0.8661, -1.8755 -0.5095 0.8661, -1.8793 -0.5118 0.8661, -1.8834 -0.5133 0.8661, -2.7559 -0.0683 0.8661, -2.7559 -0.4134 0.8661, -2.0591 -0.3156 0.8661, -2.0631 -0.3188 0.8661, -2.0663 -0.3228 0.8661, -1.8878 -0.5138 0.8661, -2.0492 -0.5138 0.8661, -2.0543 -0.5131 0.8661, -2.0591 -0.5112 0.8661, -1.8827 -0.3137 0.8661, -1.878 -0.3156 0.8661, -1.8739 -0.3188 0.8661, -1.8707 -0.3228 0.8661, -2.0689 -0.4941 0.8661, -2.0689 -0.3327 0.8661, -2.0682 -0.3276 0.8661, -2.0543 -0.3137 0.8661, -2.0492 -0.313 0.8661, -1.8878 -0.313 0.8661, -1.8681 0.2933 0.8661, -1.8688 0.2882 0.8661, -1.5748 0.2029 0.8661, -2.0591 0.2762 0.8661, -2.0631 0.2794 0.8661, -2.5984 0.374 0.8661, -2.0663 0.2834 0.8661, -2.0682 0.2882 0.8661, -1.8707 0.2834 0.8661, -1.8739 0.2794 0.8661, -1.878 0.2762 0.8661, -2.0591 0.4718 0.8661, -2.5984 0.8268 0.8661, -2.0631 0.4686 0.8661, -2.0663 0.4646 0.8661, -1.8827 0.4737 0.8661, -1.878 0.4718 0.8661, -1.5748 0.8268 0.8661, -1.8688 0.4598 0.8661, -1.8681 0.4547 0.8661, -1.8739 0.4686 0.8661, -1.8707 0.4646 0.8661, -2.0689 0.2933 0.8661, -2.0689 0.4547 0.8661, -2.0682 0.4598 0.8661, -1.8827 0.2743 0.8661, -1.8878 0.2736 0.8661, -2.0492 0.2736 0.8661, -2.0543 0.2743 0.8661, -2.7559 0.374 0.8661, -2.7559 0.2029 0.8661, -2.0543 0.4737 0.8661, -2.0492 0.4744 0.8661, -1.8878 0.4744 0.8661, 0.1514 -0.0683 0.8661, 0.1688 -0.0695 0.8661, 0.4883 -0.3188 0.8661, 0.4915 -0.3228 0.8661, 0.7874 -0.0683 0.8661, 0.4843 -0.3156 0.8661, 0.4744 -0.313 0.8661, 0.4795 -0.3137 0.8661, 0.4936 -0.4985 0.8661, 0.4921 -0.5027 0.8661, 0.7874 -0.69 0.8661, 0.4898 -0.5064 0.8661, 0.4934 -0.3276 0.8661, 0.4941 -0.3327 0.8661, 0.4941 -0.4941 0.8661, 0.4788 -0.5133 0.8661, 0.4403 -0.69 0.8661, 0.483 -0.5118 0.8661, 0.4867 -0.5095 0.8661, 0.3031 -0.5112 0.8661, 0.2991 -0.508 0.8661, 0.2895 -0.69 0.8661, 0.3079 -0.5131 0.8661, 0.2991 -0.3188 0.8661, 0.3031 -0.3156 0.8661, 0.4744 -0.5138 0.8661, 0.4403 -0.5138 0.8661, 0.313 -0.5138 0.8661, 0.2933 -0.3327 0.8661, 0.294 -0.3276 0.8661, 0.2959 -0.3228 0.8661, 0.2959 -0.504 0.8661, 0.294 -0.4992 0.8661, 0.2933 -0.4941 0.8661, 0.3079 -0.3137 0.8661, 0.313 -0.313 0.8661, 0.4403 -0.313 0.8661, 0.4744 0.4744 0.8661, 0.4795 0.4737 0.8661, 0.4403 0.8268 0.8661, 0.4941 0.2933 0.8661, 0.4934 0.2882 0.8661, 0.7874 0.2029 0.8661, 0.4843 0.2762 0.8661, 0.4795 0.2743 0.8661, 0.7874 0.8268 0.8661, 0.4843 0.4718 0.8661, 0.4883 0.4686 0.8661, 0.4915 0.4646 0.8661, 0.4934 0.4598 0.8661, 0.4941 0.4547 0.8661, 0.4915 0.2834 0.8661, 0.4883 0.2794 0.8661, 0.3031 0.2762 0.8661, 0.2991 0.2794 0.8661, 0.3079 0.2743 0.8661, 0.2933 0.4547 0.8661, 0.294 0.4598 0.8661, 0.2895 0.8268 0.8661, 0.2959 0.4646 0.8661, 0.2991 0.4686 0.8661, 0.3031 0.4718 0.8661, 0.3079 0.4737 0.8661, 0.313 0.4744 0.8661, 0.4403 0.4744 0.8661, 0.4744 0.2736 0.8661, 0.4403 0.2736 0.8661, 0.313 0.2736 0.8661, 0.2959 0.2834 0.8661, 0.294 0.2882 0.8661, 0.2933 0.2933 0.8661, -1.5748 -0.8662 0.8661, -0.8858 -0.8662 0.8661, -0.7874 -0.69 0.8661, -0.7874 -0.8662 0.8661, -0.2631 -0.69 0.8661, 0.1032 -0.8662 0.8661, 0.2895 -0.8662 0.8661, 0.4403 -0.8662 0.8661, 2.5984 -0.8662 0.8661, 2.4124 -0.8662 0.8661, 1.5748 -0.8662 0.8661, 1.5748 -0.69 0.8661, 0.8858 -0.8662 0.8661, 0.7874 -0.8662 0.8661, -1.2669 -0.5131 0.8661, -1.2717 -0.5112 0.8661, -1.2757 -0.508 0.8661, -1.2789 -0.504 0.8661, -1.2808 -0.3276 0.8661, -1.2789 -0.3228 0.8661, -1.2757 -0.3188 0.8661, -1.2717 -0.3156 0.8661, -1.0906 -0.3156 0.8661, -1.0865 -0.3188 0.8661, -1.0953 -0.3137 0.8661, -1.0807 -0.3327 0.8661, -1.0807 -0.4941 0.8661, -1.0812 -0.4985 0.8661, -1.0833 -0.3228 0.8661, -1.0814 -0.3276 0.8661, -1.0881 -0.5095 0.8661, -1.0919 -0.5118 0.8661, -1.2808 -0.4992 0.8661, -1.2815 -0.4941 0.8661, -1.2815 -0.3327 0.8661, -1.0827 -0.5027 0.8661, -1.085 -0.5064 0.8661, -1.096 -0.5133 0.8661, -1.1004 -0.5138 0.8661, -1.2618 -0.5138 0.8661, -1.2669 -0.3137 0.8661, -1.2618 -0.313 0.8661, -1.1004 -0.313 0.8661, -0.4883 -0.3188 0.8661, -0.4915 -0.3228 0.8661, -0.4934 -0.3276 0.8661, -0.2991 -0.3188 0.8661, -0.2959 -0.3228 0.8661, -0.294 -0.3276 0.8661, -0.2933 -0.3327 0.8661, -0.2933 -0.4941 0.8661, -0.2938 -0.4985 0.8661, -0.4843 -0.5112 0.8661, -0.4883 -0.508 0.8661, -0.4915 -0.504 0.8661, -0.313 -0.313 0.8661, -0.3079 -0.3137 0.8661, -0.3031 -0.3156 0.8661, -0.4934 -0.4992 0.8661, -0.4941 -0.4941 0.8661, -0.4941 -0.3327 0.8661, -0.3086 -0.5133 0.8661, -0.3045 -0.5118 0.8661, -0.3007 -0.5095 0.8661, -0.313 -0.5138 0.8661, -0.4744 -0.5138 0.8661, -0.4795 -0.5131 0.8661, -0.4843 -0.3156 0.8661, -0.4795 -0.3137 0.8661, -0.4744 -0.313 0.8661, -0.2953 -0.5027 0.8661, -0.2976 -0.5064 0.8661, -0.2257 -0.0683 0.8661, -0.2257 0.2029 0.8661, -0.2617 0.1297 0.8661, 1.0953 -0.5131 0.8661, 1.0906 -0.5112 0.8661, 1.0865 -0.508 0.8661, 1.0833 -0.504 0.8661, 1.281 -0.4985 0.8661, 1.2795 -0.5027 0.8661, 1.2717 -0.3156 0.8661, 1.2757 -0.3188 0.8661, 1.5748 -0.0683 0.8661, 1.2789 -0.3228 0.8661, 1.2808 -0.3276 0.8661, 1.2815 -0.3327 0.8661, 1.2815 -0.4941 0.8661, 1.2772 -0.5064 0.8661, 1.2741 -0.5095 0.8661, 1.2704 -0.5118 0.8661, 1.2662 -0.5133 0.8661, 1.2618 -0.5138 0.8661, 1.1004 -0.5138 0.8661, 1.0814 -0.4992 0.8661, 1.0807 -0.4941 0.8661, 1.0807 -0.3327 0.8661, 1.0814 -0.3276 0.8661, 1.0833 -0.3228 0.8661, 1.0865 -0.3188 0.8661, 1.0906 -0.3156 0.8661, 1.0953 -0.3137 0.8661, 1.1004 -0.313 0.8661, 1.2618 -0.313 0.8661, 1.2669 -0.3137 0.8661, 2.0682 -0.4992 0.8661, 2.0663 -0.504 0.8661, 2.0631 -0.508 0.8661, 2.0591 -0.5112 0.8661, 2.0543 -0.5131 0.8661, 2.0492 -0.5138 0.8661, 1.8878 -0.5138 0.8661, 1.8827 -0.5131 0.8661, 1.878 -0.5112 0.8661, 1.8739 -0.508 0.8661, 1.8707 -0.504 0.8661, 2.0591 -0.3156 0.8661, 2.0631 -0.3188 0.8661, 2.0663 -0.3228 0.8661, 2.0682 -0.3276 0.8661, 2.0689 -0.3327 0.8661, 2.0689 -0.4941 0.8661, 1.8739 -0.3188 0.8661, 1.8707 -0.3228 0.8661, 1.8688 -0.3276 0.8661, 1.878 -0.3156 0.8661, 1.8827 -0.3137 0.8661, 1.8878 -0.313 0.8661, 2.0492 -0.313 0.8661, 2.0543 -0.3137 0.8661, 1.8688 -0.4992 0.8661, 1.8681 -0.4941 0.8661, 1.8681 -0.3327 0.8661, -0.06 -0.0671 0.8661, -0.0408 -0.0683 0.8661, -0.06 0.1297 0.8661, -0.0408 0.2029 0.8661, -0.1156 -0.0671 0.8661, -0.144 -0.0641 0.8661, -0.167 -0.056 0.8661, -0.1865 -0.0433 0.8661, -0.1976 0.0931 0.8661, -0.1815 0.1086 0.8661, -0.2087 0.0757 0.8661, -0.2631 -0.8662 0.8661, -0.2257 -0.69 0.8661, -0.1611 0.1206 0.8661, -0.1385 0.1275 0.8661, -0.1135 0.1297 0.8661, -0.1942 -0.0362 0.8661, -0.206 -0.0208 0.8661, -0.2143 -0.0017 0.8661, -0.2181 0.0191 0.8661, -0.2185 0.0288 0.8661, -0.2157 0.0552 0.8661, -0.0168 -0.0671 0.8661, -0.0168 -0.0455 0.8661, -0.0216 0.1081 0.8661, -0.0216 0.1297 0.8661, 0.084 0.1297 0.8661, 0.084 -0.0671 0.8661, 0.0576 0.0409 0.8661, 0.0576 0.1081 0.8661, -0.012 0.0409 0.8661, -0.012 0.0193 0.8661, 0.0576 0.0193 0.8661, 0.0576 -0.0455 0.8661, 2.7559 0.2029 0.8661, 2.7559 -0.0683 0.8661, 2.7559 -0.4134 0.8661, -1.2757 0.2794 0.8661, -1.2789 0.2834 0.8661, -1.2808 0.2882 0.8661, -1.2717 0.4718 0.8661, -1.2757 0.4686 0.8661, -1.2789 0.4646 0.8661, -1.0906 0.4718 0.8661, -1.0865 0.4686 0.8661, -0.7874 0.8268 0.8661, -1.0953 0.4737 0.8661, -1.0807 0.2933 0.8661, -1.0814 0.2882 0.8661, -1.0833 0.2834 0.8661, -1.0865 0.2794 0.8661, -1.0833 0.4646 0.8661, -1.0814 0.4598 0.8661, -1.0807 0.4547 0.8661, -1.2815 0.2933 0.8661, -1.2815 0.4547 0.8661, -1.2808 0.4598 0.8661, -1.2618 0.2736 0.8661, -1.2669 0.2743 0.8661, -1.2717 0.2762 0.8661, -1.0906 0.2762 0.8661, -1.0953 0.2743 0.8661, -1.1004 0.2736 0.8661, -1.2669 0.4737 0.8661, -1.2618 0.4744 0.8661, -1.1004 0.4744 0.8661, -0.4915 0.4646 0.8661, -0.4883 0.4686 0.8661, -0.2933 0.4547 0.8661, -0.2933 0.2933 0.8661, -0.294 0.2882 0.8661, -0.2959 0.2834 0.8661, -0.294 0.4598 0.8661, -0.2631 0.8268 0.8661, -0.2959 0.4646 0.8661, -0.2991 0.4686 0.8661, -0.4843 0.2762 0.8661, -0.4883 0.2794 0.8661, -0.4915 0.2834 0.8661, -0.4934 0.2882 0.8661, -0.2991 0.2794 0.8661, -0.3031 0.2762 0.8661, -0.3079 0.2743 0.8661, -0.313 0.4744 0.8661, -0.3079 0.4737 0.8661, -0.3031 0.4718 0.8661, -0.4941 0.2933 0.8661, -0.4941 0.4547 0.8661, -0.4934 0.4598 0.8661, -0.4843 0.4718 0.8661, -0.4795 0.4737 0.8661, -0.4744 0.4744 0.8661, -0.313 0.2736 0.8661, -0.4744 0.2736 0.8661, -0.4795 0.2743 0.8661, 0.1032 0.8268 0.8661, -0.0408 0.8268 0.8661, -0.2257 0.8268 0.8661, 1.0833 0.2834 0.8661, 1.0814 0.2882 0.8661, 1.1004 0.2736 0.8661, 1.0953 0.2743 0.8661, 1.2757 0.4686 0.8661, 1.5748 0.8268 0.8661, 1.2717 0.4718 0.8661, 1.2669 0.4737 0.8661, 1.2815 0.2933 0.8661, 1.2808 0.2882 0.8661, 1.5748 0.2029 0.8661, 1.2789 0.2834 0.8661, 1.2757 0.2794 0.8661, 1.2789 0.4646 0.8661, 1.2808 0.4598 0.8661, 1.2815 0.4547 0.8661, 1.2717 0.2762 0.8661, 1.2669 0.2743 0.8661, 1.2618 0.2736 0.8661, 1.0906 0.2762 0.8661, 1.0865 0.2794 0.8661, 1.0814 0.4598 0.8661, 1.0807 0.4547 0.8661, 1.0807 0.2933 0.8661, 1.0833 0.4646 0.8661, 1.0865 0.4686 0.8661, 1.0906 0.4718 0.8661, 1.0953 0.4737 0.8661, 1.1004 0.4744 0.8661, 1.2618 0.4744 0.8661, 2.0631 0.4686 0.8661, 2.0591 0.4718 0.8661, 2.0543 0.4737 0.8661, 2.0689 0.2933 0.8661, 2.0682 0.2882 0.8661, 2.0663 0.2834 0.8661, 2.0631 0.2794 0.8661, 1.8707 0.4646 0.8661, 1.8739 0.4686 0.8661, 1.8878 0.4744 0.8661, 2.0492 0.4744 0.8661, 2.0663 0.4646 0.8661, 2.0682 0.4598 0.8661, 2.0689 0.4547 0.8661, 1.8827 0.2743 0.8661, 1.878 0.2762 0.8661, 1.878 0.4718 0.8661, 1.8827 0.4737 0.8661, 1.8878 0.2736 0.8661, 2.0591 0.2762 0.8661, 2.0543 0.2743 0.8661, 2.0492 0.2736 0.8661, 1.8739 0.2794 0.8661, 1.8707 0.2834 0.8661, 1.8688 0.2882 0.8661, 1.8681 0.2933 0.8661, 1.8681 0.4547 0.8661, 1.8688 0.4598 0.8661, 2.2343 1.2205 0.122, 2.4902 1.2205 0.122, 2.2343 -0.8268 0.122, 2.4902 -0.8268 0.122, 2.2343 -0.8268 0.2008, 2.4902 -0.8268 0.2008, -1.8504 -1.1614 2.4409, -1.8504 -1.1811 2.4409, -0.5512 -1.1811 2.4409, -2.7559 -0.9843 2.4409, -2.7559 -1.1811 2.4409, -2.0866 -1.1811 2.4409, -2.0866 -1.1614 2.4409, -0.5512 -0.9843 2.4409, -1.9685 -1.1811 2.2364, -2.7559 -1.1811 0.2795, -0.5512 -1.1811 1.2815, -0.8858 -1.1811 1.2815, -0.8858 -1.1811 0.2795, 2.0689 -0.9843 0.2008, 2.7559 -0.9843 0.2008, 2.7559 -0.9843 0.2795, 0.8858 -0.9843 0.2795, 1.0807 -0.9843 0.2008, 0.8858 -0.9843 0.2008, 1.2808 -0.9843 0.1862, 1.2815 -0.9843 0.1811, 1.2815 -0.9843 0.2008, 1.8681 -0.9843 0.2008, 2.0682 -0.9843 0.1862, 2.0689 -0.9843 0.1811, 1.0807 -0.9843 0.1811, 1.0814 -0.9843 0.1862, 1.8681 -0.9843 0.1811, 1.8688 -0.9843 0.1862, 1.2717 -0.9843 0.1981, 1.2757 -0.9843 0.195, 1.2789 -0.9843 0.1909, 1.0833 -0.9843 0.1909, 1.0865 -0.9843 0.195, 1.0906 -0.9843 0.1981, 1.0953 -0.9843 0.2001, 1.1004 -0.9843 0.2008, 1.2618 -0.9843 0.2008, 1.2669 -0.9843 0.2001, 2.0591 -0.9843 0.1981, 2.0631 -0.9843 0.195, 2.0663 -0.9843 0.1909, 1.8707 -0.9843 0.1909, 1.8739 -0.9843 0.195, 1.878 -0.9843 0.1981, 1.8827 -0.9843 0.2001, 1.8878 -0.9843 0.2008, 2.0492 -0.9843 0.2008, 2.0543 -0.9843 0.2001, 0.5512 -0.9843 2.4409, 0.5512 -1.1811 2.4409, 2.7559 -0.9843 2.4409, 2.7559 -1.1811 2.4409, 0.8858 -1.1811 0.2795, 2.7559 -1.1811 0.2795, 0.8858 -1.1811 1.2815, 0.5512 -1.1811 1.2815, 0.8858 -0.8662 1.2815, 0.5512 -0.8662 1.2815, 0.5512 -0.8662 2.3228, 1.1273 -0.8662 0.8661, 2.5984 -0.8662 1.6535, 2.7559 -0.8662 2.3228, 2.7559 -0.8662 1.6535, 2.7559 0.9449 2.4409, 2.7559 0.8268 2.3228, 2.7559 0.8268 1.6535, 2.7559 0.374 1.5354, 2.7559 0.4921 1.6535, 2.7559 0.4615 1.6495, 2.7559 0.4331 1.6377, 2.7559 0.1309 0.8661, 2.7559 0.4086 1.6189, 2.7559 0.3898 1.5945, 2.7559 0.378 1.566, 2.7559 -0.4725 1.6377, 2.7559 -0.4174 1.566, 2.7559 -0.448 1.6189, 2.7559 -0.4292 1.5945, 2.7559 -0.1913 0.8661, 2.7559 -0.4134 1.5354, 2.7559 -0.5315 1.6535, 2.7559 -0.5009 1.6495, -2.7559 -0.9843 0.2008, -2.7559 -0.9843 0.2795, -2.7559 -0.8662 2.3228, -2.7559 -0.8662 1.6535, -2.7559 -0.4134 1.5354, -2.7559 -0.5315 1.6535, -2.7559 -0.5009 1.6495, -2.7559 0.9449 2.4409, -2.7559 0.8268 2.3228, -2.7559 0.8268 1.6535, -2.7559 -0.4725 1.6377, -2.7559 -0.448 1.6189, -2.7559 -0.1913 0.8661, -2.7559 0.1309 0.8661, -2.7559 0.4615 1.6495, -2.7559 0.4921 1.6535, -2.7559 0.374 1.5354, -2.7559 -0.4292 1.5945, -2.7559 -0.4174 1.566, -2.7559 0.3898 1.5945, -2.7559 0.4086 1.6189, -2.7559 0.4331 1.6377, -2.7559 0.378 1.566, -0.8858 -0.9843 0.2008, -0.8858 -0.9843 0.2795, -1.0807 -0.9843 0.2008, -1.8688 -0.9843 0.1862, -1.8681 -0.9843 0.1811, -1.8681 -0.9843 0.2008, -2.0689 -0.9843 0.2008, -2.0689 -0.9843 0.1811, -2.0682 -0.9843 0.1862, -2.0663 -0.9843 0.1909, -2.0631 -0.9843 0.195, -2.0591 -0.9843 0.1981, -1.8827 -0.9843 0.2001, -1.878 -0.9843 0.1981, -1.0906 -0.9843 0.1981, -1.0865 -0.9843 0.195, -1.2815 -0.9843 0.2008, -1.2815 -0.9843 0.1811, -1.2808 -0.9843 0.1862, -1.8739 -0.9843 0.195, -1.8707 -0.9843 0.1909, -1.0833 -0.9843 0.1909, -1.0814 -0.9843 0.1862, -1.0807 -0.9843 0.1811, -1.2789 -0.9843 0.1909, -1.2757 -0.9843 0.195, -1.2717 -0.9843 0.1981, -1.8878 -0.9843 0.2008, -2.0492 -0.9843 0.2008, -2.0543 -0.9843 0.2001, -1.2669 -0.9843 0.2001, -1.2618 -0.9843 0.2008, -1.1004 -0.9843 0.2008, -1.0953 -0.9843 0.2001, 2.5984 -0.4134 1.5354, 2.5984 -0.448 1.6189, 2.5984 -0.4292 1.5945, 2.5984 -0.4725 1.6377, 2.5984 -0.5009 1.6495, 2.5984 -0.5315 1.6535, 2.5984 -0.4174 1.566, -2.5984 -0.8662 1.6535, -2.5984 -0.5315 1.6535, -2.5984 -0.4134 1.5354, -2.5984 -0.5009 1.6495, -2.5984 -0.4292 1.5945, -2.5984 -0.448 1.6189, -2.5984 -0.4725 1.6377, -2.5984 -0.4174 1.566, -2.4902 -0.8268 0.122, -2.4902 1.2205 0.122, -2.2343 -0.8268 0.122, -2.2343 1.2205 0.122, 2.5984 0.8268 1.6535, 2.5984 0.374 1.5354, 2.5984 0.4331 1.6377, 2.5984 0.4615 1.6495, 2.5984 0.4921 1.6535, 2.5984 0.4086 1.6189, 2.5984 0.378 1.566, 2.5984 0.3898 1.5945, -0.5512 -0.8662 2.3228, -0.5512 -0.8662 1.2815, -0.8858 -0.8662 1.2815, -2.5984 0.8268 1.6535, -2.5984 0.4921 1.6535, -2.5984 0.374 1.5354, -2.5984 0.4615 1.6495, -2.5984 0.4331 1.6377, -2.5984 0.4086 1.6189, -2.5984 0.3898 1.5945, -2.5984 0.378 1.566, 1.0413 0.8268 1.811, 1.0413 0.8268 2.126, 0.1358 0.8268 2.126, -0.1358 0.8268 2.126, 0.1358 0.8268 1.811, -0.1358 0.8268 1.811, 1.1273 0.8268 0.8661, 0.2773 0.8268 0.8661, -1.0413 0.8268 2.126, -1.0413 0.8268 1.811, -2.4902 1.2205 0.7126, -2.4902 -0.8268 0.2008, -0.8858 -0.8662 0.2008, -2.2343 -0.8268 0.2008, -0.4941 -0.8662 0.2008, -0.4941 -0.3327 0.2008, -1.2815 -0.3327 0.2008, -1.8681 -0.3327 0.2008, -1.8688 -0.3276 0.2008, -1.8707 -0.3228 0.2008, -0.4941 0.2933 0.2008, -0.4934 -0.3276 0.2008, -0.4915 -0.3228 0.2008, -0.2933 -0.8662 0.2008, 0.2933 -0.8662 0.2008, 0.2933 -0.3327 0.2008, -2.0689 0.2933 0.2008, -1.8739 -0.3188 0.2008, -1.878 -0.3156 0.2008, -1.8707 0.2834 0.2008, -1.2717 -0.3156 0.2008, -1.2757 -0.3188 0.2008, -1.2789 0.2834 0.2008, -1.2789 -0.3228 0.2008, -1.2808 0.2882 0.2008, -0.4883 -0.3188 0.2008, -0.4934 0.2882 0.2008, -0.2991 0.2794 0.2008, -0.2959 0.2834 0.2008, 0.8858 -0.8662 0.2008, 1.0814 0.2882 0.2008, 1.0833 0.2834 0.2008, -2.0663 -0.3228 0.2008, -2.0682 -0.3276 0.2008, -2.0689 -0.3327 0.2008, -1.8688 0.2882 0.2008, -1.8681 0.2933 0.2008, -1.2815 0.2933 0.2008, -1.2808 -0.3276 0.2008, -0.294 0.2882 0.2008, -0.2933 0.2933 0.2008, 0.2933 0.2933 0.2008, 0.4941 0.2933 0.2008, 0.294 -0.3276 0.2008, 0.2959 -0.3228 0.2008, -2.0682 0.2882 0.2008, -2.0663 0.2834 0.2008, -2.0631 -0.3188 0.2008, -2.0591 -0.3156 0.2008, -1.0865 -0.3188 0.2008, -1.0906 -0.3156 0.2008, -1.0865 0.2794 0.2008, -1.0833 0.2834 0.2008, 0.2991 -0.3188 0.2008, 0.294 0.2882 0.2008, -1.0814 0.2882 0.2008, -1.0807 0.2933 0.2008, -0.2933 -0.3327 0.2008, -0.294 -0.3276 0.2008, -0.2959 -0.3228 0.2008, 0.4941 -0.8662 0.2008, 0.4941 -0.3327 0.2008, 0.4934 -0.3276 0.2008, 0.4883 -0.3188 0.2008, 0.4843 -0.3156 0.2008, 0.4915 0.2834 0.2008, 0.4915 -0.3228 0.2008, 1.0807 0.2933 0.2008, 1.2815 0.2933 0.2008, 1.2808 0.2882 0.2008, 1.8681 -0.3327 0.2008, 0.4934 0.2882 0.2008, 1.2815 -0.3327 0.2008, 1.2808 -0.3276 0.2008, 1.2789 -0.3228 0.2008, 1.2789 0.2834 0.2008, 1.0814 -0.3276 0.2008, 1.0807 -0.3327 0.2008, 1.8681 0.2933 0.2008, 1.8688 -0.3276 0.2008, 1.8707 -0.3228 0.2008, -1.0807 -0.3327 0.2008, -1.0814 -0.3276 0.2008, -1.0833 -0.3228 0.2008, 1.2757 0.2794 0.2008, 1.2757 -0.3188 0.2008, 1.2717 -0.3156 0.2008, 1.8739 -0.3188 0.2008, 1.8688 0.2882 0.2008, 2.0631 0.2794 0.2008, 2.0663 0.2834 0.2008, -0.2991 -0.3188 0.2008, -0.3031 -0.3156 0.2008, -0.3031 0.2762 0.2008, -0.3079 -0.3137 0.2008, -0.3079 0.2743 0.2008, -0.313 -0.313 0.2008, 0.4795 -0.3137 0.2008, 0.4843 0.2762 0.2008, 0.4883 0.2794 0.2008, 2.0682 0.2882 0.2008, 2.0689 0.2933 0.2008, -1.8878 -0.313 0.2008, -1.8827 0.2743 0.2008, -1.8827 -0.3137 0.2008, -1.878 0.2762 0.2008, -1.8739 0.2794 0.2008, 1.0906 -0.3156 0.2008, 1.0865 -0.3188 0.2008, 1.0833 -0.3228 0.2008, 2.0689 -0.3327 0.2008, 2.0682 -0.3276 0.2008, 2.0663 -0.3228 0.2008, 2.0631 -0.3188 0.2008, 1.8707 0.2834 0.2008, 1.8739 0.2794 0.2008, 1.878 -0.3156 0.2008, 1.8827 -0.3137 0.2008, 2.0591 -0.3156 0.2008, 2.0543 -0.3137 0.2008, 2.0591 0.2762 0.2008, 2.0543 0.2743 0.2008, -0.4915 0.2834 0.2008, -0.4883 0.2794 0.2008, -0.4843 -0.3156 0.2008, -0.4843 0.2762 0.2008, -0.4795 -0.3137 0.2008, -0.4795 0.2743 0.2008, -0.4744 -0.313 0.2008, -0.4744 0.2736 0.2008, -0.313 0.2736 0.2008, -2.0631 0.2794 0.2008, -2.0591 0.2762 0.2008, -2.0543 -0.3137 0.2008, -2.0543 0.2743 0.2008, -2.0492 -0.313 0.2008, -2.0492 0.2736 0.2008, -1.8878 0.2736 0.2008, -1.2757 0.2794 0.2008, -1.2717 0.2762 0.2008, -1.2669 -0.3137 0.2008, -1.2669 0.2743 0.2008, -1.2618 -0.313 0.2008, -1.2618 0.2736 0.2008, -1.1004 -0.313 0.2008, -1.1004 0.2736 0.2008, -1.0953 -0.3137 0.2008, -1.0953 0.2743 0.2008, -1.0906 0.2762 0.2008, 1.1004 -0.313 0.2008, 1.0953 -0.3137 0.2008, 1.1004 0.2736 0.2008, 1.878 0.2762 0.2008, 1.8827 0.2743 0.2008, 1.8878 0.2736 0.2008, 1.0865 0.2794 0.2008, 1.0906 0.2762 0.2008, 1.0953 0.2743 0.2008, 0.2959 0.2834 0.2008, 0.2991 0.2794 0.2008, 0.3031 -0.3156 0.2008, 0.3031 0.2762 0.2008, 0.3079 -0.3137 0.2008, 0.3079 0.2743 0.2008, 0.313 -0.313 0.2008, 0.313 0.2736 0.2008, 0.4744 -0.313 0.2008, 0.4744 0.2736 0.2008, 0.4795 0.2743 0.2008, 2.0492 0.2736 0.2008, 2.0492 -0.313 0.2008, 1.8878 -0.313 0.2008, 1.2618 -0.313 0.2008, 1.2618 0.2736 0.2008, 1.2669 -0.3137 0.2008, 1.2669 0.2743 0.2008, 1.2717 0.2762 0.2008, 2.4902 1.2205 0.7126, -0.3031 -0.8662 0.1981, -0.2991 -0.8662 0.195, -0.3079 -0.8662 0.2001, -0.2959 -0.8662 0.1909, -0.294 -0.8662 0.1862, -0.2933 -0.8662 0.1811, -0.4941 -0.8662 0.1811, -0.4934 -0.8662 0.1862, -0.4915 -0.8662 0.1909, 0.4843 -0.8662 0.1981, 0.4883 -0.8662 0.195, 0.3031 -0.8662 0.1981, 0.3079 -0.8662 0.2001, -0.4744 -0.8662 0.2008, -0.313 -0.8662 0.2008, 0.4915 -0.8662 0.1909, 0.4934 -0.8662 0.1862, 0.4941 -0.8662 0.1811, 0.2933 -0.8662 0.1811, 0.294 -0.8662 0.1862, 0.2959 -0.8662 0.1909, 0.2991 -0.8662 0.195, 0.313 -0.8662 0.2008, 0.4744 -0.8662 0.2008, 0.4795 -0.8662 0.2001, -0.4883 -0.8662 0.195, -0.4843 -0.8662 0.1981, -0.4795 -0.8662 0.2001, 1.0413 1.2205 2.2441, 1.0413 1.2205 1.3031, 0.1358 1.2205 1.3031, 0.1358 1.2205 2.2441, -0.1358 1.2205 2.2441, -0.1358 1.2205 1.3031, -1.0413 1.2205 1.3031, -1.0413 1.2205 2.2441, -1.9685 -1.1614 2.2364, 2.2343 1.2205 0.7126, 1.7028 1.2205 0.7126, 2.4902 1.2205 1.3031, 2.4902 1.2205 2.2441, 2.2185 1.2205 1.3031, 2.2185 1.2205 2.2441, -2.2343 1.2205 0.7126, 1.313 1.2205 1.3031, 1.313 1.2205 2.2441, -1.313 1.2205 1.3031, -1.313 1.2205 2.2441, -2.2343 1.2205 1.3031, -2.2343 1.2205 2.2441, -2.4902 1.2205 1.3031, -2.4902 1.2205 2.2441, 1.4469 1.2205 0.7126, 0.9154 1.2205 0.7126, 0.6594 1.2205 0.7126, 0.128 1.2205 0.7126, -0.128 1.2205 0.7126, -0.6594 1.2205 0.7126, -0.9154 1.2205 0.7126, -1.4468 1.2205 0.7126, -1.7028 1.2205 0.7126, 1.4469 1.2205 2.2441, 1.4469 1.2205 1.3031, 1.7028 1.2205 2.2441, 1.7028 1.2205 1.3031, -1.7028 1.2205 2.2441, -1.7028 1.2205 1.3031, -1.4468 1.2205 2.2441, -1.4468 1.2205 1.3031
            ]
        }
        coordIndex [
            0,1,2,-1,3,4,5,-1,6,7,8,-1,9,10,11,-1,12,13,14,-1,15,16,17,-1,18,19,20,-1,21,22,23,-1,23,22,24,-1,23,24,25,-1,25,26,23,-1,23,26,27,-1,23,27,28,-1,14,29,12,-1,12,29,30,-1,12,30,31,-1,32,33,9,-1,16,34,35,-1,36,37,6,-1,38,39,12,-1,40,41,42,-1,32,9,43,-1,44,45,46,-1,46,45,47,-1,46,47,48,-1,48,47,49,-1,50,51,17,-1,17,51,52,-1,17,52,15,-1,31,53,12,-1,12,53,54,-1,12,54,38,-1,38,54,55,-1,38,55,21,-1,45,11,56,-1,56,11,38,-1,56,38,57,-1,58,48,59,-1,59,48,49,-1,59,49,60,-1,61,62,63,-1,64,65,66,-1,67,68,18,-1,37,69,6,-1,6,69,70,-1,6,70,71,-1,72,73,74,-1,74,73,75,-1,21,23,38,-1,38,23,76,-1,38,76,57,-1,77,78,42,-1,42,78,79,-1,42,79,80,-1,81,82,11,-1,83,84,85,-1,85,84,86,-1,85,86,48,-1,48,86,87,-1,48,87,46,-1,61,63,88,-1,20,89,16,-1,16,89,90,-1,16,90,91,-1,92,93,20,-1,94,95,9,-1,9,95,96,-1,9,96,43,-1,97,98,58,-1,58,98,99,-1,58,99,48,-1,48,99,100,-1,52,88,15,-1,15,88,63,-1,15,63,57,-1,57,63,60,-1,57,60,56,-1,56,60,49,-1,101,102,103,-1,68,104,18,-1,18,104,105,-1,18,105,106,-1,107,108,66,-1,66,108,109,-1,66,109,110,-1,111,8,112,-1,112,8,74,-1,112,74,113,-1,113,74,75,-1,80,81,42,-1,42,81,11,-1,42,11,40,-1,40,11,45,-1,40,45,84,-1,84,45,44,-1,84,44,86,-1,114,34,115,-1,115,34,116,-1,110,92,66,-1,66,92,20,-1,66,20,64,-1,64,20,16,-1,64,16,8,-1,8,16,15,-1,8,15,74,-1,74,15,117,-1,111,118,8,-1,8,118,119,-1,8,119,6,-1,6,119,120,-1,6,120,36,-1,82,121,11,-1,11,121,122,-1,11,122,9,-1,9,122,123,-1,9,123,94,-1,91,124,125,-1,126,127,16,-1,93,128,20,-1,20,128,129,-1,20,129,18,-1,18,129,130,-1,18,130,67,-1,16,127,34,-1,34,127,131,-1,34,131,116,-1,125,132,91,-1,91,132,133,-1,91,133,16,-1,16,133,134,-1,16,134,135,-1,135,136,16,-1,16,136,137,-1,16,137,126,-1,102,16,103,-1,103,16,35,-1,103,35,138,-1,138,35,139,-1,140,141,142,-1,141,5,143,-1,144,145,138,-1,138,145,146,-1,138,146,103,-1,103,146,147,-1,103,147,148,-1,149,150,0,-1,151,152,3,-1,153,154,143,-1,143,154,0,-1,143,0,141,-1,141,0,150,-1,155,140,156,-1,156,140,157,-1,158,159,3,-1,3,159,160,-1,3,160,151,-1,5,161,3,-1,3,161,162,-1,3,162,158,-1,155,163,140,-1,140,163,164,-1,140,164,141,-1,141,164,165,-1,141,165,5,-1,5,165,166,-1,5,166,161,-1,167,140,144,-1,144,140,142,-1,144,142,145,-1,145,142,149,-1,145,149,148,-1,148,149,0,-1,148,0,103,-1,103,0,2,-1,2,168,103,-1,103,168,48,-1,103,48,101,-1,101,48,100,-1,101,100,169,-1,169,100,170,-1,171,172,173,-1,173,172,174,-1,175,176,177,-1,177,176,178,-1,179,180,181,-1,181,180,182,-1,183,184,185,-1,185,184,186,-1,187,188,189,-1,189,188,190,-1,173,174,191,-1,191,174,192,-1,193,194,177,-1,177,194,175,-1,195,196,181,-1,181,196,179,-1,197,198,185,-1,185,198,183,-1,199,200,189,-1,189,200,187,-1,201,202,203,-1,204,205,201,-1,206,207,208,-1,209,210,203,-1,211,212,213,-1,214,215,216,-1,216,215,217,-1,216,217,218,-1,219,220,221,-1,221,220,222,-1,221,222,223,-1,224,225,217,-1,217,225,203,-1,217,203,218,-1,218,203,210,-1,211,226,212,-1,212,226,227,-1,212,227,228,-1,223,229,221,-1,221,229,230,-1,221,230,231,-1,228,232,212,-1,212,232,233,-1,212,233,234,-1,214,235,215,-1,215,235,236,-1,215,236,237,-1,237,238,215,-1,215,238,239,-1,215,239,240,-1,240,241,215,-1,215,241,242,-1,215,242,243,-1,244,245,246,-1,246,245,247,-1,243,248,215,-1,215,248,245,-1,215,245,249,-1,249,245,244,-1,224,250,225,-1,225,250,251,-1,225,251,252,-1,253,221,254,-1,252,211,225,-1,225,211,213,-1,225,213,255,-1,255,213,256,-1,255,256,257,-1,257,256,258,-1,257,258,254,-1,254,258,259,-1,254,259,253,-1,234,219,212,-1,212,219,221,-1,212,221,260,-1,260,221,253,-1,260,253,261,-1,262,263,264,-1,265,266,267,-1,267,266,268,-1,267,268,269,-1,207,270,208,-1,208,270,269,-1,208,269,271,-1,271,269,268,-1,271,268,272,-1,273,274,275,-1,275,274,276,-1,275,276,277,-1,278,279,280,-1,280,279,281,-1,282,283,284,-1,285,286,287,-1,287,286,288,-1,289,282,290,-1,290,282,272,-1,290,272,291,-1,289,292,282,-1,282,292,293,-1,282,293,294,-1,294,295,282,-1,282,295,296,-1,282,296,297,-1,298,299,287,-1,300,298,301,-1,301,298,302,-1,297,303,282,-1,282,303,304,-1,282,304,283,-1,283,304,305,-1,283,305,287,-1,287,305,306,-1,287,306,285,-1,307,308,272,-1,308,309,272,-1,272,309,310,-1,272,310,291,-1,288,311,287,-1,287,311,312,-1,287,312,298,-1,298,312,313,-1,298,313,302,-1,314,315,272,-1,272,315,316,-1,272,316,307,-1,317,318,319,-1,320,321,322,-1,322,321,323,-1,322,323,324,-1,318,325,319,-1,319,325,326,-1,319,326,327,-1,328,329,330,-1,330,329,331,-1,332,333,334,-1,334,335,319,-1,319,335,336,-1,319,336,317,-1,333,337,334,-1,334,337,338,-1,334,338,335,-1,324,339,322,-1,322,339,340,-1,322,340,329,-1,329,340,341,-1,329,341,331,-1,327,342,319,-1,319,342,343,-1,319,343,344,-1,320,322,345,-1,345,322,346,-1,345,346,347,-1,328,348,329,-1,329,348,349,-1,329,349,334,-1,334,349,350,-1,334,350,332,-1,209,203,351,-1,351,203,202,-1,351,202,352,-1,353,354,355,-1,353,355,356,-1,357,358,254,-1,359,360,361,-1,361,360,362,-1,354,363,355,-1,355,363,364,-1,355,364,361,-1,361,364,365,-1,361,365,359,-1,366,367,368,-1,368,367,361,-1,368,361,369,-1,369,361,362,-1,370,371,372,-1,370,372,373,-1,221,374,375,-1,366,376,367,-1,367,376,377,-1,367,377,372,-1,372,377,378,-1,372,378,373,-1,379,380,221,-1,221,380,381,-1,221,381,374,-1,371,382,372,-1,372,382,383,-1,372,383,384,-1,352,202,231,-1,231,202,372,-1,231,372,221,-1,221,372,384,-1,221,384,379,-1,375,385,221,-1,221,385,386,-1,221,386,254,-1,254,386,387,-1,254,387,357,-1,388,389,390,-1,391,392,393,-1,394,395,257,-1,390,389,396,-1,396,389,397,-1,396,397,398,-1,398,399,396,-1,396,399,400,-1,396,400,393,-1,393,400,401,-1,393,401,391,-1,392,402,393,-1,393,402,403,-1,393,403,394,-1,404,405,255,-1,404,255,406,-1,407,408,409,-1,408,410,409,-1,409,410,411,-1,409,411,412,-1,412,413,409,-1,409,413,414,-1,409,414,390,-1,390,414,415,-1,390,415,388,-1,395,416,257,-1,257,416,417,-1,257,417,255,-1,255,417,418,-1,255,418,406,-1,405,419,255,-1,255,419,420,-1,255,420,421,-1,284,422,282,-1,282,422,423,-1,282,423,424,-1,424,423,425,-1,424,425,426,-1,201,205,202,-1,202,205,427,-1,202,427,372,-1,372,427,428,-1,372,428,367,-1,367,428,429,-1,367,429,361,-1,430,279,431,-1,431,279,278,-1,431,278,432,-1,432,278,433,-1,432,433,434,-1,434,433,361,-1,434,361,435,-1,435,361,429,-1,436,437,282,-1,282,437,438,-1,282,438,439,-1,440,441,272,-1,272,441,442,-1,272,442,443,-1,444,445,271,-1,444,271,446,-1,271,447,424,-1,424,447,448,-1,424,448,449,-1,445,450,271,-1,271,450,451,-1,271,451,447,-1,424,452,453,-1,439,454,282,-1,282,454,455,-1,282,455,272,-1,272,455,456,-1,272,456,440,-1,449,457,424,-1,424,457,458,-1,424,458,452,-1,453,459,424,-1,424,459,460,-1,424,460,282,-1,282,460,461,-1,282,461,436,-1,443,462,272,-1,272,462,463,-1,272,463,271,-1,271,463,464,-1,271,464,446,-1,465,271,466,-1,466,271,467,-1,468,469,208,-1,208,469,470,-1,208,470,471,-1,472,473,426,-1,474,475,424,-1,424,475,476,-1,472,426,471,-1,477,478,208,-1,208,478,479,-1,208,479,468,-1,476,480,424,-1,424,480,481,-1,424,481,271,-1,271,481,482,-1,271,482,467,-1,483,426,484,-1,484,426,485,-1,483,486,426,-1,426,486,487,-1,426,487,424,-1,424,487,488,-1,424,488,474,-1,465,489,271,-1,271,489,490,-1,271,490,208,-1,208,490,491,-1,208,491,477,-1,473,492,426,-1,426,492,493,-1,426,493,485,-1,471,426,208,-1,208,426,494,-1,208,494,206,-1,206,494,495,-1,206,495,496,-1,496,495,266,-1,496,266,264,-1,264,266,265,-1,264,265,262,-1,497,498,361,-1,361,498,499,-1,361,499,500,-1,433,501,502,-1,503,504,505,-1,505,504,506,-1,506,507,505,-1,505,507,508,-1,505,508,433,-1,433,508,509,-1,433,509,501,-1,502,510,433,-1,433,510,511,-1,433,511,512,-1,512,513,433,-1,433,513,514,-1,433,514,361,-1,361,514,515,-1,361,515,497,-1,500,516,361,-1,361,516,517,-1,361,517,355,-1,355,517,518,-1,518,519,355,-1,355,519,520,-1,355,520,521,-1,521,522,355,-1,355,522,523,-1,355,523,524,-1,524,525,505,-1,505,525,526,-1,505,526,503,-1,527,528,278,-1,278,528,529,-1,278,529,530,-1,530,531,278,-1,278,531,532,-1,278,532,433,-1,433,532,533,-1,433,533,534,-1,534,535,433,-1,433,535,536,-1,433,536,537,-1,538,539,280,-1,280,539,540,-1,540,541,280,-1,280,541,542,-1,280,542,278,-1,278,542,543,-1,278,543,527,-1,544,505,545,-1,545,505,546,-1,544,547,505,-1,505,547,548,-1,505,548,549,-1,549,550,280,-1,280,550,551,-1,280,551,538,-1,537,552,433,-1,433,552,553,-1,433,553,505,-1,505,553,554,-1,505,554,546,-1,298,319,347,-1,347,319,344,-1,347,344,345,-1,555,556,557,-1,557,556,558,-1,559,560,494,-1,494,560,561,-1,494,561,562,-1,563,564,495,-1,563,495,565,-1,425,566,426,-1,426,566,567,-1,426,567,494,-1,494,567,556,-1,494,556,559,-1,559,556,555,-1,564,568,495,-1,495,568,569,-1,495,569,558,-1,558,569,570,-1,558,570,557,-1,562,571,494,-1,494,571,572,-1,494,572,573,-1,573,574,494,-1,494,574,575,-1,494,575,495,-1,495,575,576,-1,495,576,565,-1,566,204,567,-1,567,204,201,-1,567,201,556,-1,556,201,203,-1,556,203,577,-1,577,578,556,-1,556,578,579,-1,556,579,558,-1,558,579,580,-1,558,580,225,-1,225,580,581,-1,225,581,203,-1,203,581,582,-1,203,582,577,-1,583,584,585,-1,585,584,579,-1,585,579,586,-1,586,579,578,-1,586,578,587,-1,587,578,588,-1,394,257,393,-1,393,257,254,-1,393,254,355,-1,355,254,358,-1,355,358,356,-1,277,276,589,-1,589,276,280,-1,589,280,590,-1,590,280,281,-1,590,281,591,-1,592,593,319,-1,319,593,594,-1,595,334,596,-1,596,334,597,-1,598,599,600,-1,598,600,601,-1,602,603,268,-1,268,603,604,-1,268,604,605,-1,599,606,600,-1,600,606,607,-1,600,607,268,-1,268,607,608,-1,268,608,602,-1,594,609,319,-1,319,609,610,-1,319,610,334,-1,334,610,611,-1,334,611,597,-1,612,613,319,-1,319,613,614,-1,319,614,592,-1,605,615,268,-1,268,615,616,-1,268,616,617,-1,595,618,334,-1,334,618,619,-1,334,619,600,-1,600,619,620,-1,600,620,601,-1,300,314,298,-1,298,314,272,-1,298,272,319,-1,319,272,268,-1,319,268,612,-1,612,268,617,-1,621,622,600,-1,623,624,266,-1,266,624,625,-1,266,625,626,-1,627,628,629,-1,629,628,630,-1,631,632,268,-1,268,632,633,-1,268,633,634,-1,626,635,266,-1,266,635,636,-1,266,636,637,-1,638,639,628,-1,628,639,640,-1,628,640,630,-1,634,641,268,-1,268,641,642,-1,268,642,600,-1,600,642,643,-1,600,643,621,-1,622,644,600,-1,600,644,645,-1,600,645,628,-1,628,645,646,-1,628,646,638,-1,637,647,266,-1,266,647,648,-1,266,648,268,-1,268,648,649,-1,268,649,631,-1,421,407,255,-1,255,407,409,-1,255,409,225,-1,225,409,650,-1,225,650,558,-1,558,650,651,-1,558,651,495,-1,495,651,652,-1,495,652,266,-1,266,652,628,-1,266,628,623,-1,623,628,627,-1,393,653,654,-1,655,656,393,-1,657,658,659,-1,659,658,660,-1,661,662,663,-1,663,662,664,-1,663,664,665,-1,657,666,658,-1,658,666,667,-1,658,667,663,-1,663,667,668,-1,663,668,661,-1,665,669,663,-1,663,669,670,-1,663,670,671,-1,656,672,393,-1,393,672,673,-1,393,673,653,-1,674,396,675,-1,675,396,393,-1,675,393,676,-1,676,393,654,-1,674,677,396,-1,396,677,678,-1,396,678,679,-1,679,680,396,-1,396,680,681,-1,396,681,658,-1,658,681,682,-1,658,682,660,-1,524,505,355,-1,355,505,663,-1,355,663,393,-1,393,663,671,-1,393,671,655,-1,683,274,684,-1,684,274,685,-1,686,687,276,-1,276,687,688,-1,276,688,689,-1,690,691,658,-1,658,692,274,-1,274,692,693,-1,274,693,685,-1,683,694,274,-1,274,694,695,-1,274,695,276,-1,276,695,696,-1,276,696,686,-1,663,697,698,-1,691,699,658,-1,658,699,700,-1,658,700,692,-1,697,663,701,-1,689,702,276,-1,276,702,703,-1,276,703,704,-1,549,280,505,-1,505,280,276,-1,505,276,663,-1,663,276,704,-1,663,704,701,-1,698,705,663,-1,663,705,706,-1,663,706,707,-1,707,708,663,-1,663,708,709,-1,663,709,658,-1,658,709,710,-1,658,710,690,-1,711,712,713,-1,713,712,714,-1,713,714,715,-1,715,714,716,-1,717,718,719,-1,720,721,722,-1,722,723,720,-1,720,723,717,-1,720,717,724,-1,724,717,719,-1,722,721,725,-1,725,721,726,-1,719,718,725,-1,727,719,728,-1,728,719,725,-1,728,725,729,-1,729,725,726,-1,730,731,732,-1,732,733,734,-1,734,733,735,-1,736,737,738,-1,738,739,732,-1,740,741,730,-1,734,742,743,-1,739,744,745,-1,746,747,738,-1,738,747,748,-1,738,748,736,-1,743,749,734,-1,734,749,750,-1,734,750,751,-1,751,752,734,-1,734,752,753,-1,734,753,732,-1,732,753,754,-1,732,754,738,-1,738,754,755,-1,738,755,746,-1,756,757,730,-1,730,757,758,-1,730,758,740,-1,745,759,739,-1,739,759,760,-1,739,760,761,-1,761,762,739,-1,739,762,763,-1,739,763,732,-1,732,763,764,-1,732,764,730,-1,730,764,765,-1,730,765,756,-1,766,767,768,-1,768,767,769,-1,770,771,772,-1,772,771,769,-1,772,769,773,-1,773,769,767,-1,774,775,776,-1,777,434,774,-1,778,430,431,-1,779,780,776,-1,776,780,778,-1,776,778,774,-1,774,778,431,-1,774,431,777,-1,733,732,770,-1,770,732,771,-1,48,168,781,-1,781,782,48,-1,48,782,783,-1,48,783,85,-1,85,783,784,-1,85,784,277,-1,783,785,784,-1,784,785,786,-1,784,786,787,-1,277,589,85,-1,85,589,788,-1,85,788,731,-1,780,771,732,-1,779,768,780,-1,780,768,769,-1,780,769,771,-1,789,790,787,-1,787,790,791,-1,787,791,784,-1,792,793,794,-1,794,793,795,-1,788,590,731,-1,731,590,796,-1,731,796,732,-1,732,796,591,-1,732,591,780,-1,780,591,797,-1,780,797,798,-1,798,797,793,-1,798,793,799,-1,799,793,792,-1,154,800,801,-1,720,802,721,-1,721,802,803,-1,721,803,726,-1,801,726,299,-1,299,726,803,-1,299,803,804,-1,804,803,805,-1,804,805,806,-1,807,1,808,-1,808,1,0,-1,808,0,809,-1,809,0,154,-1,806,810,811,-1,299,812,801,-1,801,812,298,-1,801,298,154,-1,154,298,813,-1,814,815,816,-1,816,815,809,-1,816,809,346,-1,346,809,154,-1,346,154,347,-1,347,154,813,-1,811,817,806,-1,806,817,818,-1,806,818,804,-1,819,820,821,-1,814,816,821,-1,821,816,822,-1,821,822,819,-1,823,824,825,-1,825,824,801,-1,826,827,828,-1,829,830,831,-1,831,832,829,-1,829,832,833,-1,829,833,834,-1,828,835,836,-1,837,838,825,-1,839,840,841,-1,801,800,829,-1,836,842,828,-1,828,842,843,-1,828,843,826,-1,838,844,825,-1,825,844,845,-1,825,845,846,-1,841,847,839,-1,839,847,848,-1,839,848,849,-1,850,801,851,-1,851,801,829,-1,851,829,852,-1,852,829,834,-1,839,801,828,-1,828,801,850,-1,828,850,835,-1,849,853,839,-1,839,853,854,-1,839,854,801,-1,801,854,855,-1,801,855,825,-1,825,855,856,-1,825,856,837,-1,857,281,279,-1,858,859,860,-1,860,859,861,-1,430,778,279,-1,279,778,862,-1,279,862,857,-1,857,862,861,-1,857,861,863,-1,863,861,859,-1,864,284,865,-1,865,284,283,-1,283,287,865,-1,865,287,866,-1,865,866,867,-1,868,869,870,-1,867,866,870,-1,870,866,871,-1,870,871,868,-1,1,807,2,-1,2,807,781,-1,2,781,168,-1,872,873,874,-1,874,873,875,-1,273,275,876,-1,876,275,877,-1,878,879,877,-1,877,879,880,-1,877,880,876,-1,878,877,881,-1,881,877,882,-1,881,882,883,-1,884,885,802,-1,802,885,886,-1,803,802,864,-1,864,802,886,-1,864,886,284,-1,284,886,423,-1,329,887,322,-1,322,887,888,-1,322,888,889,-1,889,888,890,-1,889,890,891,-1,892,893,891,-1,891,893,894,-1,891,894,889,-1,876,783,782,-1,808,809,887,-1,895,876,896,-1,896,876,782,-1,896,782,897,-1,897,898,899,-1,899,898,900,-1,273,876,274,-1,274,876,895,-1,274,895,901,-1,901,895,899,-1,901,899,902,-1,902,899,650,-1,897,782,898,-1,898,782,808,-1,898,808,903,-1,903,808,887,-1,903,887,904,-1,904,887,329,-1,904,329,900,-1,900,329,652,-1,900,652,899,-1,899,652,651,-1,899,651,650,-1,888,887,815,-1,815,887,809,-1,816,346,889,-1,889,346,322,-1,866,287,804,-1,804,287,299,-1,805,803,865,-1,865,803,864,-1,862,778,798,-1,798,778,780,-1,785,783,880,-1,880,783,876,-1,797,591,857,-1,857,591,281,-1,877,275,784,-1,784,275,277,-1,729,726,824,-1,824,726,801,-1,143,905,153,-1,153,905,873,-1,153,873,906,-1,906,873,872,-1,907,823,825,-1,908,829,906,-1,906,829,800,-1,906,800,153,-1,153,800,154,-1,200,199,839,-1,825,198,907,-1,907,198,197,-1,907,197,909,-1,909,197,910,-1,839,199,911,-1,839,828,200,-1,200,828,912,-1,200,912,167,-1,167,912,913,-1,167,913,914,-1,19,18,915,-1,910,197,916,-1,916,197,19,-1,916,19,917,-1,918,196,919,-1,919,196,195,-1,919,195,920,-1,4,3,921,-1,922,923,924,-1,925,926,927,-1,927,926,928,-1,927,928,929,-1,917,19,930,-1,930,19,915,-1,930,915,931,-1,196,932,933,-1,734,735,193,-1,193,735,934,-1,193,934,194,-1,935,936,193,-1,921,937,4,-1,4,937,938,-1,4,938,908,-1,908,938,939,-1,908,939,829,-1,922,924,914,-1,914,924,940,-1,914,940,167,-1,167,940,941,-1,167,941,140,-1,34,942,35,-1,35,942,139,-1,911,199,943,-1,943,199,139,-1,943,139,928,-1,928,139,942,-1,928,942,929,-1,933,944,196,-1,196,944,945,-1,196,945,65,-1,65,945,66,-1,7,6,946,-1,947,74,117,-1,920,195,948,-1,948,195,7,-1,948,7,949,-1,921,950,937,-1,937,950,951,-1,937,951,952,-1,952,951,953,-1,954,955,956,-1,198,956,957,-1,949,7,958,-1,958,7,946,-1,958,946,959,-1,957,960,198,-1,198,960,961,-1,198,961,90,-1,90,961,91,-1,918,962,196,-1,196,962,963,-1,196,963,932,-1,932,963,964,-1,934,965,194,-1,194,965,966,-1,194,966,967,-1,968,969,970,-1,968,970,971,-1,935,193,972,-1,972,193,76,-1,972,76,23,-1,12,39,973,-1,973,39,191,-1,973,191,974,-1,738,191,739,-1,739,191,192,-1,739,192,975,-1,83,85,716,-1,716,85,731,-1,716,731,715,-1,715,731,730,-1,947,117,976,-1,976,117,194,-1,976,194,970,-1,970,194,967,-1,970,967,971,-1,738,977,191,-1,191,977,978,-1,191,978,974,-1,974,978,979,-1,974,979,980,-1,936,981,193,-1,193,981,982,-1,193,982,734,-1,10,9,983,-1,975,192,984,-1,984,192,10,-1,984,10,985,-1,825,986,198,-1,198,986,987,-1,198,987,956,-1,956,987,988,-1,956,988,954,-1,980,979,989,-1,989,979,990,-1,989,990,991,-1,985,10,992,-1,992,10,983,-1,992,983,993,-1,715,994,995,-1,964,996,932,-1,932,996,997,-1,932,997,998,-1,998,997,999,-1,998,999,1000,-1,1000,999,1001,-1,1002,1003,969,-1,969,1003,1004,-1,969,1004,970,-1,995,1005,715,-1,715,1005,1006,-1,715,1006,41,-1,41,1006,42,-1,1007,1008,1009,-1,1009,1008,1010,-1,1009,1010,923,-1,923,1010,1011,-1,923,1011,924,-1,1012,1013,936,-1,936,1013,1014,-1,936,1014,981,-1,730,1015,715,-1,715,1015,1016,-1,715,1016,994,-1,994,1016,1017,-1,994,1017,1018,-1,993,1019,992,-1,992,1019,1020,-1,992,1020,1021,-1,1021,1020,1022,-1,1018,1023,994,-1,994,1023,1024,-1,994,1024,1025,-1,1025,1024,1026,-1,931,1027,930,-1,930,1027,1028,-1,930,1028,1029,-1,1029,1028,1030,-1,1029,1030,1031,-1,1031,1030,1032,-1,1031,1032,1033,-1,1033,1032,1034,-1,1033,1034,1001,-1,1001,1034,1035,-1,1001,1035,1000,-1,951,1036,953,-1,953,1036,1037,-1,953,1037,1038,-1,1038,1037,1039,-1,1038,1039,1040,-1,1040,1039,1041,-1,1040,1041,1007,-1,1007,1041,1042,-1,1007,1042,1008,-1,927,1043,925,-1,925,1043,1044,-1,925,1044,1045,-1,1045,1044,1046,-1,1045,1046,1047,-1,1047,1046,1048,-1,1047,1048,1049,-1,1049,1048,1050,-1,1049,1050,1051,-1,1051,1050,1052,-1,1051,1052,955,-1,955,1052,1053,-1,955,1053,956,-1,1054,1055,1056,-1,1020,1057,1022,-1,1022,1057,1058,-1,1022,1058,1059,-1,936,1060,1012,-1,1012,1060,1061,-1,1012,1061,1055,-1,1055,1061,1062,-1,1055,1062,1056,-1,959,1063,958,-1,958,1063,1064,-1,958,1064,1065,-1,1065,1064,1066,-1,1065,1066,1067,-1,1067,1066,1068,-1,1067,1068,1069,-1,1069,1068,1070,-1,1069,1070,1071,-1,1071,1070,1072,-1,1071,1072,1002,-1,1002,1072,1073,-1,1002,1073,1003,-1,1026,1024,1074,-1,1074,1024,1075,-1,1074,1075,1059,-1,1059,1075,1076,-1,1059,1076,1022,-1,1054,1056,1077,-1,1077,1056,1078,-1,1077,1078,1079,-1,1079,1078,1080,-1,1079,1080,991,-1,991,1080,1081,-1,991,1081,989,-1,716,714,83,-1,83,714,712,-1,83,712,84,-1,84,712,1082,-1,908,906,874,-1,874,906,872,-1,934,735,733,-1,772,774,434,-1,934,733,434,-1,434,733,770,-1,434,770,772,-1,728,729,824,-1,886,728,423,-1,423,728,824,-1,423,824,907,-1,907,824,823,-1,427,205,909,-1,909,205,204,-1,1083,1084,918,-1,1083,918,1085,-1,423,907,425,-1,425,907,909,-1,425,909,566,-1,566,909,204,-1,1084,1086,918,-1,918,1086,1087,-1,918,1087,1088,-1,1089,1090,909,-1,909,1090,1091,-1,1092,1093,965,-1,1094,1095,434,-1,435,1096,434,-1,434,1096,1097,-1,1093,1098,965,-1,965,1098,1099,-1,965,1099,1100,-1,1101,1102,919,-1,919,1102,1103,-1,919,1103,1104,-1,965,934,434,-1,1104,1094,919,-1,919,1094,434,-1,919,434,918,-1,918,434,1097,-1,918,1097,1085,-1,1095,1105,434,-1,434,1105,1106,-1,434,1106,965,-1,965,1106,1107,-1,965,1107,1092,-1,1091,1108,909,-1,909,1108,1109,-1,909,1109,427,-1,427,1109,1110,-1,427,1110,428,-1,428,1110,1096,-1,428,1096,429,-1,429,1096,435,-1,776,775,766,-1,766,775,773,-1,766,773,767,-1,772,773,774,-1,774,773,775,-1,727,728,885,-1,885,728,886,-1,724,719,884,-1,884,719,727,-1,884,727,885,-1,97,58,1111,-1,1112,63,62,-1,895,896,62,-1,62,896,97,-1,62,97,1112,-1,1112,97,1111,-1,98,97,897,-1,897,97,896,-1,61,88,1113,-1,1114,99,98,-1,897,899,98,-1,98,899,61,-1,98,61,1114,-1,1114,61,1113,-1,62,61,895,-1,895,61,899,-1,170,100,1115,-1,1116,52,51,-1,900,898,51,-1,51,898,170,-1,51,170,1116,-1,1116,170,1115,-1,169,170,903,-1,903,170,898,-1,50,17,1117,-1,1118,101,169,-1,903,904,169,-1,169,904,50,-1,169,50,1118,-1,1118,50,1117,-1,51,50,900,-1,900,50,904,-1,888,815,814,-1,888,814,890,-1,890,814,821,-1,890,821,891,-1,891,821,820,-1,891,820,892,-1,892,820,819,-1,892,819,893,-1,893,819,822,-1,893,822,894,-1,894,822,816,-1,894,816,889,-1,866,804,818,-1,866,818,871,-1,871,818,817,-1,871,817,868,-1,868,817,811,-1,868,811,869,-1,869,811,810,-1,869,810,870,-1,870,810,806,-1,870,806,867,-1,867,806,805,-1,867,805,865,-1,785,880,879,-1,785,879,786,-1,786,879,878,-1,786,878,787,-1,787,878,881,-1,787,881,789,-1,789,881,883,-1,789,883,790,-1,790,883,882,-1,790,882,791,-1,791,882,877,-1,791,877,784,-1,797,857,863,-1,797,863,793,-1,793,863,859,-1,793,859,795,-1,795,859,858,-1,795,858,794,-1,794,858,860,-1,794,860,792,-1,792,860,861,-1,792,861,799,-1,799,861,862,-1,799,862,798,-1,807,808,781,-1,781,808,782,-1,724,884,720,-1,720,884,802,-1,768,779,766,-1,766,779,776,-1,1119,723,725,-1,725,723,722,-1,717,1119,718,-1,718,1119,725,-1,1119,717,723,-1,40,1120,41,-1,41,1120,711,-1,41,711,715,-1,715,711,713,-1,192,174,10,-1,10,174,172,-1,10,172,11,-1,11,172,1121,-1,1122,1123,86,-1,86,1123,87,-1,1124,1122,44,-1,44,1122,86,-1,1125,1124,46,-1,46,1124,44,-1,1123,1125,87,-1,87,1125,46,-1,1124,1125,1122,-1,1122,1125,1123,-1,1082,1120,84,-1,84,1120,40,-1,711,1120,712,-1,712,1120,1082,-1,1126,905,5,-1,5,905,143,-1,908,874,4,-1,4,874,875,-1,4,875,5,-1,5,875,1126,-1,875,873,1126,-1,1126,873,905,-1,1127,1128,60,-1,60,1128,59,-1,1112,1127,63,-1,63,1127,60,-1,1128,1111,59,-1,59,1111,58,-1,1112,1111,1127,-1,1127,1111,1128,-1,1114,1115,99,-1,99,1115,100,-1,1116,1113,52,-1,52,1113,88,-1,1114,1113,1115,-1,1115,1113,1116,-1,1129,1117,16,-1,16,1117,17,-1,1130,1129,102,-1,102,1129,16,-1,1118,1130,101,-1,101,1130,102,-1,1129,1130,1117,-1,1117,1130,1118,-1,1131,1132,142,-1,142,1132,149,-1,1133,1131,141,-1,141,1131,142,-1,1134,1133,150,-1,150,1133,141,-1,1132,1134,149,-1,149,1134,150,-1,1133,1134,1131,-1,1131,1134,1132,-1,1121,1135,11,-1,11,1135,38,-1,38,1135,39,-1,39,1135,171,-1,39,171,191,-1,191,171,173,-1,172,171,1121,-1,1121,171,1135,-1,1136,1137,57,-1,57,1137,15,-1,193,177,76,-1,76,177,178,-1,76,178,57,-1,57,178,1136,-1,15,1137,117,-1,117,1137,176,-1,117,176,194,-1,194,176,175,-1,178,176,1136,-1,1136,176,1137,-1,1138,1139,8,-1,8,1139,64,-1,195,181,7,-1,7,181,182,-1,7,182,8,-1,8,182,1138,-1,64,1139,65,-1,65,1139,180,-1,65,180,196,-1,196,180,179,-1,182,180,1138,-1,1138,180,1139,-1,1140,1141,20,-1,20,1141,89,-1,197,185,19,-1,19,185,186,-1,19,186,20,-1,20,186,1140,-1,89,1141,90,-1,90,1141,184,-1,90,184,198,-1,198,184,183,-1,186,184,1140,-1,1140,184,1141,-1,1142,1143,138,-1,138,1143,144,-1,199,189,139,-1,139,189,190,-1,139,190,138,-1,138,190,1142,-1,144,1143,167,-1,167,1143,188,-1,167,188,200,-1,200,188,187,-1,190,188,1142,-1,1142,188,1143,-1,1144,1145,49,-1,49,1145,56,-1,1146,1144,47,-1,47,1144,49,-1,1147,1146,45,-1,45,1146,47,-1,1145,1147,56,-1,56,1147,45,-1,1146,1147,1144,-1,1144,1147,1145,-1,1148,1149,148,-1,148,1149,145,-1,1150,1148,147,-1,147,1148,148,-1,1151,1150,146,-1,146,1150,147,-1,1149,1151,145,-1,145,1151,146,-1,1150,1151,1148,-1,1148,1151,1149,-1,
        ]
    }
}
Shape{
    appearance Appearance {
        material  Material 	{
            diffuseColor 0.8313725490196079 0.6705882352941176 0.12941176470588237
            specularColor 0.6666666666666666 0.5372549019607843 0.10196078431372549
            ambientIntensity 0.657
            transparency 0.0
            shininess 0.5
        }
    }
    geometry IndexedFaceSet {
        ccw TRUE
        solid FALSE
        coord DEF co Coordinate {
            point [
                2.0492 -1.6339 0.0, 1.8878 -1.6339 0.0, 2.0492 -0.5138 0.0, 1.8878 -0.5138 0.0, 2.0246 -1.7914 0.1565, 1.9124 -1.7914 0.1565, 2.0246 -1.7914 0.0443, 1.9124 -1.7914 0.0443, 1.8681 -0.357 0.1102, 1.8681 -0.9843 0.2008, 1.8681 -0.3389 0.1539, 1.8681 -0.3327 0.2008, 1.8681 -1.6339 0.0197, 1.8681 -1.6339 0.1811, 1.8681 -0.5138 0.0197, 1.8681 -0.9843 0.1811, 1.8681 -0.4669 0.0259, 1.8681 -0.3857 0.0727, 1.8681 -0.4232 0.0439, 2.0689 -0.3389 0.1539, 2.0689 -0.3327 0.2008, 2.0689 -0.9843 0.2008, 2.0689 -0.4232 0.0439, 2.0689 -0.3857 0.0727, 2.0689 -0.357 0.1102, 2.0689 -1.6339 0.1811, 2.0689 -1.6339 0.0197, 2.0689 -0.9843 0.1811, 2.0689 -0.5138 0.0197, 2.0689 -0.4669 0.0259, 1.8878 -0.313 0.2008, 2.0492 -0.313 0.2008, 2.0492 -0.3198 0.1488, 1.8878 -0.3198 0.1488, 2.0492 -0.3399 0.1004, 1.8878 -0.3399 0.1004, 2.0492 -0.3718 0.0588, 1.8878 -0.3718 0.0588, 2.0492 -0.4134 0.0269, 1.8878 -0.4134 0.0269, 2.0492 -0.4618 0.0068, 1.8878 -0.4618 0.0068, 2.0492 -0.9843 0.2008, 1.8878 -0.9843 0.2008, 2.0492 -1.6339 0.2008, 1.8878 -1.6339 0.2008, 1.8878 -0.5138 0.8661, 2.0492 -0.5138 0.8661, 1.8878 -0.5138 2.2047, 2.0492 -0.5138 2.2047, 2.0492 -0.313 0.8661, 1.8878 -0.313 0.8661, 2.0492 -0.313 2.2047, 1.8878 -0.313 2.2047, 1.8681 -0.4941 2.2047, 1.8681 -0.3327 2.2047, 1.8681 -0.4941 0.8661, 1.8681 -0.3327 0.8661, 2.0689 -0.3327 2.2047, 2.0689 -0.4941 2.2047, 2.0689 -0.3327 0.8661, 2.0689 -0.4941 0.8661, 2.0246 -0.3573 2.3622, 1.9124 -0.3573 2.3622, 2.0246 -0.4695 2.3622, 1.9124 -0.4695 2.3622, 2.0246 1.752 0.0443, 1.9124 1.752 0.0443, 2.0246 1.752 0.1565, 1.9124 1.752 0.1565, 2.0492 0.4744 0.0, 1.8878 0.4744 0.0, 2.0492 1.5945 0.0, 1.8878 1.5945 0.0, 1.8681 0.3838 0.0439, 1.8681 0.3463 0.0727, 1.8681 1.1417 0.2008, 1.8681 1.5945 0.1811, 1.8681 1.5945 0.0197, 1.8681 1.1417 0.1811, 1.8681 0.4744 0.0197, 1.8681 0.4275 0.0259, 1.8681 0.3176 0.1102, 1.8681 0.2995 0.1539, 1.8681 0.2933 0.2008, 2.0689 1.5945 0.0197, 2.0689 1.5945 0.1811, 2.0689 1.1417 0.1811, 2.0689 0.2933 0.2008, 2.0689 0.2995 0.1539, 2.0689 1.1417 0.2008, 2.0689 0.3176 0.1102, 2.0689 0.3463 0.0727, 2.0689 0.3838 0.0439, 2.0689 0.4275 0.0259, 2.0689 0.4744 0.0197, 2.0492 0.4224 0.0068, 1.8878 0.4224 0.0068, 2.0492 0.374 0.0269, 1.8878 0.374 0.0269, 2.0492 0.3324 0.0588, 1.8878 0.3324 0.0588, 2.0492 0.3005 0.1004, 1.8878 0.3005 0.1004, 2.0492 0.2804 0.1488, 1.8878 0.2804 0.1488, 2.0492 0.2736 0.2008, 1.8878 0.2736 0.2008, 2.0492 1.5945 0.2008, 1.8878 1.5945 0.2008, 2.0492 1.1417 0.2008, 1.8878 1.1417 0.2008, 2.0492 0.4744 0.8661, 1.8878 0.4744 0.8661, 2.0492 0.4744 2.2047, 1.8878 0.4744 2.2047, 2.0492 0.2736 2.2047, 1.8878 0.2736 2.2047, 2.0492 0.2736 0.8661, 1.8878 0.2736 0.8661, 1.8681 0.4547 0.8661, 1.8681 0.2933 0.8661, 1.8681 0.4547 2.2047, 1.8681 0.2933 2.2047, 2.0689 0.4547 2.2047, 2.0689 0.2933 2.2047, 2.0689 0.4547 0.8661, 2.0689 0.2933 0.8661, 2.0246 0.4301 2.3622, 1.9124 0.4301 2.3622, 2.0246 0.3179 2.3622, 1.9124 0.3179 2.3622, 2.0689 -1.6339 0.1814, 2.044 -1.7751 0.1565, 2.044 -1.7751 0.0443, 2.0689 -1.6339 0.0194, 1.8875 -1.6339 0.2008, 1.9124 -1.7751 0.1759, 2.0246 -1.7751 0.1759, 2.0495 -1.6339 0.2008, 2.0495 -1.6339 0.0, 2.0246 -1.7751 0.0249, 1.9124 -1.7751 0.0249, 1.8875 -1.6339 0.0, 1.8681 -1.6339 0.0194, 1.893 -1.7751 0.0443, 1.893 -1.7751 0.1565, 1.8681 -1.6339 0.1814, 2.0689 1.5945 0.0194, 2.044 1.7357 0.0443, 2.044 1.7357 0.1565, 2.0689 1.5945 0.1814, 1.8875 1.5945 0.0, 1.9124 1.7357 0.0249, 2.0246 1.7357 0.0249, 2.0495 1.5945 0.0, 2.0495 1.5945 0.2008, 2.0246 1.7357 0.1759, 1.9124 1.7357 0.1759, 1.8875 1.5945 0.2008, 1.8681 1.5945 0.1814, 1.893 1.7357 0.1565, 1.893 1.7357 0.0443, 1.8681 1.5945 0.0194, 2.0689 0.455 2.2047, 2.044 0.4301 2.3459, 2.044 0.3179 2.3459, 2.0689 0.293 2.2047, 1.8875 0.4744 2.2047, 1.9124 0.4495 2.3459, 2.0246 0.4495 2.3459, 2.0495 0.4744 2.2047, 2.0495 0.2736 2.2047, 2.0246 0.2985 2.3459, 1.9124 0.2985 2.3459, 1.8875 0.2736 2.2047, 1.8681 0.293 2.2047, 1.893 0.3179 2.3459, 1.893 0.4301 2.3459, 1.8681 0.455 2.2047, 2.0689 -0.3324 2.2047, 2.044 -0.3573 2.3459, 2.044 -0.4695 2.3459, 2.0689 -0.4944 2.2047, 1.8875 -0.313 2.2047, 1.9124 -0.3379 2.3459, 2.0246 -0.3379 2.3459, 2.0495 -0.313 2.2047, 2.0495 -0.5138 2.2047, 2.0246 -0.4889 2.3459, 1.9124 -0.4889 2.3459, 1.8875 -0.5138 2.2047, 1.8681 -0.4944 2.2047, 1.893 -0.4695 2.3459, 1.893 -0.3573 2.3459, 1.8681 -0.3324 2.2047, 1.8688 0.2882 0.2008, 1.8688 0.2945 0.1526, 1.8707 0.2834 0.2008, 1.8707 0.29 0.1514, 1.8739 0.2794 0.2008, 1.8739 0.286 0.1503, 1.878 0.2762 0.2008, 1.878 0.283 0.1495, 1.8827 0.2743 0.2008, 1.8827 0.2811 0.149, 1.8688 0.3131 0.1077, 1.8707 0.309 0.1053, 1.8739 0.3055 0.1033, 1.878 0.3028 0.1017, 1.8827 0.3011 0.1007, 1.8688 0.3427 0.0691, 1.8707 0.3394 0.0658, 1.8739 0.3365 0.0629, 1.878 0.3343 0.0607, 1.8827 0.3329 0.0593, 1.8688 0.3813 0.0395, 1.8707 0.3789 0.0354, 1.8739 0.3769 0.0319, 1.878 0.3753 0.0292, 1.8827 0.3743 0.0275, 1.8688 0.4262 0.0209, 1.8707 0.425 0.0163, 1.8739 0.4239 0.0124, 1.878 0.4231 0.0094, 1.8827 0.4226 0.0075, 1.8688 0.4744 0.0146, 1.8707 0.4744 0.0098, 1.8739 0.4744 0.0058, 1.878 0.4744 0.0026, 1.8827 0.4744 0.0007, 1.8686 1.1417 0.1855, 1.8687 1.5948 0.1855, 1.8688 1.5949 0.1864, 1.8701 1.1417 0.1896, 1.8702 1.595 0.1896, 1.8708 1.5951 0.191, 1.8724 1.1417 0.1934, 1.8725 1.5951 0.1933, 1.8739 1.5952 0.195, 1.8755 1.1417 0.1965, 1.8756 1.5951 0.1964, 1.8779 1.5951 0.1981, 1.8793 1.1417 0.1988, 1.8793 1.595 0.1987, 1.8825 1.5949 0.2001, 1.8834 1.1417 0.2003, 1.8834 1.5948 0.2002, 1.8827 1.5948 0.0007, 1.8825 1.5949 0.0007, 1.878 1.5951 0.0026, 1.8779 1.5951 0.0027, 1.8739 1.5952 0.0058, 1.8708 1.5951 0.0098, 1.8708 1.5951 0.0098, 1.8688 1.5949 0.0144, 1.8688 1.5948 0.0146, 1.9113 1.7358 0.1757, 1.91 1.736 0.1755, 1.9075 1.7364 0.1751, 1.9063 1.7365 0.1746, 1.9062 1.7365 0.1746, 1.9029 1.7369 0.1731, 1.9018 1.7369 0.1723, 1.9011 1.7369 0.1717, 1.8989 1.737 0.17, 1.8982 1.737 0.1692, 1.8958 1.7369 0.166, 1.8938 1.7364 0.1614, 1.8937 1.7364 0.1611, 1.9079 1.7514 0.0443, 1.8943 1.7399 0.0443, 1.8943 1.7399 0.1565, 1.8943 1.7401 0.0443, 1.8943 1.7401 0.1565, 1.8965 1.7439 0.0443, 1.8965 1.7439 0.1565, 1.8966 1.744 0.0443, 1.8966 1.744 0.1565, 1.8997 1.7473 0.0443, 1.8997 1.7473 0.1565, 1.8997 1.7473 0.0443, 1.8997 1.7473 0.1565, 1.9035 1.7498 0.0443, 1.9035 1.7498 0.1565, 1.9036 1.7499 0.0443, 1.9036 1.7499 0.1565, 1.9078 1.7514 0.0443, 1.9078 1.7514 0.1565, 1.9079 1.7514 0.1565, 1.8937 1.7364 0.0397, 1.8938 1.7364 0.0394, 1.8958 1.7369 0.0348, 1.8982 1.737 0.0316, 1.8989 1.737 0.0308, 1.9011 1.7369 0.0291, 1.9018 1.7369 0.0285, 1.9029 1.7369 0.0277, 1.9062 1.7365 0.0262, 1.9063 1.7365 0.0262, 1.9075 1.7364 0.0257, 1.9113 1.7358 0.0251, 1.91 1.736 0.0253, 2.0543 0.2743 0.2008, 2.0543 0.2811 0.149, 2.0591 0.2762 0.2008, 2.0591 0.283 0.1495, 2.0631 0.2794 0.2008, 2.0631 0.286 0.1503, 2.0663 0.2834 0.2008, 2.0663 0.29 0.1514, 2.0682 0.2882 0.2008, 2.0682 0.2945 0.1526, 2.0543 0.3011 0.1007, 2.0591 0.3028 0.1017, 2.0631 0.3055 0.1033, 2.0663 0.309 0.1053, 2.0682 0.3131 0.1077, 2.0543 0.3329 0.0593, 2.0591 0.3343 0.0607, 2.0631 0.3365 0.0629, 2.0663 0.3394 0.0658, 2.0682 0.3427 0.0691, 2.0543 0.3743 0.0275, 2.0591 0.3753 0.0292, 2.0631 0.3769 0.0319, 2.0663 0.3789 0.0354, 2.0682 0.3813 0.0395, 2.0543 0.4226 0.0075, 2.0591 0.4231 0.0094, 2.0631 0.4239 0.0124, 2.0663 0.425 0.0163, 2.0682 0.4262 0.0209, 2.0543 0.4744 0.0007, 2.0591 0.4744 0.0026, 2.0631 0.4744 0.0058, 2.0663 0.4744 0.0098, 2.0682 0.4744 0.0146, 2.0543 1.1417 0.2001, 2.0543 1.5948 0.2001, 2.0545 1.5949 0.2001, 2.0591 1.1417 0.1981, 2.0591 1.5951 0.1981, 2.0591 1.5951 0.1981, 2.0631 1.1417 0.195, 2.0631 1.5952 0.195, 2.0662 1.5951 0.191, 2.0663 1.1417 0.1909, 2.0662 1.5951 0.1909, 2.0682 1.5949 0.1864, 2.0682 1.1417 0.1862, 2.0682 1.5948 0.1862, 1.908 1.7509 0.1611, 1.9038 1.7494 0.1611, 1.9 1.7469 0.1611, 1.897 1.7436 0.1611, 1.8948 1.7397 0.1611, 1.9106 1.7397 0.1746, 1.903 1.7392 0.1724, 1.9062 1.7368 0.1746, 1.9003 1.7412 0.1692, 1.8986 1.7381 0.1692, 1.8962 1.7391 0.1654, 1.9124 1.7399 0.1746, 1.9124 1.7401 0.1746, 1.9097 1.7436 0.1724, 1.9124 1.7439 0.1724, 1.9124 1.744 0.1723, 1.9089 1.7469 0.1692, 1.9124 1.7473 0.1692, 1.9124 1.7473 0.1691, 1.9083 1.7494 0.1654, 1.9124 1.7498 0.1654, 1.9124 1.7499 0.1653, 1.8982 1.7427 0.1654, 1.901 1.7457 0.1654, 1.9027 1.7437 0.1692, 1.9049 1.7412 0.1724, 1.9074 1.7381 0.1746, 1.9045 1.7479 0.1654, 1.9056 1.7457 0.1692, 1.9071 1.7427 0.1724, 1.9089 1.7391 0.1746, 1.9124 1.7514 0.161, 1.9124 1.7514 0.1611, 1.8948 1.7397 0.0397, 1.8986 1.7381 0.0316, 1.903 1.7392 0.0284, 1.9062 1.7368 0.0262, 1.9074 1.7381 0.0262, 1.9089 1.7391 0.0262, 1.9106 1.7397 0.0262, 1.9124 1.7399 0.0262, 1.897 1.7436 0.0397, 1.9 1.7469 0.0397, 1.9038 1.7494 0.0397, 1.908 1.7509 0.0397, 1.9124 1.7514 0.0397, 1.8962 1.7391 0.0354, 1.8982 1.7427 0.0354, 1.901 1.7457 0.0354, 1.9045 1.7479 0.0354, 1.9083 1.7494 0.0354, 1.9124 1.7514 0.0397, 1.9124 1.7499 0.0355, 1.9124 1.7498 0.0354, 1.9124 1.7473 0.0316, 1.9089 1.7469 0.0316, 1.9056 1.7457 0.0316, 1.9027 1.7437 0.0316, 1.9003 1.7412 0.0316, 1.9049 1.7412 0.0284, 1.9071 1.7427 0.0284, 1.9097 1.7436 0.0284, 1.9124 1.7473 0.0316, 1.9124 1.744 0.0285, 1.9124 1.7439 0.0284, 1.9124 1.7401 0.0262, 2.0682 1.5948 0.0146, 2.0682 1.5949 0.0144, 2.0662 1.5951 0.0098, 2.0662 1.5951 0.0098, 2.0631 1.5952 0.0058, 2.0591 1.5951 0.0027, 2.0591 1.5951 0.0026, 2.0545 1.5949 0.0007, 2.0543 1.5948 0.0007, 2.0433 1.7364 0.1611, 2.0432 1.7364 0.1614, 2.0412 1.7369 0.166, 2.0388 1.737 0.1692, 2.0381 1.737 0.17, 2.0359 1.7369 0.1717, 2.0352 1.7369 0.1723, 2.0341 1.7369 0.1731, 2.0308 1.7365 0.1746, 2.0307 1.7365 0.1746, 2.0295 1.7364 0.1751, 2.0257 1.7358 0.1757, 2.027 1.736 0.1755, 2.0246 1.7399 0.1746, 2.0246 1.7401 0.1746, 2.0246 1.7439 0.1724, 2.0246 1.744 0.1723, 2.0246 1.7473 0.1692, 2.0246 1.7473 0.1691, 2.0246 1.7498 0.1654, 2.0246 1.7499 0.1653, 2.0246 1.7514 0.1611, 2.0246 1.7514 0.161, 2.0246 1.7514 0.0397, 2.0246 1.7399 0.0262, 2.0246 1.7401 0.0262, 2.0246 1.7439 0.0284, 2.0246 1.744 0.0285, 2.0246 1.7473 0.0316, 2.0246 1.7473 0.0316, 2.0246 1.7498 0.0354, 2.0246 1.7499 0.0355, 2.0246 1.7514 0.0397, 2.0257 1.7358 0.0251, 2.027 1.736 0.0253, 2.0295 1.7364 0.0257, 2.0307 1.7365 0.0262, 2.0308 1.7365 0.0262, 2.0341 1.7369 0.0277, 2.0352 1.7369 0.0285, 2.0359 1.7369 0.0291, 2.0381 1.737 0.0308, 2.0388 1.737 0.0316, 2.0412 1.7369 0.0348, 2.0432 1.7364 0.0394, 2.0433 1.7364 0.0397, 2.0427 1.7401 0.1565, 2.0405 1.7439 0.1565, 2.04 1.7436 0.1611, 2.0404 1.744 0.1565, 2.0373 1.7473 0.1565, 2.037 1.7469 0.1611, 2.0373 1.7473 0.1565, 2.0335 1.7498 0.1565, 2.0333 1.7494 0.1611, 2.0427 1.7399 0.1565, 2.0422 1.7397 0.1611, 2.0385 1.7381 0.1692, 2.0408 1.7391 0.1654, 2.034 1.7392 0.1724, 2.0308 1.7368 0.1746, 2.0264 1.7397 0.1746, 2.0273 1.7436 0.1724, 2.0281 1.7469 0.1692, 2.0287 1.7494 0.1654, 2.0291 1.7509 0.1611, 2.0292 1.7514 0.1565, 2.0292 1.7514 0.1565, 2.0334 1.7499 0.1565, 2.0325 1.7479 0.1654, 2.0314 1.7457 0.1692, 2.0299 1.7427 0.1724, 2.0281 1.7391 0.1746, 2.036 1.7457 0.1654, 2.0343 1.7437 0.1692, 2.0321 1.7412 0.1724, 2.0296 1.7381 0.1746, 2.0388 1.7427 0.1654, 2.0367 1.7412 0.1692, 2.0427 1.7401 0.0443, 2.0427 1.7399 0.0443, 2.0422 1.7397 0.0397, 2.0404 1.744 0.0443, 2.0405 1.7439 0.0443, 2.04 1.7436 0.0397, 2.0373 1.7473 0.0443, 2.0373 1.7473 0.0443, 2.037 1.7469 0.0397, 2.0334 1.7499 0.0443, 2.0335 1.7498 0.0443, 2.0333 1.7494 0.0397, 2.0264 1.7397 0.0262, 2.034 1.7392 0.0284, 2.0308 1.7368 0.0262, 2.0367 1.7412 0.0316, 2.0385 1.7381 0.0316, 2.0408 1.7391 0.0354, 2.0292 1.7514 0.0443, 2.0291 1.7509 0.0397, 2.0292 1.7514 0.0443, 2.0287 1.7494 0.0354, 2.0281 1.7469 0.0316, 2.0388 1.7427 0.0354, 2.0273 1.7436 0.0284, 2.0325 1.7479 0.0354, 2.0314 1.7457 0.0316, 2.0299 1.7427 0.0284, 2.0281 1.7391 0.0262, 2.036 1.7457 0.0354, 2.0343 1.7437 0.0316, 2.0321 1.7412 0.0284, 2.0296 1.7381 0.0262, 1.8688 -0.5138 0.0146, 1.8688 -0.4656 0.0209, 1.8707 -0.5138 0.0098, 1.8707 -0.4644 0.0163, 1.8739 -0.5138 0.0058, 1.8739 -0.4633 0.0124, 1.878 -0.5138 0.0026, 1.878 -0.4625 0.0094, 1.8827 -0.5138 0.0007, 1.8827 -0.462 0.0075, 1.8688 -0.4207 0.0395, 1.8707 -0.4183 0.0354, 1.8739 -0.4163 0.0319, 1.878 -0.4147 0.0292, 1.8827 -0.4137 0.0275, 1.8688 -0.3821 0.0691, 1.8707 -0.3788 0.0658, 1.8739 -0.3759 0.0629, 1.878 -0.3737 0.0607, 1.8827 -0.3723 0.0593, 1.8688 -0.3525 0.1077, 1.8707 -0.3484 0.1053, 1.8739 -0.3449 0.1033, 1.878 -0.3422 0.1017, 1.8827 -0.3405 0.1007, 1.8688 -0.3339 0.1526, 1.8707 -0.3294 0.1514, 1.8739 -0.3254 0.1503, 1.878 -0.3224 0.1495, 1.8827 -0.3205 0.149, 1.8688 -0.3276 0.2008, 1.8707 -0.3228 0.2008, 1.8739 -0.3188 0.2008, 1.878 -0.3156 0.2008, 1.8827 -0.3137 0.2008, 1.8688 -1.6342 0.0146, 1.8688 -1.6343 0.0144, 1.8708 -1.6345 0.0098, 1.8708 -1.6345 0.0098, 1.8739 -1.6346 0.0058, 1.8779 -1.6345 0.0027, 1.878 -1.6345 0.0026, 1.8825 -1.6343 0.0007, 1.8827 -1.6342 0.0007, 1.8827 -0.9843 0.2001, 1.8827 -1.6342 0.2001, 1.8825 -1.6343 0.2001, 1.878 -0.9843 0.1981, 1.878 -1.6345 0.1981, 1.8779 -1.6345 0.1981, 1.8739 -0.9843 0.195, 1.8739 -1.6346 0.195, 1.8708 -1.6345 0.191, 1.8707 -0.9843 0.1909, 1.8708 -1.6345 0.1909, 1.8688 -1.6343 0.1864, 1.8688 -0.9843 0.1862, 1.8688 -1.6342 0.1862, 2.0543 -0.5138 0.0007, 2.0543 -0.462 0.0075, 2.0591 -0.5138 0.0026, 2.0591 -0.4625 0.0094, 2.0631 -0.5138 0.0058, 2.0631 -0.4633 0.0124, 2.0663 -0.5138 0.0098, 2.0663 -0.4644 0.0163, 2.0682 -0.5138 0.0146, 2.0682 -0.4656 0.0209, 2.0543 -0.4137 0.0275, 2.0591 -0.4147 0.0292, 2.0631 -0.4163 0.0319, 2.0663 -0.4183 0.0354, 2.0682 -0.4207 0.0395, 2.0543 -0.3723 0.0593, 2.0591 -0.3737 0.0607, 2.0631 -0.3759 0.0629, 2.0663 -0.3788 0.0658, 2.0682 -0.3821 0.0691, 2.0543 -0.3405 0.1007, 2.0591 -0.3422 0.1017, 2.0631 -0.3449 0.1033, 2.0663 -0.3484 0.1053, 2.0682 -0.3525 0.1077, 2.0543 -0.3205 0.149, 2.0591 -0.3224 0.1495, 2.0631 -0.3254 0.1503, 2.0663 -0.3294 0.1514, 2.0682 -0.3339 0.1526, 2.0543 -0.3137 0.2008, 2.0591 -0.3156 0.2008, 2.0631 -0.3188 0.2008, 2.0663 -0.3228 0.2008, 2.0682 -0.3276 0.2008, 1.9113 -1.7752 0.0251, 1.91 -1.7754 0.0253, 1.9075 -1.7758 0.0257, 1.9063 -1.7759 0.0262, 1.9062 -1.7759 0.0262, 1.9029 -1.7763 0.0277, 1.9018 -1.7763 0.0285, 1.9011 -1.7763 0.0291, 1.8989 -1.7764 0.0308, 1.8982 -1.7764 0.0316, 1.8958 -1.7763 0.0348, 1.8938 -1.7758 0.0394, 1.8937 -1.7758 0.0397, 1.9079 -1.7908 0.1565, 1.8943 -1.7793 0.1565, 1.8943 -1.7793 0.0443, 1.8943 -1.7795 0.1565, 1.8943 -1.7795 0.0443, 1.8965 -1.7833 0.1565, 1.8965 -1.7833 0.0443, 1.8966 -1.7834 0.1565, 1.8966 -1.7834 0.0443, 1.8997 -1.7867 0.1565, 1.8997 -1.7867 0.0443, 1.8997 -1.7867 0.1565, 1.8997 -1.7867 0.0443, 1.9035 -1.7892 0.1565, 1.9035 -1.7892 0.0443, 1.9036 -1.7893 0.1565, 1.9036 -1.7893 0.0443, 1.9078 -1.7908 0.1565, 1.9078 -1.7908 0.0443, 1.9079 -1.7908 0.0443, 1.8937 -1.7758 0.1611, 1.8938 -1.7758 0.1614, 1.8958 -1.7763 0.166, 1.8982 -1.7764 0.1692, 1.8989 -1.7764 0.17, 1.9011 -1.7763 0.1717, 1.9018 -1.7763 0.1723, 1.9029 -1.7763 0.1731, 1.9062 -1.7759 0.1746, 1.9063 -1.7759 0.1746, 1.9075 -1.7758 0.1751, 1.9113 -1.7752 0.1757, 1.91 -1.7754 0.1755, 2.0543 -1.6342 0.0007, 2.0545 -1.6343 0.0007, 2.0591 -1.6345 0.0026, 2.0591 -1.6345 0.0027, 2.0631 -1.6346 0.0058, 2.0662 -1.6345 0.0098, 2.0662 -1.6345 0.0098, 2.0682 -1.6343 0.0144, 2.0682 -1.6342 0.0146, 1.8948 -1.7791 0.0397, 1.897 -1.783 0.0397, 1.9 -1.7863 0.0397, 1.9038 -1.7888 0.0397, 1.9106 -1.7791 0.0262, 1.903 -1.7786 0.0284, 1.9062 -1.7762 0.0262, 1.9003 -1.7806 0.0316, 1.8986 -1.7775 0.0316, 1.8962 -1.7785 0.0354, 1.908 -1.7903 0.0397, 1.9124 -1.7908 0.0397, 1.9083 -1.7888 0.0354, 1.9124 -1.7893 0.0355, 1.9124 -1.7908 0.0397, 1.9089 -1.7863 0.0316, 1.9124 -1.7867 0.0316, 1.9124 -1.7892 0.0354, 1.8982 -1.7821 0.0354, 1.9097 -1.783 0.0284, 1.9124 -1.7834 0.0285, 1.9124 -1.7867 0.0316, 1.9124 -1.7793 0.0262, 1.9124 -1.7795 0.0262, 1.9124 -1.7833 0.0284, 1.9045 -1.7873 0.0354, 1.9056 -1.7851 0.0316, 1.9071 -1.7821 0.0284, 1.9089 -1.7785 0.0262, 1.901 -1.7851 0.0354, 1.9027 -1.7831 0.0316, 1.9049 -1.7806 0.0284, 1.9074 -1.7775 0.0262, 1.897 -1.783 0.1611, 1.9 -1.7863 0.1611, 1.9038 -1.7888 0.1611, 1.8948 -1.7791 0.1611, 1.8986 -1.7775 0.1692, 1.8962 -1.7785 0.1654, 1.903 -1.7786 0.1724, 1.9062 -1.7762 0.1746, 1.9124 -1.7793 0.1746, 1.9106 -1.7791 0.1746, 1.9124 -1.7795 0.1746, 1.9097 -1.783 0.1724, 1.9089 -1.7863 0.1692, 1.9124 -1.7834 0.1723, 1.9124 -1.7833 0.1724, 1.9083 -1.7888 0.1654, 1.9124 -1.7867 0.1691, 1.9124 -1.7867 0.1692, 1.9124 -1.7908 0.161, 1.9124 -1.7908 0.1611, 1.908 -1.7903 0.1611, 1.9124 -1.7893 0.1653, 1.9124 -1.7892 0.1654, 1.9045 -1.7873 0.1654, 1.9056 -1.7851 0.1692, 1.9071 -1.7821 0.1724, 1.9089 -1.7785 0.1746, 1.901 -1.7851 0.1654, 1.9027 -1.7831 0.1692, 1.9049 -1.7806 0.1724, 1.9074 -1.7775 0.1746, 1.8982 -1.7821 0.1654, 1.9003 -1.7806 0.1692, 2.0682 -0.9843 0.1862, 2.0682 -1.6342 0.1862, 2.0682 -1.6343 0.1864, 2.0663 -0.9843 0.1909, 2.0662 -1.6345 0.1909, 2.0662 -1.6345 0.191, 2.0631 -0.9843 0.195, 2.0631 -1.6346 0.195, 2.0591 -1.6345 0.1981, 2.0591 -0.9843 0.1981, 2.0591 -1.6345 0.1981, 2.0545 -1.6343 0.2001, 2.0543 -0.9843 0.2001, 2.0543 -1.6342 0.2001, 2.0433 -1.7758 0.0397, 2.0432 -1.7758 0.0394, 2.0412 -1.7763 0.0348, 2.0388 -1.7764 0.0316, 2.0381 -1.7764 0.0308, 2.0359 -1.7763 0.0291, 2.0352 -1.7763 0.0285, 2.0341 -1.7763 0.0277, 2.0308 -1.7759 0.0262, 2.0307 -1.7759 0.0262, 2.0295 -1.7758 0.0257, 2.0257 -1.7752 0.0251, 2.027 -1.7754 0.0253, 2.0246 -1.7793 0.0262, 2.0246 -1.7795 0.0262, 2.0246 -1.7833 0.0284, 2.0246 -1.7834 0.0285, 2.0246 -1.7867 0.0316, 2.0246 -1.7867 0.0316, 2.0246 -1.7892 0.0354, 2.0246 -1.7893 0.0355, 2.0246 -1.7908 0.0397, 2.0246 -1.7908 0.0397, 2.0246 -1.7908 0.161, 2.0246 -1.7793 0.1746, 2.0246 -1.7795 0.1746, 2.0246 -1.7833 0.1724, 2.0246 -1.7834 0.1723, 2.0246 -1.7867 0.1692, 2.0246 -1.7867 0.1691, 2.0246 -1.7892 0.1654, 2.0246 -1.7893 0.1653, 2.0246 -1.7908 0.1611, 2.0257 -1.7752 0.1757, 2.027 -1.7754 0.1755, 2.0295 -1.7758 0.1751, 2.0307 -1.7759 0.1746, 2.0308 -1.7759 0.1746, 2.0341 -1.7763 0.1731, 2.0352 -1.7763 0.1723, 2.0359 -1.7763 0.1717, 2.0381 -1.7764 0.17, 2.0388 -1.7764 0.1692, 2.0412 -1.7763 0.166, 2.0432 -1.7758 0.1614, 2.0433 -1.7758 0.1611, 2.0422 -1.7791 0.0397, 2.0385 -1.7775 0.0316, 2.034 -1.7786 0.0284, 2.0308 -1.7762 0.0262, 2.0296 -1.7775 0.0262, 2.0281 -1.7785 0.0262, 2.0264 -1.7791 0.0262, 2.0427 -1.7793 0.0443, 2.0427 -1.7795 0.0443, 2.04 -1.783 0.0397, 2.0405 -1.7833 0.0443, 2.0404 -1.7834 0.0443, 2.037 -1.7863 0.0397, 2.0373 -1.7867 0.0443, 2.0373 -1.7867 0.0443, 2.0333 -1.7888 0.0397, 2.0335 -1.7892 0.0443, 2.0334 -1.7893 0.0443, 2.0291 -1.7903 0.0397, 2.0292 -1.7908 0.0443, 2.0292 -1.7908 0.0443, 2.0408 -1.7785 0.0354, 2.0388 -1.7821 0.0354, 2.036 -1.7851 0.0354, 2.0325 -1.7873 0.0354, 2.0287 -1.7888 0.0354, 2.0281 -1.7863 0.0316, 2.0314 -1.7851 0.0316, 2.0343 -1.7831 0.0316, 2.0367 -1.7806 0.0316, 2.0321 -1.7806 0.0284, 2.0299 -1.7821 0.0284, 2.0273 -1.783 0.0284, 2.0292 -1.7908 0.1565, 2.0292 -1.7908 0.1565, 2.0291 -1.7903 0.1611, 2.0334 -1.7893 0.1565, 2.0335 -1.7892 0.1565, 2.0333 -1.7888 0.1611, 2.0373 -1.7867 0.1565, 2.0373 -1.7867 0.1565, 2.037 -1.7863 0.1611, 2.0404 -1.7834 0.1565, 2.0405 -1.7833 0.1565, 2.04 -1.783 0.1611, 2.0427 -1.7795 0.1565, 2.0427 -1.7793 0.1565, 2.0422 -1.7791 0.1611, 2.0264 -1.7791 0.1746, 2.034 -1.7786 0.1724, 2.0308 -1.7762 0.1746, 2.0367 -1.7806 0.1692, 2.0385 -1.7775 0.1692, 2.0408 -1.7785 0.1654, 2.0273 -1.783 0.1724, 2.0281 -1.7863 0.1692, 2.0287 -1.7888 0.1654, 2.0388 -1.7821 0.1654, 2.036 -1.7851 0.1654, 2.0343 -1.7831 0.1692, 2.0321 -1.7806 0.1724, 2.0296 -1.7775 0.1746, 2.0325 -1.7873 0.1654, 2.0314 -1.7851 0.1692, 2.0299 -1.7821 0.1724, 2.0281 -1.7785 0.1746, 1.8688 -0.4992 2.2051, 1.8688 -0.4992 0.8661, 1.8688 -0.4994 2.2051, 1.8707 -0.504 0.8661, 1.8708 -0.5039 2.2053, 1.8708 -0.504 2.2053, 1.8739 -0.508 0.8661, 1.8739 -0.508 2.2054, 1.8779 -0.5111 2.2053, 1.878 -0.5112 0.8661, 1.878 -0.5111 2.2053, 1.8825 -0.5131 2.2051, 1.8827 -0.5131 0.8661, 1.8827 -0.5131 2.2051, 1.8827 -0.3137 2.2051, 1.8827 -0.3137 0.8661, 1.8825 -0.3137 2.2051, 1.878 -0.3156 0.8661, 1.878 -0.3157 2.2053, 1.8779 -0.3157 2.2053, 1.8739 -0.3188 0.8661, 1.8739 -0.3188 2.2054, 1.8708 -0.3228 2.2053, 1.8707 -0.3228 0.8661, 1.8708 -0.3229 2.2053, 1.8688 -0.3274 2.2051, 1.8688 -0.3276 0.8661, 1.8688 -0.3276 2.2051, 1.9075 -0.4881 2.3467, 1.9074 -0.4881 2.3467, 1.9029 -0.4861 2.3471, 1.9028 -0.4861 2.3471, 1.8989 -0.483 2.3473, 1.8958 -0.4791 2.3471, 1.8958 -0.479 2.3471, 1.8938 -0.4745 2.3467, 1.8938 -0.4744 2.3467, 1.9079 -0.3573 2.3617, 1.8943 -0.3573 2.3502, 1.8943 -0.4695 2.3502, 1.8943 -0.3573 2.3503, 1.8943 -0.4695 2.3503, 1.8965 -0.3573 2.3542, 1.8965 -0.4695 2.3542, 1.8966 -0.3573 2.3543, 1.8966 -0.4695 2.3543, 1.8997 -0.3573 2.3575, 1.8997 -0.4695 2.3575, 1.8997 -0.3573 2.3576, 1.8997 -0.4695 2.3576, 1.9035 -0.3573 2.3601, 1.9035 -0.4695 2.3601, 1.9036 -0.3573 2.3601, 1.9036 -0.4695 2.3601, 1.9078 -0.3573 2.3617, 1.9078 -0.4695 2.3617, 1.9079 -0.4695 2.3617, 1.8937 -0.353 2.3466, 1.8938 -0.3524 2.3467, 1.8952 -0.349 2.347, 1.8958 -0.3478 2.3471, 1.8989 -0.3438 2.3473, 1.9006 -0.3425 2.3472, 1.9029 -0.3407 2.3471, 1.9075 -0.3387 2.3467, 1.9081 -0.3386 2.3466, 2.0536 -0.5132 2.205, 2.0536 -0.5133 0.8661, 2.0545 -0.5131 2.2051, 2.0578 -0.5118 0.8661, 2.0577 -0.5117 2.2053, 2.0591 -0.5111 2.2053, 2.0615 -0.5095 0.8661, 2.0614 -0.5094 2.2054, 2.0631 -0.508 2.2054, 2.0646 -0.5064 0.8661, 2.0645 -0.5063 2.2054, 2.0662 -0.504 2.2053, 2.0669 -0.5027 0.8661, 2.0668 -0.5026 2.2053, 2.0682 -0.4994 2.2051, 2.0684 -0.4985 0.8661, 2.0683 -0.4985 2.205, 1.9124 -0.4853 2.3543, 1.9124 -0.4822 2.3575, 1.9091 -0.4818 2.3575, 1.9101 -0.4781 2.3601, 1.9112 -0.4739 2.3617, 1.9101 -0.4735 2.3617, 1.9084 -0.4718 2.3617, 1.9092 -0.4727 2.3617, 1.908 -0.4707 2.3617, 1.9124 -0.474 2.3617, 1.9077 -0.487 2.3502, 1.9033 -0.4852 2.3502, 1.8996 -0.4823 2.3502, 1.8967 -0.4786 2.3502, 1.8949 -0.4742 2.3502, 1.9124 -0.4822 2.3576, 1.9124 -0.4784 2.3601, 1.9124 -0.4783 2.3601, 1.9124 -0.4741 2.3617, 1.908 -0.4772 2.3601, 1.9061 -0.4758 2.3601, 1.9047 -0.474 2.3601, 1.9038 -0.4718 2.3601, 1.906 -0.4805 2.3575, 1.9034 -0.4785 2.3575, 1.9014 -0.4759 2.3575, 1.9001 -0.4728 2.3575, 1.9124 -0.4876 2.3503, 1.9124 -0.4854 2.3542, 1.9083 -0.4848 2.3542, 1.9045 -0.4832 2.3542, 1.9012 -0.4807 2.3542, 1.8987 -0.4774 2.3542, 1.8971 -0.4736 2.3542, 1.9124 -0.4876 2.3502, 1.8969 -0.3538 2.3542, 1.9 -0.3545 2.3575, 1.9037 -0.3553 2.3601, 1.9079 -0.3563 2.3617, 1.9083 -0.3553 2.3617, 1.9104 -0.3532 2.3617, 1.9095 -0.3537 2.3617, 1.9114 -0.3528 2.3617, 1.8947 -0.3533 2.3502, 1.8961 -0.3494 2.3502, 1.8982 -0.346 2.3502, 1.9011 -0.3431 2.3502, 1.9045 -0.341 2.3502, 1.9084 -0.3396 2.3502, 1.9124 -0.3392 2.3502, 1.9124 -0.3528 2.3617, 1.9055 -0.3518 2.3601, 1.9069 -0.3503 2.3601, 1.9085 -0.3493 2.3601, 1.9104 -0.3486 2.3601, 1.9044 -0.3534 2.3601, 1.9088 -0.3544 2.3617, 1.9124 -0.3527 2.3617, 1.9124 -0.3485 2.3601, 1.9124 -0.3484 2.3601, 1.9124 -0.3446 2.3576, 1.9009 -0.3518 2.3575, 1.9025 -0.3494 2.3575, 1.9045 -0.3474 2.3575, 1.9069 -0.3458 2.3575, 1.9096 -0.3449 2.3575, 1.8981 -0.3504 2.3542, 1.9 -0.3474 2.3542, 1.9025 -0.3449 2.3542, 1.9055 -0.343 2.3542, 1.9089 -0.3418 2.3542, 1.9124 -0.3446 2.3575, 1.9124 -0.3415 2.3543, 1.9124 -0.3414 2.3542, 1.9124 -0.3392 2.3503, 2.0682 -0.3276 2.2051, 2.0682 -0.3276 0.8661, 2.0682 -0.3274 2.2051, 2.0663 -0.3228 0.8661, 2.0662 -0.3229 2.2053, 2.0662 -0.3228 2.2053, 2.0631 -0.3188 0.8661, 2.0631 -0.3188 2.2054, 2.0591 -0.3157 2.2053, 2.0591 -0.3156 0.8661, 2.0591 -0.3157 2.2053, 2.0545 -0.3137 2.2051, 2.0543 -0.3137 0.8661, 2.0543 -0.3137 2.2051, 2.0432 -0.4744 2.3467, 2.0412 -0.479 2.3471, 2.0432 -0.4745 2.3467, 2.0412 -0.4791 2.3471, 2.0381 -0.483 2.3473, 2.0342 -0.4861 2.3471, 2.0341 -0.4861 2.3471, 2.0296 -0.4881 2.3467, 2.0295 -0.4881 2.3467, 2.0246 -0.4876 2.3502, 2.0246 -0.4876 2.3503, 2.0246 -0.4854 2.3542, 2.0246 -0.4853 2.3543, 2.0246 -0.4822 2.3575, 2.0246 -0.4822 2.3576, 2.0246 -0.4784 2.3601, 2.0246 -0.4783 2.3601, 2.0246 -0.4741 2.3617, 2.0246 -0.474 2.3617, 2.0246 -0.3528 2.3617, 2.0246 -0.3392 2.3502, 2.0246 -0.3392 2.3503, 2.0246 -0.3414 2.3542, 2.0246 -0.3415 2.3543, 2.0246 -0.3446 2.3575, 2.0246 -0.3446 2.3576, 2.0246 -0.3484 2.3601, 2.0246 -0.3485 2.3601, 2.0246 -0.3527 2.3617, 2.0295 -0.3387 2.3467, 2.0296 -0.3387 2.3467, 2.0341 -0.3407 2.3471, 2.0342 -0.3407 2.3471, 2.0381 -0.3438 2.3473, 2.0412 -0.3477 2.3471, 2.0412 -0.3478 2.3471, 2.0432 -0.3523 2.3467, 2.0432 -0.3524 2.3467, 2.0404 -0.4695 2.3543, 2.0373 -0.4695 2.3575, 2.0369 -0.4728 2.3575, 2.0332 -0.4718 2.3601, 2.029 -0.4707 2.3617, 2.0286 -0.4718 2.3617, 2.0269 -0.4735 2.3617, 2.0278 -0.4727 2.3617, 2.0258 -0.4739 2.3617, 2.0292 -0.4695 2.3617, 2.0421 -0.4742 2.3502, 2.0403 -0.4786 2.3502, 2.0374 -0.4823 2.3502, 2.0337 -0.4852 2.3502, 2.0293 -0.487 2.3502, 2.0373 -0.4695 2.3576, 2.0335 -0.4695 2.3601, 2.0334 -0.4695 2.3601, 2.0292 -0.4695 2.3617, 2.0323 -0.474 2.3601, 2.0309 -0.4758 2.3601, 2.0291 -0.4772 2.3601, 2.0269 -0.4781 2.3601, 2.0356 -0.4759 2.3575, 2.0336 -0.4785 2.3575, 2.031 -0.4805 2.3575, 2.0279 -0.4818 2.3575, 2.0427 -0.4695 2.3503, 2.0405 -0.4695 2.3542, 2.0399 -0.4736 2.3542, 2.0383 -0.4774 2.3542, 2.0358 -0.4807 2.3542, 2.0325 -0.4832 2.3542, 2.0287 -0.4848 2.3542, 2.0427 -0.4695 2.3502, 2.0279 -0.345 2.3575, 2.0269 -0.3487 2.3601, 2.0258 -0.3529 2.3617, 2.0269 -0.3533 2.3617, 2.0286 -0.355 2.3617, 2.0278 -0.3541 2.3617, 2.029 -0.3561 2.3617, 2.0293 -0.3398 2.3502, 2.0337 -0.3416 2.3502, 2.0374 -0.3445 2.3502, 2.0403 -0.3482 2.3502, 2.0421 -0.3526 2.3502, 2.0427 -0.3573 2.3502, 2.0292 -0.3573 2.3617, 2.0291 -0.3496 2.3601, 2.0309 -0.351 2.3601, 2.0323 -0.3529 2.3601, 2.0332 -0.355 2.3601, 2.0292 -0.3573 2.3617, 2.0334 -0.3573 2.3601, 2.0335 -0.3573 2.3601, 2.0373 -0.3573 2.3576, 2.031 -0.3463 2.3575, 2.0336 -0.3483 2.3575, 2.0356 -0.3509 2.3575, 2.0369 -0.354 2.3575, 2.0287 -0.342 2.3542, 2.0325 -0.3436 2.3542, 2.0358 -0.3461 2.3542, 2.0383 -0.3494 2.3542, 2.0399 -0.3532 2.3542, 2.0373 -0.3573 2.3575, 2.0404 -0.3573 2.3543, 2.0405 -0.3573 2.3542, 2.0427 -0.3573 2.3503, 1.8688 0.2882 2.2051, 1.8688 0.2882 0.8661, 1.8688 0.288 2.2051, 1.8707 0.2834 0.8661, 1.8708 0.2835 2.2053, 1.8708 0.2834 2.2053, 1.8739 0.2794 0.8661, 1.8739 0.2794 2.2054, 1.8779 0.2763 2.2053, 1.878 0.2762 0.8661, 1.878 0.2763 2.2053, 1.8825 0.2743 2.2051, 1.8827 0.2743 0.8661, 1.8827 0.2743 2.2051, 1.8827 0.4737 2.2051, 1.8827 0.4737 0.8661, 1.8825 0.4737 2.2051, 1.878 0.4718 0.8661, 1.878 0.4717 2.2053, 1.8779 0.4717 2.2053, 1.8739 0.4686 0.8661, 1.8739 0.4686 2.2054, 1.8708 0.4646 2.2053, 1.8707 0.4646 0.8661, 1.8708 0.4645 2.2053, 1.8688 0.46 2.2051, 1.8688 0.4598 0.8661, 1.8688 0.4598 2.2051, 1.9081 0.2992 2.3466, 1.9075 0.2993 2.3467, 1.9041 0.3007 2.347, 1.9029 0.3013 2.3471, 1.8989 0.3044 2.3473, 1.8976 0.3061 2.3472, 1.8958 0.3084 2.3471, 1.8938 0.313 2.3467, 1.8937 0.3136 2.3466, 1.9079 0.4301 2.3617, 1.8943 0.4301 2.3502, 1.8943 0.3179 2.3502, 1.8943 0.4301 2.3503, 1.8943 0.3179 2.3503, 1.8965 0.4301 2.3542, 1.8965 0.3179 2.3542, 1.8966 0.4301 2.3543, 1.8966 0.3179 2.3543, 1.8997 0.4301 2.3575, 1.8997 0.3179 2.3575, 1.8997 0.4301 2.3576, 1.8997 0.3179 2.3576, 1.9035 0.4301 2.3601, 1.9035 0.3179 2.3601, 1.9036 0.4301 2.3601, 1.9036 0.3179 2.3601, 1.9078 0.4301 2.3617, 1.9078 0.3179 2.3617, 1.9079 0.3179 2.3617, 1.8938 0.435 2.3467, 1.8938 0.4351 2.3467, 1.8958 0.4396 2.3471, 1.8958 0.4397 2.3471, 1.8989 0.4436 2.3473, 1.9028 0.4467 2.3471, 1.9029 0.4467 2.3471, 1.9074 0.4487 2.3467, 1.9075 0.4487 2.3467, 2.0543 0.2743 2.2051, 2.0543 0.2743 0.8661, 2.0545 0.2743 2.2051, 2.0591 0.2762 0.8661, 2.0591 0.2763 2.2053, 2.0591 0.2763 2.2053, 2.0631 0.2794 0.8661, 2.0631 0.2794 2.2054, 2.0662 0.2834 2.2053, 2.0663 0.2834 0.8661, 2.0662 0.2835 2.2053, 2.0682 0.288 2.2051, 2.0682 0.2882 0.8661, 2.0682 0.2882 2.2051, 1.9124 0.2998 2.3503, 1.9124 0.302 2.3542, 1.9089 0.3024 2.3542, 1.9124 0.3021 2.3543, 1.9124 0.3052 2.3575, 1.9096 0.3055 2.3575, 1.9104 0.3092 2.3601, 1.9114 0.3134 2.3617, 1.9104 0.3138 2.3617, 1.9083 0.3159 2.3617, 1.9088 0.315 2.3617, 1.9079 0.3169 2.3617, 1.9124 0.3134 2.3617, 1.9084 0.3002 2.3502, 1.9045 0.3016 2.3502, 1.9011 0.3037 2.3502, 1.8982 0.3066 2.3502, 1.8961 0.31 2.3502, 1.8947 0.3139 2.3502, 1.9124 0.3052 2.3576, 1.9124 0.309 2.3601, 1.9124 0.3091 2.3601, 1.9124 0.3133 2.3617, 1.9069 0.3109 2.3601, 1.9055 0.3124 2.3601, 1.9044 0.314 2.3601, 1.9037 0.3159 2.3601, 1.9085 0.3099 2.3601, 1.9095 0.3143 2.3617, 1.9069 0.3064 2.3575, 1.9045 0.308 2.3575, 1.9025 0.31 2.3575, 1.9009 0.3124 2.3575, 1.9 0.3151 2.3575, 1.9055 0.3036 2.3542, 1.9025 0.3055 2.3542, 1.9 0.308 2.3542, 1.8981 0.311 2.3542, 1.8969 0.3144 2.3542, 1.9124 0.2998 2.3502, 1.9001 0.4334 2.3575, 1.9038 0.4324 2.3601, 1.908 0.4313 2.3617, 1.9084 0.4324 2.3617, 1.9101 0.4341 2.3617, 1.9092 0.4333 2.3617, 1.9112 0.4345 2.3617, 1.8949 0.4348 2.3502, 1.8967 0.4392 2.3502, 1.8996 0.4429 2.3502, 1.9033 0.4458 2.3502, 1.9077 0.4476 2.3502, 1.9124 0.4482 2.3502, 1.9124 0.4346 2.3617, 1.9047 0.4346 2.3601, 1.9061 0.4364 2.3601, 1.908 0.4378 2.3601, 1.9101 0.4387 2.3601, 1.9124 0.4347 2.3617, 1.9124 0.4389 2.3601, 1.9124 0.439 2.3601, 1.9124 0.4428 2.3576, 1.9014 0.4365 2.3575, 1.9034 0.4391 2.3575, 1.906 0.4411 2.3575, 1.9091 0.4424 2.3575, 1.8971 0.4342 2.3542, 1.8987 0.438 2.3542, 1.9012 0.4413 2.3542, 1.9045 0.4438 2.3542, 1.9083 0.4454 2.3542, 1.9124 0.4428 2.3575, 1.9124 0.4459 2.3543, 1.9124 0.446 2.3542, 1.9124 0.4482 2.3503, 2.0682 0.4598 2.2051, 2.0682 0.4598 0.8661, 2.0682 0.46 2.2051, 2.0663 0.4646 0.8661, 2.0662 0.4645 2.2053, 2.0662 0.4646 2.2053, 2.0631 0.4686 0.8661, 2.0631 0.4686 2.2054, 2.0591 0.4717 2.2053, 2.0591 0.4718 0.8661, 2.0591 0.4717 2.2053, 2.0545 0.4737 2.2051, 2.0543 0.4737 0.8661, 2.0543 0.4737 2.2051, 2.0432 0.313 2.3467, 2.0432 0.3129 2.3467, 2.0412 0.3084 2.3471, 2.0412 0.3083 2.3471, 2.0381 0.3044 2.3473, 2.0342 0.3013 2.3471, 2.0341 0.3013 2.3471, 2.0296 0.2993 2.3467, 2.0295 0.2993 2.3467, 2.0246 0.2998 2.3502, 2.0246 0.2998 2.3503, 2.0246 0.302 2.3542, 2.0246 0.3021 2.3543, 2.0246 0.3052 2.3575, 2.0246 0.3052 2.3576, 2.0246 0.309 2.3601, 2.0246 0.3091 2.3601, 2.0246 0.3133 2.3617, 2.0246 0.3134 2.3617, 2.0246 0.4346 2.3617, 2.0246 0.4482 2.3502, 2.0246 0.4482 2.3503, 2.0246 0.446 2.3542, 2.0246 0.4459 2.3543, 2.0246 0.4428 2.3575, 2.0246 0.4428 2.3576, 2.0246 0.439 2.3601, 2.0246 0.4389 2.3601, 2.0246 0.4347 2.3617, 2.0295 0.4487 2.3467, 2.0296 0.4487 2.3467, 2.0341 0.4467 2.3471, 2.0342 0.4467 2.3471, 2.0381 0.4436 2.3473, 2.0412 0.4397 2.3471, 2.0412 0.4396 2.3471, 2.0432 0.4351 2.3467, 2.0432 0.435 2.3467, 2.0404 0.3179 2.3543, 2.0373 0.3179 2.3575, 2.0369 0.3146 2.3575, 2.0332 0.3156 2.3601, 2.029 0.3167 2.3617, 2.0286 0.3156 2.3617, 2.0269 0.3139 2.3617, 2.0278 0.3147 2.3617, 2.0258 0.3135 2.3617, 2.0292 0.3179 2.3617, 2.0421 0.3132 2.3502, 2.0403 0.3088 2.3502, 2.0374 0.3051 2.3502, 2.0337 0.3022 2.3502, 2.0293 0.3004 2.3502, 2.0373 0.3179 2.3576, 2.0335 0.3179 2.3601, 2.0334 0.3179 2.3601, 2.0292 0.3179 2.3617, 2.0323 0.3135 2.3601, 2.0309 0.3116 2.3601, 2.0291 0.3102 2.3601, 2.0269 0.3093 2.3601, 2.0356 0.3115 2.3575, 2.0336 0.3089 2.3575, 2.031 0.3069 2.3575, 2.0279 0.3056 2.3575, 2.0427 0.3179 2.3503, 2.0405 0.3179 2.3542, 2.0399 0.3138 2.3542, 2.0383 0.31 2.3542, 2.0358 0.3067 2.3542, 2.0325 0.3042 2.3542, 2.0287 0.3026 2.3542, 2.0427 0.3179 2.3502, 2.0279 0.4424 2.3575, 2.0269 0.4387 2.3601, 2.0258 0.4345 2.3617, 2.0269 0.4341 2.3617, 2.0286 0.4324 2.3617, 2.0278 0.4333 2.3617, 2.029 0.4313 2.3617, 2.0293 0.4476 2.3502, 2.0337 0.4458 2.3502, 2.0374 0.4429 2.3502, 2.0403 0.4392 2.3502, 2.0421 0.4348 2.3502, 2.0427 0.4301 2.3502, 2.0292 0.4301 2.3617, 2.0291 0.4378 2.3601, 2.0309 0.4364 2.3601, 2.0323 0.4346 2.3601, 2.0332 0.4324 2.3601, 2.0292 0.4301 2.3617, 2.0334 0.4301 2.3601, 2.0335 0.4301 2.3601, 2.0373 0.4301 2.3576, 2.031 0.4411 2.3575, 2.0336 0.4391 2.3575, 2.0356 0.4365 2.3575, 2.0369 0.4334 2.3575, 2.0287 0.4454 2.3542, 2.0325 0.4438 2.3542, 2.0358 0.4413 2.3542, 2.0383 0.438 2.3542, 2.0399 0.4342 2.3542, 2.0373 0.4301 2.3575, 2.0404 0.4301 2.3543, 2.0405 0.4301 2.3542, 2.0427 0.4301 2.3503
            ]
        }
        coordIndex [
            0,1,2,-1,2,1,3,-1,4,5,6,-1,6,5,7,-1,8,9,10,-1,10,9,11,-1,12,13,14,-1,14,13,15,-1,14,15,16,-1,16,15,9,-1,8,17,9,-1,9,17,18,-1,9,18,16,-1,19,20,21,-1,22,23,21,-1,21,23,24,-1,21,24,19,-1,25,26,27,-1,27,26,28,-1,27,28,21,-1,21,28,29,-1,21,29,22,-1,30,31,32,-1,30,32,33,-1,33,32,34,-1,33,34,35,-1,35,34,36,-1,35,36,37,-1,37,36,38,-1,37,38,39,-1,39,38,40,-1,39,40,41,-1,41,40,2,-1,41,2,3,-1,42,43,44,-1,44,43,45,-1,46,47,48,-1,48,47,49,-1,50,51,52,-1,52,51,53,-1,54,55,56,-1,56,55,57,-1,58,59,60,-1,60,59,61,-1,62,63,64,-1,64,63,65,-1,66,67,68,-1,68,67,69,-1,70,71,72,-1,72,71,73,-1,74,75,76,-1,77,78,79,-1,79,78,80,-1,79,80,76,-1,76,80,81,-1,76,81,74,-1,75,82,76,-1,76,82,83,-1,76,83,84,-1,85,86,87,-1,88,89,90,-1,90,89,91,-1,90,91,92,-1,92,93,90,-1,90,93,94,-1,90,94,87,-1,87,94,95,-1,87,95,85,-1,71,70,96,-1,71,96,97,-1,97,96,98,-1,97,98,99,-1,99,98,100,-1,99,100,101,-1,101,100,102,-1,101,102,103,-1,103,102,104,-1,103,104,105,-1,105,104,106,-1,105,106,107,-1,108,109,110,-1,110,109,111,-1,112,113,114,-1,114,113,115,-1,116,117,118,-1,118,117,119,-1,120,121,122,-1,122,121,123,-1,124,125,126,-1,126,125,127,-1,128,129,130,-1,130,129,131,-1,132,133,25,-1,25,133,134,-1,25,134,26,-1,26,134,135,-1,45,136,137,-1,45,137,44,-1,44,137,138,-1,44,138,139,-1,140,141,0,-1,0,141,142,-1,0,142,1,-1,1,142,143,-1,144,145,12,-1,12,145,146,-1,12,146,13,-1,13,146,147,-1,85,148,149,-1,85,149,86,-1,86,149,150,-1,86,150,151,-1,152,153,73,-1,73,153,154,-1,73,154,72,-1,72,154,155,-1,108,156,157,-1,108,157,109,-1,109,157,158,-1,109,158,159,-1,160,161,77,-1,77,161,162,-1,77,162,78,-1,78,162,163,-1,124,164,165,-1,124,165,125,-1,125,165,166,-1,125,166,167,-1,115,168,169,-1,115,169,114,-1,114,169,170,-1,114,170,171,-1,172,173,116,-1,116,173,174,-1,116,174,117,-1,117,174,175,-1,176,177,123,-1,123,177,178,-1,123,178,122,-1,122,178,179,-1,58,180,181,-1,58,181,59,-1,59,181,182,-1,59,182,183,-1,53,184,185,-1,53,185,52,-1,52,185,186,-1,52,186,187,-1,49,188,189,-1,49,189,48,-1,48,189,190,-1,48,190,191,-1,54,192,193,-1,54,193,55,-1,55,193,194,-1,55,194,195,-1,84,83,196,-1,196,83,197,-1,196,197,198,-1,198,197,199,-1,198,199,200,-1,200,199,201,-1,200,201,202,-1,202,201,203,-1,202,203,204,-1,204,203,205,-1,204,205,107,-1,107,205,105,-1,83,82,197,-1,197,82,206,-1,197,206,199,-1,199,206,207,-1,199,207,201,-1,201,207,208,-1,201,208,203,-1,203,208,209,-1,203,209,205,-1,205,209,210,-1,205,210,105,-1,105,210,103,-1,82,75,206,-1,206,75,211,-1,206,211,207,-1,207,211,212,-1,207,212,208,-1,208,212,213,-1,208,213,209,-1,209,213,214,-1,209,214,210,-1,210,214,215,-1,210,215,103,-1,103,215,101,-1,75,74,211,-1,211,74,216,-1,211,216,212,-1,212,216,217,-1,212,217,213,-1,213,217,218,-1,213,218,214,-1,214,218,219,-1,214,219,215,-1,215,219,220,-1,215,220,101,-1,101,220,99,-1,74,81,216,-1,216,81,221,-1,216,221,217,-1,217,221,222,-1,217,222,218,-1,218,222,223,-1,218,223,219,-1,219,223,224,-1,219,224,220,-1,220,224,225,-1,220,225,99,-1,99,225,97,-1,81,80,221,-1,221,80,226,-1,221,226,222,-1,222,226,227,-1,222,227,223,-1,223,227,228,-1,223,228,224,-1,224,228,229,-1,224,229,225,-1,225,229,230,-1,225,230,97,-1,97,230,71,-1,77,79,160,-1,160,79,231,-1,160,231,232,-1,232,231,233,-1,233,231,234,-1,233,234,235,-1,235,234,236,-1,236,234,237,-1,236,237,238,-1,238,237,239,-1,239,237,240,-1,239,240,241,-1,241,240,242,-1,242,240,243,-1,242,243,244,-1,244,243,245,-1,245,243,246,-1,245,246,247,-1,111,109,246,-1,246,109,159,-1,246,159,247,-1,152,73,71,-1,152,71,248,-1,248,71,230,-1,248,230,249,-1,249,230,229,-1,249,229,250,-1,250,229,251,-1,251,229,228,-1,251,228,252,-1,252,228,253,-1,253,228,227,-1,253,227,254,-1,254,227,255,-1,255,227,226,-1,255,226,256,-1,80,78,226,-1,226,78,163,-1,226,163,256,-1,159,158,257,-1,159,257,247,-1,247,257,258,-1,247,258,245,-1,258,259,245,-1,245,259,260,-1,245,260,244,-1,260,261,244,-1,244,261,262,-1,244,262,242,-1,242,262,263,-1,242,263,241,-1,241,263,264,-1,241,264,239,-1,264,265,239,-1,239,265,266,-1,239,266,238,-1,238,266,267,-1,268,235,267,-1,267,235,236,-1,267,236,238,-1,161,160,269,-1,269,160,232,-1,269,232,268,-1,268,232,233,-1,268,233,235,-1,69,67,270,-1,162,161,271,-1,271,161,272,-1,271,272,273,-1,273,272,274,-1,273,274,275,-1,275,274,276,-1,275,276,277,-1,277,276,278,-1,277,278,279,-1,279,278,280,-1,279,280,281,-1,281,280,282,-1,281,282,283,-1,283,282,284,-1,283,284,285,-1,285,284,286,-1,285,286,287,-1,287,286,288,-1,287,288,270,-1,270,288,289,-1,270,289,69,-1,163,162,256,-1,256,162,290,-1,256,290,255,-1,255,290,291,-1,255,291,254,-1,254,291,253,-1,291,292,253,-1,253,292,293,-1,253,293,252,-1,252,293,294,-1,252,294,251,-1,251,294,295,-1,295,296,251,-1,251,296,297,-1,251,297,250,-1,250,297,298,-1,250,298,249,-1,298,299,249,-1,249,299,300,-1,249,300,248,-1,153,152,301,-1,301,152,248,-1,301,248,302,-1,302,248,300,-1,106,104,303,-1,303,104,304,-1,303,304,305,-1,305,304,306,-1,305,306,307,-1,307,306,308,-1,307,308,309,-1,309,308,310,-1,309,310,311,-1,311,310,312,-1,311,312,88,-1,88,312,89,-1,104,102,304,-1,304,102,313,-1,304,313,306,-1,306,313,314,-1,306,314,308,-1,308,314,315,-1,308,315,310,-1,310,315,316,-1,310,316,312,-1,312,316,317,-1,312,317,89,-1,89,317,91,-1,102,100,313,-1,313,100,318,-1,313,318,314,-1,314,318,319,-1,314,319,315,-1,315,319,320,-1,315,320,316,-1,316,320,321,-1,316,321,317,-1,317,321,322,-1,317,322,91,-1,91,322,92,-1,100,98,318,-1,318,98,323,-1,318,323,319,-1,319,323,324,-1,319,324,320,-1,320,324,325,-1,320,325,321,-1,321,325,326,-1,321,326,322,-1,322,326,327,-1,322,327,92,-1,92,327,93,-1,98,96,323,-1,323,96,328,-1,323,328,324,-1,324,328,329,-1,324,329,325,-1,325,329,330,-1,325,330,326,-1,326,330,331,-1,326,331,327,-1,327,331,332,-1,327,332,93,-1,93,332,94,-1,96,70,328,-1,328,70,333,-1,328,333,329,-1,329,333,334,-1,329,334,330,-1,330,334,335,-1,330,335,331,-1,331,335,336,-1,331,336,332,-1,332,336,337,-1,332,337,94,-1,94,337,95,-1,108,110,156,-1,156,110,338,-1,156,338,339,-1,339,338,340,-1,340,338,341,-1,340,341,342,-1,342,341,343,-1,343,341,344,-1,343,344,345,-1,345,344,346,-1,346,344,347,-1,346,347,348,-1,348,347,349,-1,349,347,350,-1,349,350,351,-1,87,86,350,-1,350,86,151,-1,350,151,351,-1,289,288,352,-1,286,284,353,-1,282,280,354,-1,278,276,355,-1,274,272,356,-1,357,257,158,-1,358,262,359,-1,359,262,261,-1,359,261,260,-1,360,264,358,-1,358,264,263,-1,358,263,262,-1,265,361,266,-1,266,361,362,-1,266,362,267,-1,267,362,268,-1,268,362,356,-1,268,356,269,-1,269,356,272,-1,269,272,161,-1,158,363,357,-1,357,363,364,-1,357,364,365,-1,364,366,365,-1,365,366,367,-1,365,367,368,-1,367,369,368,-1,368,369,370,-1,368,370,371,-1,370,372,371,-1,371,372,373,-1,371,373,352,-1,276,274,355,-1,355,274,356,-1,355,356,374,-1,374,356,362,-1,374,362,360,-1,360,362,361,-1,360,361,264,-1,264,361,265,-1,280,278,354,-1,354,278,355,-1,354,355,375,-1,375,355,374,-1,375,374,376,-1,376,374,360,-1,376,360,377,-1,377,360,358,-1,377,358,378,-1,378,358,359,-1,378,359,259,-1,259,359,260,-1,284,282,353,-1,353,282,354,-1,353,354,379,-1,379,354,375,-1,379,375,380,-1,380,375,376,-1,380,376,381,-1,381,376,377,-1,381,377,382,-1,382,377,378,-1,382,378,258,-1,258,378,259,-1,288,286,352,-1,352,286,353,-1,352,353,371,-1,371,353,379,-1,371,379,368,-1,368,379,380,-1,368,380,365,-1,365,380,381,-1,365,381,357,-1,357,381,382,-1,357,382,257,-1,257,382,258,-1,69,289,383,-1,383,289,352,-1,383,352,384,-1,384,352,373,-1,291,290,385,-1,385,290,162,-1,294,293,386,-1,386,293,292,-1,297,296,387,-1,387,296,295,-1,300,299,388,-1,388,299,298,-1,388,298,297,-1,388,389,300,-1,300,389,390,-1,300,390,302,-1,302,390,391,-1,302,391,301,-1,301,391,392,-1,301,392,153,-1,162,271,385,-1,385,271,273,-1,385,273,393,-1,273,275,393,-1,393,275,277,-1,393,277,394,-1,277,279,394,-1,394,279,281,-1,394,281,395,-1,281,283,395,-1,395,283,285,-1,395,285,396,-1,67,397,270,-1,270,397,396,-1,270,396,287,-1,287,396,285,-1,291,385,398,-1,398,385,393,-1,398,393,399,-1,399,393,394,-1,399,394,400,-1,400,394,395,-1,400,395,401,-1,401,395,396,-1,401,396,402,-1,397,403,396,-1,396,403,404,-1,396,404,402,-1,402,404,405,-1,402,405,406,-1,406,407,402,-1,402,407,408,-1,402,408,401,-1,401,408,409,-1,401,409,400,-1,400,409,410,-1,400,410,399,-1,399,410,386,-1,399,386,398,-1,398,386,292,-1,398,292,291,-1,294,386,295,-1,295,386,410,-1,295,410,387,-1,387,410,409,-1,387,409,411,-1,411,409,408,-1,411,408,412,-1,412,408,407,-1,412,407,413,-1,406,414,407,-1,407,414,415,-1,407,415,413,-1,413,415,416,-1,413,416,417,-1,297,387,388,-1,388,387,411,-1,388,411,389,-1,389,411,412,-1,389,412,390,-1,390,412,413,-1,390,413,391,-1,391,413,417,-1,391,417,392,-1,148,85,95,-1,148,95,418,-1,418,95,337,-1,418,337,419,-1,419,337,336,-1,419,336,420,-1,420,336,421,-1,421,336,335,-1,421,335,422,-1,422,335,423,-1,423,335,334,-1,423,334,424,-1,424,334,425,-1,425,334,333,-1,425,333,426,-1,70,72,333,-1,333,72,155,-1,333,155,426,-1,151,150,351,-1,351,150,427,-1,351,427,349,-1,349,427,428,-1,349,428,348,-1,348,428,346,-1,428,429,346,-1,346,429,430,-1,346,430,345,-1,345,430,431,-1,345,431,343,-1,343,431,432,-1,432,433,343,-1,343,433,434,-1,343,434,342,-1,342,434,435,-1,342,435,340,-1,435,436,340,-1,340,436,437,-1,340,437,339,-1,157,156,438,-1,438,156,339,-1,438,339,439,-1,439,339,437,-1,68,69,383,-1,158,157,363,-1,363,157,440,-1,363,440,364,-1,364,440,441,-1,364,441,366,-1,366,441,442,-1,366,442,367,-1,367,442,443,-1,367,443,369,-1,369,443,444,-1,369,444,370,-1,370,444,445,-1,370,445,372,-1,372,445,446,-1,372,446,373,-1,373,446,447,-1,373,447,384,-1,384,447,448,-1,384,448,383,-1,383,448,449,-1,383,449,68,-1,67,66,450,-1,154,153,451,-1,451,153,392,-1,451,392,452,-1,452,392,417,-1,452,417,453,-1,453,417,416,-1,453,416,454,-1,454,416,415,-1,454,415,455,-1,455,415,414,-1,455,414,456,-1,456,414,406,-1,456,406,457,-1,457,406,405,-1,457,405,458,-1,458,405,404,-1,458,404,459,-1,459,404,403,-1,459,403,450,-1,450,403,397,-1,450,397,67,-1,155,154,460,-1,155,460,426,-1,426,460,461,-1,426,461,425,-1,461,462,425,-1,425,462,463,-1,425,463,424,-1,424,463,423,-1,423,463,464,-1,423,464,465,-1,465,466,423,-1,423,466,467,-1,423,467,422,-1,467,468,422,-1,422,468,469,-1,422,469,421,-1,421,469,470,-1,421,470,420,-1,420,470,471,-1,149,148,472,-1,472,148,418,-1,472,418,471,-1,471,418,419,-1,471,419,420,-1,473,474,475,-1,476,477,478,-1,479,480,481,-1,150,482,483,-1,484,429,485,-1,485,429,428,-1,485,428,483,-1,483,428,427,-1,483,427,150,-1,432,431,484,-1,484,431,430,-1,484,430,429,-1,434,486,487,-1,437,436,487,-1,487,436,435,-1,487,435,434,-1,440,488,441,-1,441,488,489,-1,490,443,489,-1,489,443,442,-1,489,442,441,-1,491,445,490,-1,490,445,444,-1,490,444,443,-1,449,448,492,-1,492,448,447,-1,492,447,491,-1,491,447,446,-1,491,446,445,-1,68,449,493,-1,493,449,492,-1,493,492,494,-1,494,492,495,-1,480,495,481,-1,481,495,492,-1,481,492,496,-1,496,492,491,-1,496,491,497,-1,497,491,490,-1,497,490,498,-1,498,490,489,-1,498,489,499,-1,499,489,488,-1,477,479,478,-1,478,479,481,-1,478,481,500,-1,500,481,496,-1,500,496,501,-1,501,496,497,-1,501,497,502,-1,502,497,498,-1,502,498,503,-1,503,498,499,-1,474,476,475,-1,475,476,478,-1,475,478,504,-1,504,478,500,-1,504,500,505,-1,505,500,501,-1,505,501,486,-1,486,501,502,-1,486,502,487,-1,487,502,503,-1,487,503,437,-1,437,503,499,-1,437,499,439,-1,439,499,488,-1,439,488,438,-1,438,488,440,-1,438,440,157,-1,482,473,483,-1,483,473,475,-1,483,475,485,-1,485,475,504,-1,485,504,484,-1,484,504,505,-1,484,505,432,-1,432,505,486,-1,432,486,433,-1,433,486,434,-1,506,507,508,-1,509,510,511,-1,512,513,514,-1,515,516,517,-1,518,460,154,-1,519,465,520,-1,520,465,464,-1,520,464,463,-1,521,467,519,-1,519,467,466,-1,519,466,465,-1,468,522,469,-1,469,522,523,-1,469,523,470,-1,470,523,471,-1,471,523,508,-1,471,508,472,-1,472,508,507,-1,472,507,149,-1,524,525,526,-1,526,525,450,-1,526,450,66,-1,527,458,525,-1,525,458,459,-1,525,459,450,-1,528,456,527,-1,527,456,457,-1,527,457,458,-1,510,506,511,-1,511,506,508,-1,511,508,529,-1,529,508,523,-1,529,523,521,-1,521,523,522,-1,521,522,467,-1,467,522,468,-1,530,454,528,-1,528,454,455,-1,528,455,456,-1,154,451,518,-1,518,451,452,-1,518,452,530,-1,530,452,453,-1,530,453,454,-1,524,515,525,-1,525,515,517,-1,525,517,527,-1,527,517,531,-1,527,531,528,-1,528,531,532,-1,528,532,530,-1,530,532,533,-1,530,533,518,-1,518,533,534,-1,518,534,460,-1,460,534,461,-1,516,512,517,-1,517,512,514,-1,517,514,531,-1,531,514,535,-1,531,535,532,-1,532,535,536,-1,532,536,533,-1,533,536,537,-1,533,537,534,-1,534,537,538,-1,534,538,461,-1,461,538,462,-1,513,509,514,-1,514,509,511,-1,514,511,535,-1,535,511,529,-1,535,529,536,-1,536,529,521,-1,536,521,537,-1,537,521,519,-1,537,519,538,-1,538,519,520,-1,538,520,462,-1,462,520,463,-1,150,149,482,-1,482,149,507,-1,482,507,473,-1,473,507,506,-1,473,506,474,-1,474,506,510,-1,474,510,476,-1,476,510,509,-1,476,509,477,-1,477,509,513,-1,477,513,479,-1,479,513,512,-1,479,512,480,-1,480,512,516,-1,480,516,495,-1,495,516,515,-1,495,515,494,-1,494,515,524,-1,494,524,493,-1,524,526,493,-1,493,526,66,-1,493,66,68,-1,14,16,539,-1,539,16,540,-1,539,540,541,-1,541,540,542,-1,541,542,543,-1,543,542,544,-1,543,544,545,-1,545,544,546,-1,545,546,547,-1,547,546,548,-1,547,548,3,-1,3,548,41,-1,16,18,540,-1,540,18,549,-1,540,549,542,-1,542,549,550,-1,542,550,544,-1,544,550,551,-1,544,551,546,-1,546,551,552,-1,546,552,548,-1,548,552,553,-1,548,553,41,-1,41,553,39,-1,18,17,549,-1,549,17,554,-1,549,554,550,-1,550,554,555,-1,550,555,551,-1,551,555,556,-1,551,556,552,-1,552,556,557,-1,552,557,553,-1,553,557,558,-1,553,558,39,-1,39,558,37,-1,17,8,554,-1,554,8,559,-1,554,559,555,-1,555,559,560,-1,555,560,556,-1,556,560,561,-1,556,561,557,-1,557,561,562,-1,557,562,558,-1,558,562,563,-1,558,563,37,-1,37,563,35,-1,8,10,559,-1,559,10,564,-1,559,564,560,-1,560,564,565,-1,560,565,561,-1,561,565,566,-1,561,566,562,-1,562,566,567,-1,562,567,563,-1,563,567,568,-1,563,568,35,-1,35,568,33,-1,10,11,564,-1,564,11,569,-1,564,569,565,-1,565,569,570,-1,565,570,566,-1,566,570,571,-1,566,571,567,-1,567,571,572,-1,567,572,568,-1,568,572,573,-1,568,573,33,-1,33,573,30,-1,144,12,14,-1,144,14,574,-1,574,14,539,-1,574,539,575,-1,575,539,541,-1,575,541,576,-1,576,541,577,-1,577,541,543,-1,577,543,578,-1,578,543,579,-1,579,543,545,-1,579,545,580,-1,580,545,581,-1,581,545,547,-1,581,547,582,-1,3,1,547,-1,547,1,143,-1,547,143,582,-1,45,43,136,-1,136,43,583,-1,136,583,584,-1,584,583,585,-1,585,583,586,-1,585,586,587,-1,587,586,588,-1,588,586,589,-1,588,589,590,-1,590,589,591,-1,591,589,592,-1,591,592,593,-1,593,592,594,-1,594,592,595,-1,594,595,596,-1,15,13,595,-1,595,13,147,-1,595,147,596,-1,2,40,597,-1,597,40,598,-1,597,598,599,-1,599,598,600,-1,599,600,601,-1,601,600,602,-1,601,602,603,-1,603,602,604,-1,603,604,605,-1,605,604,606,-1,605,606,28,-1,28,606,29,-1,40,38,598,-1,598,38,607,-1,598,607,600,-1,600,607,608,-1,600,608,602,-1,602,608,609,-1,602,609,604,-1,604,609,610,-1,604,610,606,-1,606,610,611,-1,606,611,29,-1,29,611,22,-1,38,36,607,-1,607,36,612,-1,607,612,608,-1,608,612,613,-1,608,613,609,-1,609,613,614,-1,609,614,610,-1,610,614,615,-1,610,615,611,-1,611,615,616,-1,611,616,22,-1,22,616,23,-1,36,34,612,-1,612,34,617,-1,612,617,613,-1,613,617,618,-1,613,618,614,-1,614,618,619,-1,614,619,615,-1,615,619,620,-1,615,620,616,-1,616,620,621,-1,616,621,23,-1,23,621,24,-1,34,32,617,-1,617,32,622,-1,617,622,618,-1,618,622,623,-1,618,623,619,-1,619,623,624,-1,619,624,620,-1,620,624,625,-1,620,625,621,-1,621,625,626,-1,621,626,24,-1,24,626,19,-1,32,31,622,-1,622,31,627,-1,622,627,623,-1,623,627,628,-1,623,628,624,-1,624,628,629,-1,624,629,625,-1,625,629,630,-1,625,630,626,-1,626,630,631,-1,626,631,19,-1,19,631,20,-1,143,142,632,-1,143,632,582,-1,582,632,633,-1,582,633,581,-1,581,633,634,-1,581,634,580,-1,580,634,635,-1,580,635,579,-1,579,635,636,-1,579,636,637,-1,637,638,579,-1,579,638,639,-1,579,639,578,-1,639,640,578,-1,578,640,641,-1,578,641,577,-1,577,641,642,-1,577,642,576,-1,576,642,643,-1,145,144,644,-1,644,144,574,-1,644,574,643,-1,643,574,575,-1,643,575,576,-1,7,5,645,-1,146,145,646,-1,646,145,647,-1,646,647,648,-1,648,647,649,-1,648,649,650,-1,650,649,651,-1,650,651,652,-1,652,651,653,-1,652,653,654,-1,654,653,655,-1,654,655,656,-1,656,655,657,-1,656,657,658,-1,658,657,659,-1,658,659,660,-1,660,659,661,-1,660,661,662,-1,662,661,663,-1,662,663,645,-1,645,663,664,-1,645,664,7,-1,147,146,596,-1,596,146,665,-1,596,665,594,-1,594,665,666,-1,594,666,593,-1,593,666,591,-1,666,667,591,-1,591,667,668,-1,591,668,590,-1,590,668,669,-1,590,669,588,-1,588,669,670,-1,670,671,588,-1,588,671,672,-1,588,672,587,-1,587,672,673,-1,587,673,585,-1,673,674,585,-1,585,674,675,-1,585,675,584,-1,137,136,676,-1,676,136,584,-1,676,584,677,-1,677,584,675,-1,140,0,2,-1,140,2,678,-1,678,2,597,-1,678,597,679,-1,679,597,599,-1,679,599,680,-1,680,599,681,-1,681,599,601,-1,681,601,682,-1,682,601,683,-1,683,601,603,-1,683,603,684,-1,684,603,685,-1,685,603,605,-1,685,605,686,-1,28,26,605,-1,605,26,135,-1,605,135,686,-1,649,647,687,-1,653,651,688,-1,657,655,689,-1,661,659,690,-1,691,632,142,-1,692,637,693,-1,693,637,636,-1,693,636,635,-1,694,639,692,-1,692,639,638,-1,692,638,637,-1,640,695,641,-1,641,695,696,-1,641,696,642,-1,642,696,643,-1,643,696,687,-1,643,687,644,-1,644,687,647,-1,644,647,145,-1,663,697,664,-1,664,697,698,-1,664,698,7,-1,699,700,697,-1,697,700,701,-1,697,701,698,-1,702,703,699,-1,699,703,704,-1,699,704,700,-1,651,649,688,-1,688,649,687,-1,688,687,705,-1,705,687,696,-1,705,696,694,-1,694,696,695,-1,694,695,639,-1,639,695,640,-1,706,707,702,-1,702,707,708,-1,702,708,703,-1,142,709,691,-1,691,709,710,-1,691,710,706,-1,706,710,711,-1,706,711,707,-1,663,661,697,-1,697,661,690,-1,697,690,699,-1,699,690,712,-1,699,712,702,-1,702,712,713,-1,702,713,706,-1,706,713,714,-1,706,714,691,-1,691,714,715,-1,691,715,632,-1,632,715,633,-1,659,657,690,-1,690,657,689,-1,690,689,712,-1,712,689,716,-1,712,716,713,-1,713,716,717,-1,713,717,714,-1,714,717,718,-1,714,718,715,-1,715,718,719,-1,715,719,633,-1,633,719,634,-1,655,653,689,-1,689,653,688,-1,689,688,716,-1,716,688,705,-1,716,705,717,-1,717,705,694,-1,717,694,718,-1,718,694,692,-1,718,692,719,-1,719,692,693,-1,719,693,634,-1,634,693,635,-1,648,650,720,-1,652,654,721,-1,656,658,722,-1,146,646,723,-1,724,667,725,-1,725,667,666,-1,725,666,723,-1,723,666,665,-1,723,665,146,-1,670,669,724,-1,724,669,668,-1,724,668,667,-1,672,726,727,-1,675,674,727,-1,727,674,673,-1,727,673,672,-1,728,729,730,-1,730,729,731,-1,732,733,731,-1,731,733,734,-1,731,734,730,-1,735,736,732,-1,732,736,737,-1,732,737,733,-1,738,739,740,-1,740,739,741,-1,740,741,735,-1,735,741,742,-1,735,742,736,-1,5,738,645,-1,645,738,740,-1,645,740,662,-1,662,740,660,-1,658,660,722,-1,722,660,740,-1,722,740,743,-1,743,740,735,-1,743,735,744,-1,744,735,732,-1,744,732,745,-1,745,732,731,-1,745,731,746,-1,746,731,729,-1,654,656,721,-1,721,656,722,-1,721,722,747,-1,747,722,743,-1,747,743,748,-1,748,743,744,-1,748,744,749,-1,749,744,745,-1,749,745,750,-1,750,745,746,-1,650,652,720,-1,720,652,721,-1,720,721,751,-1,751,721,747,-1,751,747,752,-1,752,747,748,-1,752,748,726,-1,726,748,749,-1,726,749,727,-1,727,749,750,-1,727,750,675,-1,675,750,746,-1,675,746,677,-1,677,746,729,-1,677,729,676,-1,676,729,728,-1,676,728,137,-1,646,648,723,-1,723,648,720,-1,723,720,725,-1,725,720,751,-1,725,751,724,-1,724,751,752,-1,724,752,670,-1,670,752,726,-1,670,726,671,-1,671,726,672,-1,25,27,132,-1,132,27,753,-1,132,753,754,-1,754,753,755,-1,755,753,756,-1,755,756,757,-1,757,756,758,-1,758,756,759,-1,758,759,760,-1,760,759,761,-1,761,759,762,-1,761,762,763,-1,763,762,764,-1,764,762,765,-1,764,765,766,-1,42,44,765,-1,765,44,139,-1,765,139,766,-1,135,134,686,-1,686,134,767,-1,686,767,685,-1,685,767,768,-1,685,768,684,-1,684,768,683,-1,768,769,683,-1,683,769,770,-1,683,770,682,-1,682,770,771,-1,682,771,681,-1,681,771,772,-1,772,773,681,-1,681,773,774,-1,681,774,680,-1,680,774,775,-1,680,775,679,-1,775,776,679,-1,679,776,777,-1,679,777,678,-1,141,140,778,-1,778,140,678,-1,778,678,779,-1,779,678,777,-1,6,7,698,-1,142,141,709,-1,709,141,780,-1,709,780,710,-1,710,780,781,-1,710,781,711,-1,711,781,782,-1,711,782,707,-1,707,782,783,-1,707,783,708,-1,708,783,784,-1,708,784,703,-1,703,784,785,-1,703,785,704,-1,704,785,786,-1,704,786,700,-1,700,786,787,-1,700,787,701,-1,701,787,788,-1,701,788,698,-1,698,788,789,-1,698,789,6,-1,5,4,790,-1,138,137,791,-1,791,137,728,-1,791,728,792,-1,792,728,730,-1,792,730,793,-1,793,730,734,-1,793,734,794,-1,794,734,733,-1,794,733,795,-1,795,733,737,-1,795,737,796,-1,796,737,736,-1,796,736,797,-1,797,736,742,-1,797,742,798,-1,798,742,741,-1,798,741,799,-1,799,741,739,-1,799,739,790,-1,790,739,738,-1,790,738,5,-1,139,138,800,-1,139,800,766,-1,766,800,801,-1,766,801,764,-1,764,801,802,-1,764,802,763,-1,763,802,803,-1,763,803,761,-1,761,803,804,-1,761,804,805,-1,805,806,761,-1,761,806,807,-1,761,807,760,-1,807,808,760,-1,760,808,809,-1,760,809,758,-1,758,809,810,-1,758,810,757,-1,757,810,811,-1,133,132,812,-1,812,132,754,-1,812,754,811,-1,811,754,755,-1,811,755,757,-1,768,767,813,-1,813,767,134,-1,771,770,814,-1,814,770,769,-1,774,773,815,-1,815,773,772,-1,777,776,816,-1,816,776,775,-1,816,775,774,-1,816,817,777,-1,777,817,818,-1,777,818,779,-1,779,818,819,-1,779,819,778,-1,778,819,780,-1,778,780,141,-1,134,820,813,-1,813,820,821,-1,813,821,822,-1,821,823,822,-1,822,823,824,-1,822,824,825,-1,824,826,825,-1,825,826,827,-1,825,827,828,-1,827,829,828,-1,828,829,830,-1,828,830,831,-1,6,789,832,-1,832,789,831,-1,832,831,833,-1,833,831,830,-1,768,813,834,-1,834,813,822,-1,834,822,835,-1,835,822,825,-1,835,825,836,-1,836,825,828,-1,836,828,837,-1,837,828,831,-1,837,831,838,-1,789,788,831,-1,831,788,787,-1,831,787,838,-1,838,787,786,-1,838,786,785,-1,785,839,838,-1,838,839,840,-1,838,840,837,-1,837,840,841,-1,837,841,836,-1,836,841,842,-1,836,842,835,-1,835,842,814,-1,835,814,834,-1,834,814,769,-1,834,769,768,-1,771,814,772,-1,772,814,842,-1,772,842,815,-1,815,842,841,-1,815,841,843,-1,843,841,840,-1,843,840,844,-1,844,840,839,-1,844,839,845,-1,785,784,839,-1,839,784,783,-1,839,783,845,-1,845,783,782,-1,845,782,781,-1,774,815,816,-1,816,815,843,-1,816,843,817,-1,817,843,844,-1,817,844,818,-1,818,844,845,-1,818,845,819,-1,819,845,781,-1,819,781,780,-1,846,847,848,-1,849,850,851,-1,852,853,854,-1,855,856,857,-1,858,859,860,-1,861,800,138,-1,862,805,863,-1,863,805,804,-1,863,804,803,-1,864,807,862,-1,862,807,806,-1,862,806,805,-1,808,865,809,-1,809,865,866,-1,809,866,810,-1,810,866,811,-1,811,866,860,-1,811,860,812,-1,812,860,859,-1,812,859,133,-1,138,791,861,-1,861,791,792,-1,861,792,867,-1,792,793,867,-1,867,793,794,-1,867,794,868,-1,794,795,868,-1,868,795,796,-1,868,796,869,-1,796,797,869,-1,869,797,798,-1,869,798,848,-1,856,858,857,-1,857,858,860,-1,857,860,870,-1,870,860,866,-1,870,866,864,-1,864,866,865,-1,864,865,807,-1,807,865,808,-1,853,855,854,-1,854,855,857,-1,854,857,871,-1,871,857,870,-1,871,870,872,-1,872,870,864,-1,872,864,873,-1,873,864,862,-1,873,862,874,-1,874,862,863,-1,874,863,802,-1,802,863,803,-1,850,852,851,-1,851,852,854,-1,851,854,875,-1,875,854,871,-1,875,871,876,-1,876,871,872,-1,876,872,877,-1,877,872,873,-1,877,873,878,-1,878,873,874,-1,878,874,801,-1,801,874,802,-1,847,849,848,-1,848,849,851,-1,848,851,869,-1,869,851,875,-1,869,875,868,-1,868,875,876,-1,868,876,867,-1,867,876,877,-1,867,877,861,-1,861,877,878,-1,861,878,800,-1,800,878,801,-1,4,846,790,-1,790,846,848,-1,790,848,799,-1,799,848,798,-1,134,133,820,-1,820,133,859,-1,820,859,821,-1,821,859,858,-1,821,858,823,-1,823,858,856,-1,823,856,824,-1,824,856,855,-1,824,855,826,-1,826,855,853,-1,826,853,827,-1,827,853,852,-1,827,852,829,-1,829,852,850,-1,829,850,830,-1,830,850,849,-1,830,849,833,-1,833,849,847,-1,833,847,832,-1,847,846,832,-1,832,846,4,-1,832,4,6,-1,192,54,56,-1,192,56,879,-1,879,56,880,-1,879,880,881,-1,881,880,882,-1,881,882,883,-1,883,882,884,-1,884,882,885,-1,884,885,886,-1,886,885,887,-1,887,885,888,-1,887,888,889,-1,889,888,890,-1,890,888,891,-1,890,891,892,-1,46,48,891,-1,891,48,191,-1,891,191,892,-1,184,53,51,-1,184,51,893,-1,893,51,894,-1,893,894,895,-1,895,894,896,-1,895,896,897,-1,897,896,898,-1,898,896,899,-1,898,899,900,-1,900,899,901,-1,901,899,902,-1,901,902,903,-1,903,902,904,-1,904,902,905,-1,904,905,906,-1,57,55,905,-1,905,55,195,-1,905,195,906,-1,887,889,907,-1,907,889,890,-1,907,890,190,-1,190,890,892,-1,190,892,191,-1,907,908,887,-1,887,908,909,-1,887,909,886,-1,886,909,910,-1,910,911,886,-1,886,911,912,-1,886,912,884,-1,884,912,913,-1,884,913,883,-1,883,913,914,-1,883,914,881,-1,881,914,915,-1,881,915,879,-1,879,915,193,-1,879,193,192,-1,65,63,916,-1,194,193,917,-1,917,193,918,-1,917,918,919,-1,919,918,920,-1,919,920,921,-1,921,920,922,-1,921,922,923,-1,923,922,924,-1,923,924,925,-1,925,924,926,-1,925,926,927,-1,927,926,928,-1,927,928,929,-1,929,928,930,-1,929,930,931,-1,931,930,932,-1,931,932,933,-1,933,932,934,-1,933,934,916,-1,916,934,935,-1,916,935,65,-1,195,194,906,-1,906,194,936,-1,906,936,904,-1,904,936,937,-1,904,937,903,-1,903,937,938,-1,903,938,901,-1,938,939,901,-1,901,939,940,-1,901,940,900,-1,900,940,941,-1,900,941,898,-1,898,941,942,-1,898,942,897,-1,897,942,943,-1,185,184,944,-1,944,184,893,-1,944,893,943,-1,943,893,895,-1,943,895,897,-1,188,49,47,-1,188,47,945,-1,945,47,946,-1,945,946,947,-1,947,946,948,-1,947,948,949,-1,949,948,950,-1,950,948,951,-1,950,951,952,-1,952,951,953,-1,953,951,954,-1,953,954,955,-1,955,954,956,-1,956,954,957,-1,956,957,958,-1,958,957,959,-1,959,957,960,-1,959,960,961,-1,61,59,960,-1,960,59,183,-1,960,183,961,-1,962,963,964,-1,965,966,967,-1,65,968,969,-1,970,968,65,-1,967,966,65,-1,971,65,966,-1,972,908,907,-1,908,972,909,-1,909,972,973,-1,909,973,910,-1,910,973,974,-1,910,974,911,-1,911,974,975,-1,911,975,912,-1,912,975,913,-1,913,975,976,-1,913,976,914,-1,914,976,915,-1,915,976,918,-1,915,918,193,-1,935,970,65,-1,977,978,965,-1,965,978,979,-1,965,979,966,-1,966,979,980,-1,966,980,971,-1,981,969,982,-1,982,969,968,-1,982,968,983,-1,983,968,970,-1,983,970,984,-1,935,934,970,-1,970,934,932,-1,970,932,984,-1,984,932,930,-1,984,930,928,-1,964,981,985,-1,985,981,982,-1,985,982,986,-1,986,982,983,-1,986,983,987,-1,987,983,984,-1,987,984,988,-1,988,984,928,-1,989,990,991,-1,991,990,962,-1,962,964,991,-1,991,964,985,-1,991,985,992,-1,992,985,986,-1,992,986,993,-1,993,986,987,-1,993,987,994,-1,994,987,988,-1,994,988,995,-1,963,977,964,-1,964,977,965,-1,964,965,981,-1,981,965,967,-1,981,967,969,-1,969,967,65,-1,989,972,996,-1,996,972,907,-1,996,907,190,-1,928,926,988,-1,988,926,924,-1,988,924,995,-1,995,924,922,-1,995,922,920,-1,989,991,972,-1,972,991,992,-1,972,992,973,-1,973,992,993,-1,973,993,974,-1,974,993,994,-1,974,994,975,-1,975,994,995,-1,975,995,976,-1,976,995,920,-1,976,920,918,-1,919,921,997,-1,923,925,998,-1,999,1000,1001,-1,63,1002,1003,-1,1004,1002,63,-1,1001,1000,63,-1,916,63,1000,-1,936,1005,937,-1,937,1005,1006,-1,940,939,1006,-1,1006,939,938,-1,1006,938,937,-1,1006,1007,940,-1,940,1007,1008,-1,940,1008,941,-1,941,1008,1009,-1,941,1009,942,-1,942,1009,943,-1,943,1009,1010,-1,943,1010,944,-1,944,1010,1011,-1,944,1011,185,-1,1012,1004,63,-1,927,929,999,-1,999,929,931,-1,999,931,1000,-1,1000,931,933,-1,1000,933,916,-1,1013,1003,1014,-1,1014,1003,1002,-1,1014,1002,1015,-1,1015,1002,1004,-1,1015,1004,1016,-1,925,927,998,-1,998,927,999,-1,998,999,1017,-1,1017,999,1001,-1,1017,1001,1018,-1,1018,1001,63,-1,1012,1019,1004,-1,1004,1019,1020,-1,1004,1020,1016,-1,1016,1020,1021,-1,1016,1021,1022,-1,1023,1013,1024,-1,1024,1013,1014,-1,1024,1014,1025,-1,1025,1014,1015,-1,1025,1015,1026,-1,1026,1015,1016,-1,1026,1016,1027,-1,1027,1016,1022,-1,997,1023,1028,-1,1028,1023,1024,-1,1028,1024,1029,-1,1029,1024,1025,-1,1029,1025,1030,-1,1030,1025,1026,-1,1030,1026,1031,-1,1031,1026,1027,-1,1031,1027,1032,-1,921,923,997,-1,997,923,998,-1,997,998,1023,-1,1023,998,1017,-1,1023,1017,1013,-1,1013,1017,1018,-1,1013,1018,1003,-1,1003,1018,63,-1,936,194,1005,-1,1005,194,917,-1,1005,917,919,-1,1022,1033,1027,-1,1027,1033,1034,-1,1027,1034,1032,-1,1032,1034,1035,-1,1032,1035,1036,-1,919,997,1005,-1,1005,997,1028,-1,1005,1028,1006,-1,1006,1028,1029,-1,1006,1029,1007,-1,1007,1029,1030,-1,1007,1030,1008,-1,1008,1030,1031,-1,1008,1031,1009,-1,1009,1031,1032,-1,1009,1032,1010,-1,1010,1032,1036,-1,1010,1036,1011,-1,180,58,60,-1,180,60,1037,-1,1037,60,1038,-1,1037,1038,1039,-1,1039,1038,1040,-1,1039,1040,1041,-1,1041,1040,1042,-1,1042,1040,1043,-1,1042,1043,1044,-1,1044,1043,1045,-1,1045,1043,1046,-1,1045,1046,1047,-1,1047,1046,1048,-1,1048,1046,1049,-1,1048,1049,1050,-1,50,52,1049,-1,1049,52,187,-1,1049,187,1050,-1,183,182,961,-1,961,182,1051,-1,961,1051,959,-1,1052,956,958,-1,959,1051,958,-1,958,1051,1053,-1,958,1053,1052,-1,956,1052,955,-1,955,1052,1054,-1,955,1054,953,-1,953,1054,1055,-1,953,1055,952,-1,952,1055,1056,-1,952,1056,950,-1,950,1056,1057,-1,950,1057,949,-1,949,1057,1058,-1,949,1058,947,-1,947,1058,1059,-1,947,1059,945,-1,945,1059,189,-1,945,189,188,-1,64,65,971,-1,190,189,996,-1,996,189,1060,-1,996,1060,989,-1,989,1060,1061,-1,989,1061,990,-1,990,1061,1062,-1,990,1062,962,-1,962,1062,1063,-1,962,1063,963,-1,963,1063,1064,-1,963,1064,977,-1,977,1064,1065,-1,977,1065,978,-1,978,1065,1066,-1,978,1066,979,-1,979,1066,1067,-1,979,1067,980,-1,980,1067,1068,-1,980,1068,971,-1,971,1068,1069,-1,971,1069,64,-1,63,62,1070,-1,186,185,1071,-1,1071,185,1011,-1,1071,1011,1072,-1,1072,1011,1036,-1,1072,1036,1073,-1,1073,1036,1035,-1,1073,1035,1074,-1,1074,1035,1034,-1,1074,1034,1075,-1,1075,1034,1033,-1,1075,1033,1076,-1,1076,1033,1022,-1,1076,1022,1077,-1,1077,1022,1021,-1,1077,1021,1078,-1,1078,1021,1020,-1,1078,1020,1079,-1,1079,1020,1019,-1,1079,1019,1070,-1,1070,1019,1012,-1,1070,1012,63,-1,1045,1047,1080,-1,1080,1047,1048,-1,1080,1048,186,-1,186,1048,1050,-1,186,1050,187,-1,1080,1081,1045,-1,1045,1081,1082,-1,1045,1082,1044,-1,1044,1082,1083,-1,1083,1084,1044,-1,1044,1084,1085,-1,1044,1085,1042,-1,1042,1085,1086,-1,1042,1086,1041,-1,1041,1086,1087,-1,1041,1087,1039,-1,1039,1087,1088,-1,1039,1088,1037,-1,1037,1088,181,-1,1037,181,180,-1,1089,1090,1091,-1,1092,1093,1094,-1,64,1095,1096,-1,1097,1095,64,-1,1094,1093,64,-1,1098,64,1093,-1,1099,1053,1051,-1,1053,1099,1052,-1,1052,1099,1100,-1,1052,1100,1054,-1,1054,1100,1101,-1,1054,1101,1055,-1,1055,1101,1102,-1,1055,1102,1056,-1,1056,1102,1057,-1,1057,1102,1103,-1,1057,1103,1058,-1,1058,1103,1059,-1,1059,1103,1060,-1,1059,1060,189,-1,1069,1097,64,-1,1104,1105,1092,-1,1092,1105,1106,-1,1092,1106,1093,-1,1093,1106,1107,-1,1093,1107,1098,-1,1108,1096,1109,-1,1109,1096,1095,-1,1109,1095,1110,-1,1110,1095,1097,-1,1110,1097,1111,-1,1069,1068,1097,-1,1097,1068,1067,-1,1097,1067,1111,-1,1111,1067,1066,-1,1111,1066,1065,-1,1091,1108,1112,-1,1112,1108,1109,-1,1112,1109,1113,-1,1113,1109,1110,-1,1113,1110,1114,-1,1114,1110,1111,-1,1114,1111,1115,-1,1115,1111,1065,-1,1116,1117,1118,-1,1118,1117,1089,-1,1089,1091,1118,-1,1118,1091,1112,-1,1118,1112,1119,-1,1119,1112,1113,-1,1119,1113,1120,-1,1120,1113,1114,-1,1120,1114,1121,-1,1121,1114,1115,-1,1121,1115,1122,-1,1090,1104,1091,-1,1091,1104,1092,-1,1091,1092,1108,-1,1108,1092,1094,-1,1108,1094,1096,-1,1096,1094,64,-1,1116,1099,1123,-1,1123,1099,1051,-1,1123,1051,182,-1,1065,1064,1115,-1,1115,1064,1063,-1,1115,1063,1122,-1,1122,1063,1062,-1,1122,1062,1061,-1,1116,1118,1099,-1,1099,1118,1119,-1,1099,1119,1100,-1,1100,1119,1120,-1,1100,1120,1101,-1,1101,1120,1121,-1,1101,1121,1102,-1,1102,1121,1122,-1,1102,1122,1103,-1,1103,1122,1061,-1,1103,1061,1060,-1,1074,1075,1124,-1,1125,1126,1127,-1,62,1128,1129,-1,1130,1128,62,-1,1127,1126,62,-1,1070,62,1126,-1,1131,1081,1080,-1,1081,1131,1082,-1,1082,1131,1132,-1,1082,1132,1083,-1,1083,1132,1133,-1,1083,1133,1084,-1,1084,1133,1134,-1,1084,1134,1085,-1,1085,1134,1086,-1,1086,1134,1135,-1,1086,1135,1087,-1,1087,1135,1088,-1,1088,1135,1136,-1,1088,1136,181,-1,1137,1130,62,-1,1076,1077,1125,-1,1125,1077,1078,-1,1125,1078,1126,-1,1126,1078,1079,-1,1126,1079,1070,-1,1138,1129,1139,-1,1139,1129,1128,-1,1139,1128,1140,-1,1140,1128,1130,-1,1140,1130,1141,-1,1137,1142,1130,-1,1130,1142,1143,-1,1130,1143,1141,-1,1141,1143,1144,-1,1141,1144,1145,-1,1124,1138,1146,-1,1146,1138,1139,-1,1146,1139,1147,-1,1147,1139,1140,-1,1147,1140,1148,-1,1148,1140,1141,-1,1148,1141,1149,-1,1149,1141,1145,-1,1072,1073,1150,-1,1150,1073,1074,-1,1074,1124,1150,-1,1150,1124,1146,-1,1150,1146,1151,-1,1151,1146,1147,-1,1151,1147,1152,-1,1152,1147,1148,-1,1152,1148,1153,-1,1153,1148,1149,-1,1153,1149,1154,-1,1075,1076,1124,-1,1124,1076,1125,-1,1124,1125,1138,-1,1138,1125,1127,-1,1138,1127,1129,-1,1129,1127,62,-1,1072,1131,1071,-1,1071,1131,1080,-1,1071,1080,186,-1,1145,1155,1149,-1,1149,1155,1156,-1,1149,1156,1154,-1,1154,1156,1157,-1,1154,1157,1158,-1,1072,1150,1131,-1,1131,1150,1151,-1,1131,1151,1132,-1,1132,1151,1152,-1,1132,1152,1133,-1,1133,1152,1153,-1,1133,1153,1134,-1,1134,1153,1154,-1,1134,1154,1135,-1,1135,1154,1158,-1,1135,1158,1136,-1,182,181,1123,-1,1123,181,1136,-1,1123,1136,1116,-1,1116,1136,1158,-1,1116,1158,1117,-1,1117,1158,1157,-1,1117,1157,1089,-1,1089,1157,1156,-1,1089,1156,1090,-1,1090,1156,1155,-1,1090,1155,1104,-1,1104,1155,1145,-1,1104,1145,1105,-1,1105,1145,1144,-1,1105,1144,1106,-1,1106,1144,1143,-1,1106,1143,1107,-1,1107,1143,1142,-1,1107,1142,1098,-1,1142,1137,1098,-1,1098,1137,62,-1,1098,62,64,-1,176,123,121,-1,176,121,1159,-1,1159,121,1160,-1,1159,1160,1161,-1,1161,1160,1162,-1,1161,1162,1163,-1,1163,1162,1164,-1,1164,1162,1165,-1,1164,1165,1166,-1,1166,1165,1167,-1,1167,1165,1168,-1,1167,1168,1169,-1,1169,1168,1170,-1,1170,1168,1171,-1,1170,1171,1172,-1,119,117,1171,-1,1171,117,175,-1,1171,175,1172,-1,168,115,113,-1,168,113,1173,-1,1173,113,1174,-1,1173,1174,1175,-1,1175,1174,1176,-1,1175,1176,1177,-1,1177,1176,1178,-1,1178,1176,1179,-1,1178,1179,1180,-1,1180,1179,1181,-1,1181,1179,1182,-1,1181,1182,1183,-1,1183,1182,1184,-1,1184,1182,1185,-1,1184,1185,1186,-1,120,122,1185,-1,1185,122,179,-1,1185,179,1186,-1,175,174,1172,-1,1172,174,1187,-1,1172,1187,1170,-1,1170,1187,1188,-1,1170,1188,1169,-1,1169,1188,1189,-1,1169,1189,1167,-1,1189,1190,1167,-1,1167,1190,1191,-1,1167,1191,1166,-1,1166,1191,1192,-1,1166,1192,1164,-1,1164,1192,1193,-1,1164,1193,1163,-1,1163,1193,1194,-1,177,176,1195,-1,1195,176,1159,-1,1195,1159,1194,-1,1194,1159,1161,-1,1194,1161,1163,-1,131,129,1196,-1,178,177,1197,-1,1197,177,1198,-1,1197,1198,1199,-1,1199,1198,1200,-1,1199,1200,1201,-1,1201,1200,1202,-1,1201,1202,1203,-1,1203,1202,1204,-1,1203,1204,1205,-1,1205,1204,1206,-1,1205,1206,1207,-1,1207,1206,1208,-1,1207,1208,1209,-1,1209,1208,1210,-1,1209,1210,1211,-1,1211,1210,1212,-1,1211,1212,1213,-1,1213,1212,1214,-1,1213,1214,1196,-1,1196,1214,1215,-1,1196,1215,131,-1,1181,1183,1216,-1,1216,1183,1184,-1,1216,1184,178,-1,178,1184,1186,-1,178,1186,179,-1,1216,1217,1181,-1,1181,1217,1218,-1,1181,1218,1180,-1,1180,1218,1219,-1,1219,1220,1180,-1,1180,1220,1221,-1,1180,1221,1178,-1,1178,1221,1222,-1,1178,1222,1177,-1,1177,1222,1223,-1,1177,1223,1175,-1,1175,1223,1224,-1,1175,1224,1173,-1,1173,1224,169,-1,1173,169,168,-1,172,116,118,-1,172,118,1225,-1,1225,118,1226,-1,1225,1226,1227,-1,1227,1226,1228,-1,1227,1228,1229,-1,1229,1228,1230,-1,1230,1228,1231,-1,1230,1231,1232,-1,1232,1231,1233,-1,1233,1231,1234,-1,1233,1234,1235,-1,1235,1234,1236,-1,1236,1234,1237,-1,1236,1237,1238,-1,127,125,1237,-1,1237,125,167,-1,1237,167,1238,-1,1239,1240,1241,-1,1242,1243,1244,-1,1245,1246,1247,-1,131,1248,1249,-1,1250,1248,131,-1,1247,1246,131,-1,1251,131,1246,-1,1187,1252,1188,-1,1188,1252,1253,-1,1191,1190,1253,-1,1253,1190,1189,-1,1253,1189,1188,-1,1253,1254,1191,-1,1191,1254,1255,-1,1191,1255,1192,-1,1192,1255,1256,-1,1192,1256,1193,-1,1193,1256,1194,-1,1194,1256,1257,-1,1194,1257,1195,-1,1195,1257,1198,-1,1195,1198,177,-1,1215,1250,131,-1,1258,1259,1245,-1,1245,1259,1260,-1,1245,1260,1246,-1,1246,1260,1261,-1,1246,1261,1251,-1,1262,1249,1263,-1,1263,1249,1248,-1,1263,1248,1264,-1,1264,1248,1250,-1,1264,1250,1265,-1,1243,1258,1244,-1,1244,1258,1245,-1,1244,1245,1266,-1,1266,1245,1247,-1,1266,1247,1267,-1,1267,1247,131,-1,1215,1214,1250,-1,1250,1214,1212,-1,1250,1212,1265,-1,1265,1212,1210,-1,1265,1210,1208,-1,1268,1262,1269,-1,1269,1262,1263,-1,1269,1263,1270,-1,1270,1263,1264,-1,1270,1264,1271,-1,1271,1264,1265,-1,1271,1265,1272,-1,1272,1265,1208,-1,1241,1268,1273,-1,1273,1268,1269,-1,1273,1269,1274,-1,1274,1269,1270,-1,1274,1270,1275,-1,1275,1270,1271,-1,1275,1271,1276,-1,1276,1271,1272,-1,1276,1272,1277,-1,1240,1242,1241,-1,1241,1242,1244,-1,1241,1244,1268,-1,1268,1244,1266,-1,1268,1266,1262,-1,1262,1266,1267,-1,1262,1267,1249,-1,1249,1267,131,-1,1187,174,1252,-1,1252,174,1278,-1,1252,1278,1239,-1,1208,1206,1272,-1,1272,1206,1204,-1,1272,1204,1277,-1,1277,1204,1202,-1,1277,1202,1200,-1,1239,1241,1252,-1,1252,1241,1273,-1,1252,1273,1253,-1,1253,1273,1274,-1,1253,1274,1254,-1,1254,1274,1275,-1,1254,1275,1255,-1,1255,1275,1276,-1,1255,1276,1256,-1,1256,1276,1277,-1,1256,1277,1257,-1,1257,1277,1200,-1,1257,1200,1198,-1,1203,1205,1279,-1,1280,1281,1282,-1,129,1283,1284,-1,1285,1283,129,-1,1282,1281,129,-1,1196,129,1281,-1,1286,1217,1216,-1,1217,1286,1218,-1,1218,1286,1287,-1,1218,1287,1219,-1,1219,1287,1288,-1,1219,1288,1220,-1,1220,1288,1289,-1,1220,1289,1221,-1,1221,1289,1222,-1,1222,1289,1290,-1,1222,1290,1223,-1,1223,1290,1224,-1,1224,1290,1291,-1,1224,1291,169,-1,1292,1285,129,-1,1207,1209,1280,-1,1280,1209,1211,-1,1280,1211,1281,-1,1281,1211,1213,-1,1281,1213,1196,-1,1293,1284,1294,-1,1294,1284,1283,-1,1294,1283,1295,-1,1295,1283,1285,-1,1295,1285,1296,-1,1292,1297,1285,-1,1285,1297,1298,-1,1285,1298,1296,-1,1296,1298,1299,-1,1296,1299,1300,-1,1279,1293,1301,-1,1301,1293,1294,-1,1301,1294,1302,-1,1302,1294,1295,-1,1302,1295,1303,-1,1303,1295,1296,-1,1303,1296,1304,-1,1304,1296,1300,-1,1199,1201,1305,-1,1305,1201,1203,-1,1203,1279,1305,-1,1305,1279,1301,-1,1305,1301,1306,-1,1306,1301,1302,-1,1306,1302,1307,-1,1307,1302,1303,-1,1307,1303,1308,-1,1308,1303,1304,-1,1308,1304,1309,-1,1205,1207,1279,-1,1279,1207,1280,-1,1279,1280,1293,-1,1293,1280,1282,-1,1293,1282,1284,-1,1284,1282,129,-1,1199,1286,1197,-1,1197,1286,1216,-1,1197,1216,178,-1,1300,1310,1304,-1,1304,1310,1311,-1,1304,1311,1309,-1,1309,1311,1312,-1,1309,1312,1313,-1,1199,1305,1286,-1,1286,1305,1306,-1,1286,1306,1287,-1,1287,1306,1307,-1,1287,1307,1288,-1,1288,1307,1308,-1,1288,1308,1289,-1,1289,1308,1309,-1,1289,1309,1290,-1,1290,1309,1313,-1,1290,1313,1291,-1,164,124,126,-1,164,126,1314,-1,1314,126,1315,-1,1314,1315,1316,-1,1316,1315,1317,-1,1316,1317,1318,-1,1318,1317,1319,-1,1319,1317,1320,-1,1319,1320,1321,-1,1321,1320,1322,-1,1322,1320,1323,-1,1322,1323,1324,-1,1324,1323,1325,-1,1325,1323,1326,-1,1325,1326,1327,-1,112,114,1326,-1,1326,114,171,-1,1326,171,1327,-1,1233,1235,1328,-1,1328,1235,1236,-1,1328,1236,166,-1,166,1236,1238,-1,166,1238,167,-1,1328,1329,1233,-1,1233,1329,1330,-1,1233,1330,1232,-1,1232,1330,1331,-1,1331,1332,1232,-1,1232,1332,1333,-1,1232,1333,1230,-1,1230,1333,1334,-1,1230,1334,1229,-1,1229,1334,1335,-1,1229,1335,1227,-1,1227,1335,1336,-1,1227,1336,1225,-1,1225,1336,173,-1,1225,173,172,-1,130,131,1251,-1,174,173,1278,-1,1278,173,1337,-1,1278,1337,1239,-1,1239,1337,1338,-1,1239,1338,1240,-1,1240,1338,1339,-1,1240,1339,1242,-1,1242,1339,1340,-1,1242,1340,1243,-1,1243,1340,1341,-1,1243,1341,1258,-1,1258,1341,1342,-1,1258,1342,1259,-1,1259,1342,1343,-1,1259,1343,1260,-1,1260,1343,1344,-1,1260,1344,1261,-1,1261,1344,1345,-1,1261,1345,1251,-1,1251,1345,1346,-1,1251,1346,130,-1,129,128,1347,-1,170,169,1348,-1,1348,169,1291,-1,1348,1291,1349,-1,1349,1291,1313,-1,1349,1313,1350,-1,1350,1313,1312,-1,1350,1312,1351,-1,1351,1312,1311,-1,1351,1311,1352,-1,1352,1311,1310,-1,1352,1310,1353,-1,1353,1310,1300,-1,1353,1300,1354,-1,1354,1300,1299,-1,1354,1299,1355,-1,1355,1299,1298,-1,1355,1298,1356,-1,1356,1298,1297,-1,1356,1297,1347,-1,1347,1297,1292,-1,1347,1292,129,-1,1322,1324,1357,-1,1357,1324,1325,-1,1357,1325,170,-1,170,1325,1327,-1,170,1327,171,-1,1357,1358,1322,-1,1322,1358,1359,-1,1322,1359,1321,-1,1321,1359,1360,-1,1360,1361,1321,-1,1321,1361,1362,-1,1321,1362,1319,-1,1319,1362,1363,-1,1319,1363,1318,-1,1318,1363,1364,-1,1318,1364,1316,-1,1316,1364,1365,-1,1316,1365,1314,-1,1314,1365,165,-1,1314,165,164,-1,1366,1367,1368,-1,1369,1370,1371,-1,130,1372,1373,-1,1374,1372,130,-1,1371,1370,130,-1,1375,130,1370,-1,1376,1329,1328,-1,1329,1376,1330,-1,1330,1376,1377,-1,1330,1377,1331,-1,1331,1377,1378,-1,1331,1378,1332,-1,1332,1378,1379,-1,1332,1379,1333,-1,1333,1379,1334,-1,1334,1379,1380,-1,1334,1380,1335,-1,1335,1380,1336,-1,1336,1380,1337,-1,1336,1337,173,-1,1346,1374,130,-1,1381,1382,1369,-1,1369,1382,1383,-1,1369,1383,1370,-1,1370,1383,1384,-1,1370,1384,1375,-1,1385,1373,1386,-1,1386,1373,1372,-1,1386,1372,1387,-1,1387,1372,1374,-1,1387,1374,1388,-1,1346,1345,1374,-1,1374,1345,1344,-1,1374,1344,1388,-1,1388,1344,1343,-1,1388,1343,1342,-1,1368,1385,1389,-1,1389,1385,1386,-1,1389,1386,1390,-1,1390,1386,1387,-1,1390,1387,1391,-1,1391,1387,1388,-1,1391,1388,1392,-1,1392,1388,1342,-1,1393,1394,1395,-1,1395,1394,1366,-1,1366,1368,1395,-1,1395,1368,1389,-1,1395,1389,1396,-1,1396,1389,1390,-1,1396,1390,1397,-1,1397,1390,1391,-1,1397,1391,1398,-1,1398,1391,1392,-1,1398,1392,1399,-1,1367,1381,1368,-1,1368,1381,1369,-1,1368,1369,1385,-1,1385,1369,1371,-1,1385,1371,1373,-1,1373,1371,130,-1,1393,1376,1400,-1,1400,1376,1328,-1,1400,1328,166,-1,1342,1341,1392,-1,1392,1341,1340,-1,1392,1340,1399,-1,1399,1340,1339,-1,1399,1339,1338,-1,1393,1395,1376,-1,1376,1395,1396,-1,1376,1396,1377,-1,1377,1396,1397,-1,1377,1397,1378,-1,1378,1397,1398,-1,1378,1398,1379,-1,1379,1398,1399,-1,1379,1399,1380,-1,1380,1399,1338,-1,1380,1338,1337,-1,1351,1352,1401,-1,1402,1403,1404,-1,128,1405,1406,-1,1407,1405,128,-1,1404,1403,128,-1,1347,128,1403,-1,1408,1358,1357,-1,1358,1408,1359,-1,1359,1408,1409,-1,1359,1409,1360,-1,1360,1409,1410,-1,1360,1410,1361,-1,1361,1410,1411,-1,1361,1411,1362,-1,1362,1411,1363,-1,1363,1411,1412,-1,1363,1412,1364,-1,1364,1412,1365,-1,1365,1412,1413,-1,1365,1413,165,-1,1414,1407,128,-1,1353,1354,1402,-1,1402,1354,1355,-1,1402,1355,1403,-1,1403,1355,1356,-1,1403,1356,1347,-1,1415,1406,1416,-1,1416,1406,1405,-1,1416,1405,1417,-1,1417,1405,1407,-1,1417,1407,1418,-1,1414,1419,1407,-1,1407,1419,1420,-1,1407,1420,1418,-1,1418,1420,1421,-1,1418,1421,1422,-1,1401,1415,1423,-1,1423,1415,1416,-1,1423,1416,1424,-1,1424,1416,1417,-1,1424,1417,1425,-1,1425,1417,1418,-1,1425,1418,1426,-1,1426,1418,1422,-1,1349,1350,1427,-1,1427,1350,1351,-1,1351,1401,1427,-1,1427,1401,1423,-1,1427,1423,1428,-1,1428,1423,1424,-1,1428,1424,1429,-1,1429,1424,1425,-1,1429,1425,1430,-1,1430,1425,1426,-1,1430,1426,1431,-1,1352,1353,1401,-1,1401,1353,1402,-1,1401,1402,1415,-1,1415,1402,1404,-1,1415,1404,1406,-1,1406,1404,128,-1,1349,1408,1348,-1,1348,1408,1357,-1,1348,1357,170,-1,1422,1432,1426,-1,1426,1432,1433,-1,1426,1433,1431,-1,1431,1433,1434,-1,1431,1434,1435,-1,1349,1427,1408,-1,1408,1427,1428,-1,1408,1428,1409,-1,1409,1428,1429,-1,1409,1429,1410,-1,1410,1429,1430,-1,1410,1430,1411,-1,1411,1430,1431,-1,1411,1431,1412,-1,1412,1431,1435,-1,1412,1435,1413,-1,166,165,1400,-1,1400,165,1413,-1,1400,1413,1393,-1,1393,1413,1435,-1,1393,1435,1394,-1,1394,1435,1434,-1,1394,1434,1366,-1,1366,1434,1433,-1,1366,1433,1367,-1,1367,1433,1432,-1,1367,1432,1381,-1,1381,1432,1422,-1,1381,1422,1382,-1,1382,1422,1421,-1,1382,1421,1383,-1,1383,1421,1420,-1,1383,1420,1384,-1,1384,1420,1419,-1,1384,1419,1375,-1,1419,1414,1375,-1,1375,1414,128,-1,1375,128,130,-1,
        ]
    }
}
Shape{
    appearance Appearance {
        material  Material 	{
            diffuseColor 0.2235294117647059 0.2235294117647059 0.2235294117647059
            specularColor 0.11372549019607843 0.11372549019607843 0.11372549019607843
            ambientIntensity 0.2235
            transparency 0.0
            shininess 0.5
        }
    }
    geometry IndexedFaceSet {
        ccw TRUE
        solid FALSE
        coord DEF co Coordinate {
            point [
                -0.3337 -0.0671 0.8622, -0.4105 0.1297 0.8622, -0.3337 -0.0671 0.8661, -0.4105 0.1297 0.8661, -0.3817 0.1297 0.8622, -0.3817 0.1297 0.8661, -0.3618 0.0745 0.8622, -0.3618 0.0745 0.8661, -0.2805 0.0745 0.8622, -0.2805 0.0745 0.8661, -0.2617 0.1297 0.8622, -0.2617 0.1297 0.8661, -0.2329 0.1297 0.8622, -0.2329 0.1297 0.8661, -0.3073 -0.0671 0.8622, -0.3073 -0.0671 0.8661, -0.2871 0.0529 0.8622, -0.3529 0.0529 0.8622, -0.3165 -0.0293 0.8622, -0.3183 -0.0361 0.8622, -0.3196 -0.0431 0.8622, -0.3203 -0.0431 0.8622, -0.3215 -0.0361 0.8622, -0.3233 -0.0293 0.8622, -0.2871 0.0529 0.8661, -0.3529 0.0529 0.8661, -0.3165 -0.0293 0.8661, -0.3183 -0.0361 0.8661, -0.3196 -0.0431 0.8661, -0.3203 -0.0431 0.8661, -0.3215 -0.0361 0.8661, -0.3233 -0.0293 0.8661, -0.1135 0.1297 0.8622, -0.06 0.1297 0.8622, -0.1135 0.1297 0.8661, -0.06 0.1297 0.8661, -0.06 -0.0671 0.8622, -0.06 -0.0671 0.8661, -0.1156 -0.0671 0.8622, -0.1156 -0.0671 0.8661, -0.2185 0.0288 0.8622, -0.2185 0.0288 0.8661, -0.2181 0.0191 0.8661, -0.2181 0.0191 0.8622, -0.2143 -0.0017 0.8661, -0.2143 -0.0017 0.8622, -0.206 -0.0208 0.8661, -0.206 -0.0208 0.8622, -0.1942 -0.0362 0.8661, -0.1942 -0.0362 0.8622, -0.1865 -0.0433 0.8661, -0.1865 -0.0433 0.8622, -0.167 -0.056 0.8661, -0.167 -0.056 0.8622, -0.144 -0.0641 0.8661, -0.144 -0.0641 0.8622, -0.1385 0.1275 0.8661, -0.1385 0.1275 0.8622, -0.1611 0.1206 0.8661, -0.1611 0.1206 0.8622, -0.1815 0.1086 0.8661, -0.1815 0.1086 0.8622, -0.1976 0.0931 0.8661, -0.1976 0.0931 0.8622, -0.2087 0.0757 0.8661, -0.2087 0.0757 0.8622, -0.2157 0.0552 0.8661, -0.2157 0.0552 0.8622, -0.192 0.0294 0.8622, -0.1904 0.0098 0.8622, -0.1858 -0.0057 0.8622, -0.179 -0.0178 0.8622, -0.1695 -0.028 0.8622, -0.1551 -0.0373 0.8622, -0.1389 -0.043 0.8622, -0.1155 -0.0455 0.8622, -0.0864 -0.0455 0.8622, -0.0864 0.1081 0.8622, -0.1144 0.1081 0.8622, -0.1352 0.1062 0.8622, -0.1517 0.101 0.8622, -0.165 0.0931 0.8622, -0.1762 0.0822 0.8622, -0.1844 0.0687 0.8622, -0.1896 0.0531 0.8622, -0.1155 -0.0455 0.8661, -0.0864 -0.0455 0.8661, -0.1389 -0.043 0.8661, -0.1551 -0.0373 0.8661, -0.1695 -0.028 0.8661, -0.179 -0.0178 0.8661, -0.1858 -0.0057 0.8661, -0.1904 0.0098 0.8661, -0.192 0.0294 0.8661, -0.1896 0.0531 0.8661, -0.1844 0.0687 0.8661, -0.1762 0.0822 0.8661, -0.165 0.0931 0.8661, -0.1517 0.101 0.8661, -0.1352 0.1062 0.8661, -0.1144 0.1081 0.8661, -0.0864 0.1081 0.8661, -0.0216 0.1081 0.8622, -0.0216 0.1297 0.8622, -0.0216 0.1081 0.8661, -0.0216 0.1297 0.8661, 0.084 0.1297 0.8622, 0.084 0.1297 0.8661, 0.084 -0.0671 0.8622, 0.084 -0.0671 0.8661, -0.0168 -0.0671 0.8622, -0.0168 -0.0671 0.8661, -0.0168 -0.0455 0.8622, -0.0168 -0.0455 0.8661, 0.0576 -0.0455 0.8622, 0.0576 -0.0455 0.8661, 0.0576 0.0193 0.8622, 0.0576 0.0193 0.8661, -0.012 0.0193 0.8622, -0.012 0.0193 0.8661, -0.012 0.0409 0.8622, -0.012 0.0409 0.8661, 0.0576 0.0409 0.8622, 0.0576 0.0409 0.8661, 0.0576 0.1081 0.8622, 0.0576 0.1081 0.8661, 0.1224 0.0979 0.8622, 0.1224 0.1195 0.8622, 0.1224 0.0979 0.8661, 0.1224 0.1195 0.8661, 0.1434 0.1282 0.8622, 0.1766 0.1321 0.8622, 0.1766 0.1321 0.8661, 0.1712 0.1321 0.8661, 0.1712 0.1321 0.8622, 0.1633 0.1309 0.8661, 0.1434 0.1282 0.8661, 0.2689 0.035 0.8622, 0.2689 0.035 0.8661, 0.2669 0.058 0.8661, 0.2669 0.058 0.8622, 0.2608 0.0791 0.8661, 0.2608 0.0791 0.8622, 0.2503 0.0977 0.8661, 0.2503 0.0977 0.8622, 0.2359 0.1128 0.8661, 0.2359 0.1128 0.8622, 0.2199 0.1231 0.8661, 0.2199 0.1231 0.8622, 0.2008 0.1296 0.8661, 0.2008 0.1296 0.8622, 0.1882 0.1309 0.8661, 0.1688 -0.0695 0.8622, 0.1688 -0.0695 0.8661, 0.1895 -0.0677 0.8622, 0.1827 -0.0683 0.8661, 0.1895 -0.0677 0.8661, 0.2111 -0.0612 0.8661, 0.2111 -0.0612 0.8622, 0.2295 -0.0505 0.8661, 0.2295 -0.0505 0.8622, 0.2467 -0.034 0.8661, 0.2467 -0.034 0.8622, 0.2585 -0.0153 0.8661, 0.2585 -0.0153 0.8622, 0.266 0.0071 0.8661, 0.266 0.0071 0.8622, 0.1514 -0.0683 0.8661, 0.1452 -0.0679 0.8622, 0.1452 -0.0679 0.8661, 0.1224 -0.0617 0.8622, 0.1224 -0.0617 0.8661, 0.1224 -0.0353 0.8622, 0.1224 -0.0353 0.8661, 0.1685 -0.0479 0.8622, 0.1685 -0.0479 0.8661, 0.1446 -0.0448 0.8661, 0.1446 -0.0448 0.8622, 0.2425 0.0334 0.8622, 0.2425 0.0334 0.8661, 0.2416 0.0186 0.8661, 0.2416 0.0186 0.8622, 0.2364 -0.0027 0.8661, 0.2364 -0.0027 0.8622, 0.2283 -0.0179 0.8661, 0.2283 -0.0179 0.8622, 0.2165 -0.0311 0.8661, 0.2165 -0.0311 0.8622, 0.2026 -0.0404 0.8661, 0.2026 -0.0404 0.8622, 0.1879 -0.0457 0.8661, 0.1879 -0.0457 0.8622, 0.173 0.1105 0.8622, 0.173 0.1105 0.8661, 0.1912 0.1085 0.8661, 0.1912 0.1085 0.8622, 0.2057 0.1032 0.8661, 0.2057 0.1032 0.8622, 0.2178 0.095 0.8661, 0.2178 0.095 0.8622, 0.2269 0.0853 0.8661, 0.2269 0.0853 0.8622, 0.2351 0.0717 0.8661, 0.2351 0.0717 0.8622, 0.2405 0.0547 0.8661, 0.2405 0.0547 0.8622, 0.126 0.0999 0.8661, 0.126 0.0999 0.8622, 0.1468 0.1076 0.8661, 0.1468 0.1076 0.8622, 0.2857 0.1081 0.8622, 0.2857 0.1297 0.8622, 0.2857 0.1081 0.8661, 0.2857 0.1297 0.8661, 0.3865 0.1297 0.8622, 0.3865 0.1297 0.8661, 0.3865 -0.0671 0.8622, 0.3865 -0.0671 0.8661, 0.3601 -0.0671 0.8622, 0.3601 -0.0671 0.8661, 0.3601 0.1081 0.8622, 0.3601 0.1081 0.8661
            ]
        }
        coordIndex [
            0,1,2,-1,2,1,3,-1,1,4,3,-1,3,4,5,-1,4,6,5,-1,5,6,7,-1,6,8,7,-1,7,8,9,-1,8,10,9,-1,9,10,11,-1,10,12,11,-1,11,12,13,-1,12,14,13,-1,13,14,15,-1,14,0,15,-1,15,0,2,-1,16,8,17,-1,17,8,6,-1,18,14,16,-1,16,14,12,-1,16,12,8,-1,8,12,10,-1,18,19,14,-1,14,19,20,-1,14,20,0,-1,0,20,21,-1,0,21,22,-1,22,23,0,-1,0,23,17,-1,0,17,1,-1,1,17,6,-1,1,6,4,-1,16,17,24,-1,24,17,25,-1,18,16,26,-1,26,16,24,-1,18,26,27,-1,18,27,19,-1,19,27,28,-1,19,28,20,-1,21,20,29,-1,29,20,28,-1,21,29,30,-1,21,30,22,-1,22,30,31,-1,22,31,23,-1,17,23,25,-1,25,23,31,-1,32,33,34,-1,34,33,35,-1,33,36,35,-1,35,36,37,-1,36,38,37,-1,37,38,39,-1,40,41,42,-1,40,42,43,-1,43,42,44,-1,43,44,45,-1,45,44,46,-1,45,46,47,-1,47,46,48,-1,47,48,49,-1,49,48,50,-1,49,50,51,-1,51,50,52,-1,51,52,53,-1,53,52,54,-1,53,54,55,-1,55,54,39,-1,55,39,38,-1,32,34,56,-1,32,56,57,-1,57,56,58,-1,57,58,59,-1,59,58,60,-1,59,60,61,-1,61,60,62,-1,61,62,63,-1,63,62,64,-1,63,64,65,-1,65,64,66,-1,65,66,67,-1,67,66,41,-1,67,41,40,-1,67,40,68,-1,68,40,43,-1,68,43,69,-1,69,43,45,-1,69,45,70,-1,70,45,47,-1,70,47,71,-1,71,47,49,-1,71,49,72,-1,72,49,51,-1,72,51,73,-1,73,51,53,-1,73,53,74,-1,74,53,55,-1,74,55,75,-1,75,55,38,-1,75,38,76,-1,76,38,36,-1,76,36,77,-1,77,36,33,-1,77,33,78,-1,78,33,32,-1,78,32,79,-1,79,32,57,-1,79,57,80,-1,80,57,59,-1,80,59,81,-1,81,59,61,-1,81,61,82,-1,82,61,63,-1,82,63,83,-1,83,63,65,-1,83,65,84,-1,84,65,67,-1,84,67,68,-1,75,76,85,-1,85,76,86,-1,75,85,87,-1,75,87,74,-1,74,87,88,-1,74,88,73,-1,73,88,89,-1,73,89,72,-1,72,89,90,-1,72,90,71,-1,71,90,91,-1,71,91,70,-1,70,91,92,-1,70,92,69,-1,69,92,93,-1,69,93,68,-1,68,93,94,-1,68,94,84,-1,84,94,95,-1,84,95,83,-1,83,95,96,-1,83,96,82,-1,82,96,97,-1,82,97,81,-1,81,97,98,-1,81,98,80,-1,80,98,99,-1,80,99,79,-1,79,99,100,-1,79,100,78,-1,77,78,101,-1,101,78,100,-1,76,77,86,-1,86,77,101,-1,102,103,104,-1,104,103,105,-1,103,106,105,-1,105,106,107,-1,106,108,107,-1,107,108,109,-1,108,110,109,-1,109,110,111,-1,110,112,111,-1,111,112,113,-1,112,114,113,-1,113,114,115,-1,114,116,115,-1,115,116,117,-1,116,118,117,-1,117,118,119,-1,118,120,119,-1,119,120,121,-1,120,122,121,-1,121,122,123,-1,122,124,123,-1,123,124,125,-1,124,102,125,-1,125,102,104,-1,106,103,102,-1,102,124,106,-1,106,124,122,-1,106,122,108,-1,112,110,114,-1,114,110,108,-1,114,108,116,-1,116,108,122,-1,116,122,118,-1,118,122,120,-1,126,127,128,-1,128,127,129,-1,129,127,130,-1,131,132,133,-1,131,133,134,-1,134,133,135,-1,134,135,130,-1,130,135,136,-1,130,136,129,-1,137,138,139,-1,137,139,140,-1,140,139,141,-1,140,141,142,-1,142,141,143,-1,142,143,144,-1,144,143,145,-1,144,145,146,-1,146,145,147,-1,146,147,148,-1,148,147,149,-1,148,149,150,-1,150,149,131,-1,131,149,151,-1,131,151,132,-1,152,153,154,-1,154,153,155,-1,155,156,154,-1,154,156,157,-1,154,157,158,-1,158,157,159,-1,158,159,160,-1,160,159,161,-1,160,161,162,-1,162,161,163,-1,162,163,164,-1,164,163,165,-1,164,165,166,-1,166,165,138,-1,166,138,137,-1,153,152,167,-1,167,152,168,-1,167,168,169,-1,169,168,170,-1,169,170,171,-1,170,172,171,-1,171,172,173,-1,174,175,176,-1,174,176,177,-1,177,176,173,-1,177,173,172,-1,178,179,180,-1,178,180,181,-1,181,180,182,-1,181,182,183,-1,183,182,184,-1,183,184,185,-1,185,184,186,-1,185,186,187,-1,187,186,188,-1,187,188,189,-1,189,188,190,-1,189,190,191,-1,191,190,175,-1,191,175,174,-1,192,193,194,-1,192,194,195,-1,195,194,196,-1,195,196,197,-1,197,196,198,-1,197,198,199,-1,199,198,200,-1,199,200,201,-1,201,200,202,-1,201,202,203,-1,203,202,204,-1,203,204,205,-1,205,204,179,-1,205,179,178,-1,126,128,206,-1,126,206,207,-1,207,206,208,-1,207,208,209,-1,209,208,193,-1,209,193,192,-1,195,131,192,-1,192,131,134,-1,192,134,209,-1,209,134,130,-1,209,130,207,-1,207,130,127,-1,207,127,126,-1,172,170,177,-1,177,170,168,-1,177,168,174,-1,174,168,152,-1,174,152,191,-1,191,152,154,-1,191,154,189,-1,189,154,158,-1,189,158,187,-1,187,158,160,-1,187,160,185,-1,185,160,162,-1,185,162,183,-1,183,162,164,-1,183,164,181,-1,181,164,166,-1,181,166,178,-1,178,166,137,-1,178,137,205,-1,205,137,140,-1,205,140,203,-1,203,140,142,-1,203,142,201,-1,201,142,144,-1,201,144,199,-1,199,144,146,-1,199,146,197,-1,197,146,148,-1,197,148,195,-1,195,148,150,-1,195,150,131,-1,210,211,212,-1,212,211,213,-1,211,214,213,-1,213,214,215,-1,214,216,215,-1,215,216,217,-1,216,218,217,-1,217,218,219,-1,218,220,219,-1,219,220,221,-1,220,210,221,-1,221,210,212,-1,218,216,220,-1,220,216,214,-1,220,214,210,-1,210,214,211,-1,
        ]
    }
}
Shape{
    appearance Appearance {
        material  Material 	{
            diffuseColor 0.8431372549019608 0.8156862745098039 0.7529411764705882
            specularColor 0.4235294117647059 0.40784313725490196 0.3764705882352941
            ambientIntensity 0.8167
            transparency 0.0
            shininess 0.5
        }
    }
    geometry IndexedFaceSet {
        ccw TRUE
        solid FALSE
        coord DEF co Coordinate {
            point [
                -0.2871 0.0529 0.8661, -0.3529 0.0529 0.8661, -0.3165 -0.0293 0.8661, -0.3233 -0.0293 0.8661, -0.3183 -0.0361 0.8661, -0.3215 -0.0361 0.8661, -0.3196 -0.0431 0.8661, -0.3203 -0.0431 0.8661, -0.0864 -0.0455 0.8661, -0.0864 0.1081 0.8661, -0.1155 -0.0455 0.8661, -0.1144 0.1081 0.8661, -0.1896 0.0531 0.8661, -0.192 0.0294 0.8661, -0.1904 0.0098 0.8661, -0.1858 -0.0057 0.8661, -0.1389 -0.043 0.8661, -0.1352 0.1062 0.8661, -0.1517 0.101 0.8661, -0.165 0.0931 0.8661, -0.179 -0.0178 0.8661, -0.1695 -0.028 0.8661, -0.1551 -0.0373 0.8661, -0.1762 0.0822 0.8661, -0.1844 0.0687 0.8661
            ]
        }
        coordIndex [
            0,1,2,-1,2,1,3,-1,2,3,4,-1,4,3,5,-1,4,5,6,-1,6,5,7,-1,8,9,10,-1,10,9,11,-1,12,13,10,-1,13,14,10,-1,10,14,15,-1,10,15,16,-1,11,17,10,-1,10,17,18,-1,10,18,19,-1,20,21,15,-1,15,21,22,-1,15,22,16,-1,19,23,10,-1,10,23,24,-1,10,24,12,-1,
        ]
    }
}
Shape{
    appearance Appearance {
        material  Material 	{
            diffuseColor 0.8313725490196079 0.6705882352941176 0.12941176470588237
            specularColor 0.6666666666666666 0.5372549019607843 0.10196078431372549
            ambientIntensity 0.657
            transparency 0.0
            shininess 0.5
        }
    }
    geometry IndexedFaceSet {
        ccw TRUE
        solid FALSE
        coord DEF co Coordinate {
            point [
                1.2618 -1.6339 0.0, 1.1004 -1.6339 0.0, 1.2618 -0.5138 0.0, 1.1004 -0.5138 0.0, 1.2372 -1.7914 0.1565, 1.125 -1.7914 0.1565, 1.2372 -1.7914 0.0443, 1.125 -1.7914 0.0443, 1.0807 -0.357 0.1102, 1.0807 -0.9843 0.2008, 1.0807 -0.3389 0.1539, 1.0807 -0.3327 0.2008, 1.0807 -1.6339 0.0197, 1.0807 -1.6339 0.1811, 1.0807 -0.5138 0.0197, 1.0807 -0.9843 0.1811, 1.0807 -0.4669 0.0259, 1.0807 -0.3857 0.0727, 1.0807 -0.4232 0.0439, 1.2815 -0.3389 0.1539, 1.2815 -0.3327 0.2008, 1.2815 -0.9843 0.2008, 1.2815 -0.4232 0.0439, 1.2815 -0.3857 0.0727, 1.2815 -0.357 0.1102, 1.2815 -1.6339 0.1811, 1.2815 -1.6339 0.0197, 1.2815 -0.9843 0.1811, 1.2815 -0.5138 0.0197, 1.2815 -0.4669 0.0259, 1.1004 -0.313 0.2008, 1.2618 -0.313 0.2008, 1.2618 -0.3198 0.1488, 1.1004 -0.3198 0.1488, 1.2618 -0.3399 0.1004, 1.1004 -0.3399 0.1004, 1.2618 -0.3718 0.0588, 1.1004 -0.3718 0.0588, 1.2618 -0.4134 0.0269, 1.1004 -0.4134 0.0269, 1.2618 -0.4618 0.0068, 1.1004 -0.4618 0.0068, 1.2618 -0.9843 0.2008, 1.1004 -0.9843 0.2008, 1.2618 -1.6339 0.2008, 1.1004 -1.6339 0.2008, 1.1004 -0.5138 0.8661, 1.2618 -0.5138 0.8661, 1.1004 -0.5138 2.2047, 1.2618 -0.5138 2.2047, 1.2618 -0.313 0.8661, 1.1004 -0.313 0.8661, 1.2618 -0.313 2.2047, 1.1004 -0.313 2.2047, 1.0807 -0.4941 2.2047, 1.0807 -0.3327 2.2047, 1.0807 -0.4941 0.8661, 1.0807 -0.3327 0.8661, 1.2815 -0.3327 2.2047, 1.2815 -0.4941 2.2047, 1.2815 -0.3327 0.8661, 1.2815 -0.4941 0.8661, 1.2372 -0.3573 2.3622, 1.125 -0.3573 2.3622, 1.2372 -0.4695 2.3622, 1.125 -0.4695 2.3622, 1.2372 1.752 0.0443, 1.125 1.752 0.0443, 1.2372 1.752 0.1565, 1.125 1.752 0.1565, 1.2618 0.4744 0.0, 1.1004 0.4744 0.0, 1.2618 1.5945 0.0, 1.1004 1.5945 0.0, 1.0807 0.3838 0.0439, 1.0807 0.3463 0.0727, 1.0807 1.1417 0.2008, 1.0807 1.5945 0.1811, 1.0807 1.5945 0.0197, 1.0807 1.1417 0.1811, 1.0807 0.4744 0.0197, 1.0807 0.4275 0.0259, 1.0807 0.3176 0.1102, 1.0807 0.2995 0.1539, 1.0807 0.2933 0.2008, 1.2815 1.5945 0.0197, 1.2815 1.5945 0.1811, 1.2815 1.1417 0.1811, 1.2815 0.2933 0.2008, 1.2815 0.2995 0.1539, 1.2815 1.1417 0.2008, 1.2815 0.3176 0.1102, 1.2815 0.3463 0.0727, 1.2815 0.3838 0.0439, 1.2815 0.4275 0.0259, 1.2815 0.4744 0.0197, 1.2618 0.4224 0.0068, 1.1004 0.4224 0.0068, 1.2618 0.374 0.0269, 1.1004 0.374 0.0269, 1.2618 0.3324 0.0588, 1.1004 0.3324 0.0588, 1.2618 0.3005 0.1004, 1.1004 0.3005 0.1004, 1.2618 0.2804 0.1488, 1.1004 0.2804 0.1488, 1.2618 0.2736 0.2008, 1.1004 0.2736 0.2008, 1.2618 1.5945 0.2008, 1.1004 1.5945 0.2008, 1.2618 1.1417 0.2008, 1.1004 1.1417 0.2008, 1.2618 0.4744 0.8661, 1.1004 0.4744 0.8661, 1.2618 0.4744 2.2047, 1.1004 0.4744 2.2047, 1.2618 0.2736 2.2047, 1.1004 0.2736 2.2047, 1.2618 0.2736 0.8661, 1.1004 0.2736 0.8661, 1.0807 0.4547 0.8661, 1.0807 0.2933 0.8661, 1.0807 0.4547 2.2047, 1.0807 0.2933 2.2047, 1.2815 0.4547 2.2047, 1.2815 0.2933 2.2047, 1.2815 0.4547 0.8661, 1.2815 0.2933 0.8661, 1.2372 0.4301 2.3622, 1.125 0.4301 2.3622, 1.2372 0.3179 2.3622, 1.125 0.3179 2.3622, 0.4744 -1.6339 0.0, 0.313 -1.6339 0.0, 0.4744 -0.5138 0.0, 0.313 -0.5138 0.0, 0.4498 -1.7914 0.1565, 0.3376 -1.7914 0.1565, 0.4498 -1.7914 0.0443, 0.3376 -1.7914 0.0443, 0.4744 -0.8662 0.2008, 0.313 -0.8662 0.2008, 0.4744 -1.6339 0.2008, 0.313 -1.6339 0.2008, 0.4941 -0.3389 0.1539, 0.4941 -0.3327 0.2008, 0.4941 -0.8662 0.2008, 0.4941 -0.4232 0.0439, 0.4941 -0.3857 0.0727, 0.4941 -0.357 0.1102, 0.4941 -1.6339 0.1811, 0.4941 -1.6339 0.0197, 0.4941 -0.8662 0.1811, 0.4941 -0.5138 0.0197, 0.4941 -0.4669 0.0259, 0.2933 -0.3327 0.2008, 0.2933 -0.3389 0.1539, 0.2933 -0.8662 0.2008, 0.2933 -0.357 0.1102, 0.2933 -0.3857 0.0727, 0.2933 -1.6339 0.0197, 0.2933 -1.6339 0.1811, 0.2933 -0.5138 0.0197, 0.2933 -0.8662 0.1811, 0.2933 -0.4669 0.0259, 0.2933 -0.4232 0.0439, 0.313 -0.313 0.2008, 0.4744 -0.313 0.2008, 0.4744 -0.3198 0.1488, 0.313 -0.3198 0.1488, 0.4744 -0.3399 0.1004, 0.313 -0.3399 0.1004, 0.4744 -0.3718 0.0588, 0.313 -0.3718 0.0588, 0.4744 -0.4134 0.0269, 0.313 -0.4134 0.0269, 0.4744 -0.4618 0.0068, 0.313 -0.4618 0.0068, 0.4744 -0.5138 0.8661, 0.4744 -0.5138 2.2047, 0.4403 -0.5138 0.8661, 0.313 -0.5138 2.2047, 0.313 -0.5138 0.8661, 0.313 -0.313 0.8661, 0.313 -0.313 2.2047, 0.4403 -0.313 0.8661, 0.4744 -0.313 2.2047, 0.4744 -0.313 0.8661, 0.2933 -0.4941 2.2047, 0.2933 -0.3327 2.2047, 0.2933 -0.4941 0.8661, 0.2933 -0.3327 0.8661, 0.4941 -0.3327 2.2047, 0.4941 -0.4941 2.2047, 0.4941 -0.3327 0.8661, 0.4941 -0.4941 0.8661, 0.4498 -0.3573 2.3622, 0.3376 -0.3573 2.3622, 0.4498 -0.4695 2.3622, 0.3376 -0.4695 2.3622, 0.4498 1.752 0.0443, 0.3376 1.752 0.0443, 0.4498 1.752 0.1565, 0.3376 1.752 0.1565, 0.4744 0.4744 0.0, 0.313 0.4744 0.0, 0.4744 1.5945 0.0, 0.313 1.5945 0.0, 0.2933 0.3838 0.0439, 0.2933 0.3463 0.0727, 0.2933 1.1417 0.2008, 0.2933 1.5945 0.1811, 0.2933 1.5945 0.0197, 0.2933 1.1417 0.1811, 0.2933 0.4744 0.0197, 0.2933 0.4275 0.0259, 0.2933 0.3176 0.1102, 0.2933 0.2995 0.1539, 0.2933 0.2933 0.2008, 0.4941 1.5945 0.0197, 0.4941 1.5945 0.1811, 0.4941 1.1417 0.1811, 0.4941 0.2933 0.2008, 0.4941 0.2995 0.1539, 0.4941 1.1417 0.2008, 0.4941 0.3176 0.1102, 0.4941 0.3463 0.0727, 0.4941 0.3838 0.0439, 0.4941 0.4275 0.0259, 0.4941 0.4744 0.0197, 0.4744 0.4224 0.0068, 0.313 0.4224 0.0068, 0.4744 0.374 0.0269, 0.313 0.374 0.0269, 0.4744 0.3324 0.0588, 0.313 0.3324 0.0588, 0.4744 0.3005 0.1004, 0.313 0.3005 0.1004, 0.4744 0.2804 0.1488, 0.313 0.2804 0.1488, 0.4744 0.2736 0.2008, 0.313 0.2736 0.2008, 0.4744 1.5945 0.2008, 0.313 1.5945 0.2008, 0.4744 1.1417 0.2008, 0.313 1.1417 0.2008, 0.313 0.4744 0.8661, 0.313 0.4744 2.2047, 0.4403 0.4744 0.8661, 0.4744 0.4744 2.2047, 0.4744 0.4744 0.8661, 0.4744 0.2736 0.8661, 0.4744 0.2736 2.2047, 0.4403 0.2736 0.8661, 0.313 0.2736 2.2047, 0.313 0.2736 0.8661, 0.2933 0.4547 0.8661, 0.2933 0.2933 0.8661, 0.2933 0.4547 2.2047, 0.2933 0.2933 2.2047, 0.4941 0.4547 2.2047, 0.4941 0.2933 2.2047, 0.4941 0.4547 0.8661, 0.4941 0.2933 0.8661, 0.4498 0.4301 2.3622, 0.3376 0.4301 2.3622, 0.4498 0.3179 2.3622, 0.3376 0.3179 2.3622, -0.313 -1.6339 0.0, -0.4744 -1.6339 0.0, -0.313 -0.5138 0.0, -0.4744 -0.5138 0.0, -0.3376 -1.7914 0.1565, -0.4498 -1.7914 0.1565, -0.3376 -1.7914 0.0443, -0.4498 -1.7914 0.0443, -0.313 -0.8662 0.2008, -0.4744 -0.8662 0.2008, -0.313 -1.6339 0.2008, -0.4744 -1.6339 0.2008, -0.2933 -0.3389 0.1539, -0.2933 -0.3327 0.2008, -0.2933 -0.8662 0.2008, -0.2933 -0.4232 0.0439, -0.2933 -0.3857 0.0727, -0.2933 -0.357 0.1102, -0.2933 -1.6339 0.1811, -0.2933 -1.6339 0.0197, -0.2933 -0.8662 0.1811, -0.2933 -0.5138 0.0197, -0.2933 -0.4669 0.0259, -0.4941 -0.3327 0.2008, -0.4941 -0.3389 0.1539, -0.4941 -0.8662 0.2008, -0.4941 -0.357 0.1102, -0.4941 -0.3857 0.0727, -0.4941 -1.6339 0.0197, -0.4941 -1.6339 0.1811, -0.4941 -0.5138 0.0197, -0.4941 -0.8662 0.1811, -0.4941 -0.4669 0.0259, -0.4941 -0.4232 0.0439, -0.4744 -0.313 0.2008, -0.313 -0.313 0.2008, -0.313 -0.3198 0.1488, -0.4744 -0.3198 0.1488, -0.313 -0.3399 0.1004, -0.4744 -0.3399 0.1004, -0.313 -0.3718 0.0588, -0.4744 -0.3718 0.0588, -0.313 -0.4134 0.0269, -0.4744 -0.4134 0.0269, -0.313 -0.4618 0.0068, -0.4744 -0.4618 0.0068, -0.4744 -0.5138 0.8661, -0.313 -0.5138 0.8661, -0.4744 -0.5138 2.2047, -0.313 -0.5138 2.2047, -0.313 -0.313 0.8661, -0.4744 -0.313 0.8661, -0.313 -0.313 2.2047, -0.4744 -0.313 2.2047, -0.4941 -0.4941 2.2047, -0.4941 -0.3327 2.2047, -0.4941 -0.4941 0.8661, -0.4941 -0.3327 0.8661, -0.2933 -0.3327 2.2047, -0.2933 -0.4941 2.2047, -0.2933 -0.3327 0.8661, -0.2933 -0.4941 0.8661, -0.3376 -0.3573 2.3622, -0.4498 -0.3573 2.3622, -0.3376 -0.4695 2.3622, -0.4498 -0.4695 2.3622, -0.3376 1.752 0.0443, -0.4498 1.752 0.0443, -0.3376 1.752 0.1565, -0.4498 1.752 0.1565, -0.313 0.4744 0.0, -0.4744 0.4744 0.0, -0.313 1.5945 0.0, -0.4744 1.5945 0.0, -0.4941 0.3838 0.0439, -0.4941 0.3463 0.0727, -0.4941 1.1417 0.2008, -0.4941 1.5945 0.1811, -0.4941 1.5945 0.0197, -0.4941 1.1417 0.1811, -0.4941 0.4744 0.0197, -0.4941 0.4275 0.0259, -0.4941 0.3176 0.1102, -0.4941 0.2995 0.1539, -0.4941 0.2933 0.2008, -0.2933 1.5945 0.0197, -0.2933 1.5945 0.1811, -0.2933 1.1417 0.1811, -0.2933 0.2933 0.2008, -0.2933 0.2995 0.1539, -0.2933 1.1417 0.2008, -0.2933 0.3176 0.1102, -0.2933 0.3463 0.0727, -0.2933 0.3838 0.0439, -0.2933 0.4275 0.0259, -0.2933 0.4744 0.0197, -0.313 0.4224 0.0068, -0.4744 0.4224 0.0068, -0.313 0.374 0.0269, -0.4744 0.374 0.0269, -0.313 0.3324 0.0588, -0.4744 0.3324 0.0588, -0.313 0.3005 0.1004, -0.4744 0.3005 0.1004, -0.313 0.2804 0.1488, -0.4744 0.2804 0.1488, -0.313 0.2736 0.2008, -0.4744 0.2736 0.2008, -0.313 1.5945 0.2008, -0.4744 1.5945 0.2008, -0.313 1.1417 0.2008, -0.4744 1.1417 0.2008, -0.313 0.4744 0.8661, -0.4744 0.4744 0.8661, -0.313 0.4744 2.2047, -0.4744 0.4744 2.2047, -0.313 0.2736 2.2047, -0.4744 0.2736 2.2047, -0.313 0.2736 0.8661, -0.4744 0.2736 0.8661, -0.4941 0.4547 0.8661, -0.4941 0.2933 0.8661, -0.4941 0.4547 2.2047, -0.4941 0.2933 2.2047, -0.2933 0.4547 2.2047, -0.2933 0.2933 2.2047, -0.2933 0.4547 0.8661, -0.2933 0.2933 0.8661, -0.3376 0.4301 2.3622, -0.4498 0.4301 2.3622, -0.3376 0.3179 2.3622, -0.4498 0.3179 2.3622, -1.1004 -1.6339 0.0, -1.2618 -1.6339 0.0, -1.1004 -0.5138 0.0, -1.2618 -0.5138 0.0, -1.125 -1.7914 0.1565, -1.2372 -1.7914 0.1565, -1.125 -1.7914 0.0443, -1.2372 -1.7914 0.0443, -1.2815 -0.3327 0.2008, -1.2815 -0.3389 0.1539, -1.2815 -0.9843 0.2008, -1.2815 -0.357 0.1102, -1.2815 -0.3857 0.0727, -1.2815 -1.6339 0.0197, -1.2815 -1.6339 0.1811, -1.2815 -0.5138 0.0197, -1.2815 -0.9843 0.1811, -1.2815 -0.4669 0.0259, -1.2815 -0.4232 0.0439, -1.0807 -0.3389 0.1539, -1.0807 -0.3327 0.2008, -1.0807 -0.9843 0.2008, -1.0807 -0.4232 0.0439, -1.0807 -0.3857 0.0727, -1.0807 -0.357 0.1102, -1.0807 -1.6339 0.1811, -1.0807 -1.6339 0.0197, -1.0807 -0.9843 0.1811, -1.0807 -0.5138 0.0197, -1.0807 -0.4669 0.0259, -1.2618 -0.313 0.2008, -1.1004 -0.313 0.2008, -1.1004 -0.3198 0.1488, -1.2618 -0.3198 0.1488, -1.1004 -0.3399 0.1004, -1.2618 -0.3399 0.1004, -1.1004 -0.3718 0.0588, -1.2618 -0.3718 0.0588, -1.1004 -0.4134 0.0269, -1.2618 -0.4134 0.0269, -1.1004 -0.4618 0.0068, -1.2618 -0.4618 0.0068, -1.1004 -0.9843 0.2008, -1.2618 -0.9843 0.2008, -1.1004 -1.6339 0.2008, -1.2618 -1.6339 0.2008, -1.2618 -0.5138 0.8661, -1.1004 -0.5138 0.8661, -1.2618 -0.5138 2.2047, -1.1004 -0.5138 2.2047, -1.1004 -0.313 0.8661, -1.2618 -0.313 0.8661, -1.1004 -0.313 2.2047, -1.2618 -0.313 2.2047, -1.2815 -0.4941 2.2047, -1.2815 -0.3327 2.2047, -1.2815 -0.4941 0.8661, -1.2815 -0.3327 0.8661, -1.0807 -0.3327 2.2047, -1.0807 -0.4941 2.2047, -1.0807 -0.3327 0.8661, -1.0807 -0.4941 0.8661, -1.125 -0.3573 2.3622, -1.2372 -0.3573 2.3622, -1.125 -0.4695 2.3622, -1.2372 -0.4695 2.3622, -1.125 1.752 0.0443, -1.2372 1.752 0.0443, -1.125 1.752 0.1565, -1.2372 1.752 0.1565, -1.1004 0.4744 0.0, -1.2618 0.4744 0.0, -1.1004 1.5945 0.0, -1.2618 1.5945 0.0, -1.2815 0.3838 0.0439, -1.2815 0.3463 0.0727, -1.2815 1.1417 0.2008, -1.2815 1.5945 0.1811, -1.2815 1.5945 0.0197, -1.2815 1.1417 0.1811, -1.2815 0.4744 0.0197, -1.2815 0.4275 0.0259, -1.2815 0.3176 0.1102, -1.2815 0.2995 0.1539, -1.2815 0.2933 0.2008, -1.0807 1.5945 0.0197, -1.0807 1.5945 0.1811, -1.0807 1.1417 0.1811, -1.0807 0.2933 0.2008, -1.0807 0.2995 0.1539, -1.0807 1.1417 0.2008, -1.0807 0.3176 0.1102, -1.0807 0.3463 0.0727, -1.0807 0.3838 0.0439, -1.0807 0.4275 0.0259, -1.0807 0.4744 0.0197, -1.1004 0.4224 0.0068, -1.2618 0.4224 0.0068, -1.1004 0.374 0.0269, -1.2618 0.374 0.0269, -1.1004 0.3324 0.0588, -1.2618 0.3324 0.0588, -1.1004 0.3005 0.1004, -1.2618 0.3005 0.1004, -1.1004 0.2804 0.1488, -1.2618 0.2804 0.1488, -1.1004 0.2736 0.2008, -1.2618 0.2736 0.2008, -1.1004 1.5945 0.2008, -1.2618 1.5945 0.2008, -1.1004 1.1417 0.2008, -1.2618 1.1417 0.2008, -1.1004 0.4744 0.8661, -1.2618 0.4744 0.8661, -1.1004 0.4744 2.2047, -1.2618 0.4744 2.2047, -1.1004 0.2736 2.2047, -1.2618 0.2736 2.2047, -1.1004 0.2736 0.8661, -1.2618 0.2736 0.8661, -1.2815 0.4547 0.8661, -1.2815 0.2933 0.8661, -1.2815 0.4547 2.2047, -1.2815 0.2933 2.2047, -1.0807 0.4547 2.2047, -1.0807 0.2933 2.2047, -1.0807 0.4547 0.8661, -1.0807 0.2933 0.8661, -1.125 0.4301 2.3622, -1.2372 0.4301 2.3622, -1.125 0.3179 2.3622, -1.2372 0.3179 2.3622, -1.8878 -1.6339 0.0, -2.0492 -1.6339 0.0, -1.8878 -0.5138 0.0, -2.0492 -0.5138 0.0, -1.9124 -1.7914 0.1565, -2.0246 -1.7914 0.1565, -1.9124 -1.7914 0.0443, -2.0246 -1.7914 0.0443, -2.0689 -0.3327 0.2008, -2.0689 -0.3389 0.1539, -2.0689 -0.9843 0.2008, -2.0689 -0.357 0.1102, -2.0689 -0.3857 0.0727, -2.0689 -1.6339 0.0197, -2.0689 -1.6339 0.1811, -2.0689 -0.5138 0.0197, -2.0689 -0.9843 0.1811, -2.0689 -0.4669 0.0259, -2.0689 -0.4232 0.0439, -1.8681 -0.3389 0.1539, -1.8681 -0.3327 0.2008, -1.8681 -0.9843 0.2008, -1.8681 -0.4232 0.0439, -1.8681 -0.3857 0.0727, -1.8681 -0.357 0.1102, -1.8681 -1.6339 0.1811, -1.8681 -1.6339 0.0197, -1.8681 -0.9843 0.1811, -1.8681 -0.5138 0.0197, -1.8681 -0.4669 0.0259, -2.0492 -0.313 0.2008, -1.8878 -0.313 0.2008, -1.8878 -0.3198 0.1488, -2.0492 -0.3198 0.1488, -1.8878 -0.3399 0.1004, -2.0492 -0.3399 0.1004, -1.8878 -0.3718 0.0588, -2.0492 -0.3718 0.0588, -1.8878 -0.4134 0.0269, -2.0492 -0.4134 0.0269, -1.8878 -0.4618 0.0068, -2.0492 -0.4618 0.0068, -1.8878 -0.9843 0.2008, -2.0492 -0.9843 0.2008, -1.8878 -1.6339 0.2008, -2.0492 -1.6339 0.2008, -2.0492 -0.5138 0.8661, -1.8878 -0.5138 0.8661, -2.0492 -0.5138 2.2047, -1.8878 -0.5138 2.2047, -1.8878 -0.313 0.8661, -2.0492 -0.313 0.8661, -1.8878 -0.313 2.2047, -2.0492 -0.313 2.2047, -2.0689 -0.4941 2.2047, -2.0689 -0.3327 2.2047, -2.0689 -0.4941 0.8661, -2.0689 -0.3327 0.8661, -1.8681 -0.3327 2.2047, -1.8681 -0.4941 2.2047, -1.8681 -0.3327 0.8661, -1.8681 -0.4941 0.8661, -1.9124 -0.3573 2.3622, -2.0246 -0.3573 2.3622, -1.9124 -0.4695 2.3622, -2.0246 -0.4695 2.3622, -1.9124 1.752 0.0443, -2.0246 1.752 0.0443, -1.9124 1.752 0.1565, -2.0246 1.752 0.1565, -1.8878 0.4744 0.0, -2.0492 0.4744 0.0, -1.8878 1.5945 0.0, -2.0492 1.5945 0.0, -2.0689 0.3838 0.0439, -2.0689 0.3463 0.0727, -2.0689 1.1417 0.2008, -2.0689 1.5945 0.1811, -2.0689 1.5945 0.0197, -2.0689 1.1417 0.1811, -2.0689 0.4744 0.0197, -2.0689 0.4275 0.0259, -2.0689 0.3176 0.1102, -2.0689 0.2995 0.1539, -2.0689 0.2933 0.2008, -1.8681 1.5945 0.0197, -1.8681 1.5945 0.1811, -1.8681 1.1417 0.1811, -1.8681 0.2933 0.2008, -1.8681 0.2995 0.1539, -1.8681 1.1417 0.2008, -1.8681 0.3176 0.1102, -1.8681 0.3463 0.0727, -1.8681 0.3838 0.0439, -1.8681 0.4275 0.0259, -1.8681 0.4744 0.0197, -1.8878 0.4224 0.0068, -2.0492 0.4224 0.0068, -1.8878 0.374 0.0269, -2.0492 0.374 0.0269, -1.8878 0.3324 0.0588, -2.0492 0.3324 0.0588, -1.8878 0.3005 0.1004, -2.0492 0.3005 0.1004, -1.8878 0.2804 0.1488, -2.0492 0.2804 0.1488, -1.8878 0.2736 0.2008, -2.0492 0.2736 0.2008, -1.8878 1.5945 0.2008, -2.0492 1.5945 0.2008, -1.8878 1.1417 0.2008, -2.0492 1.1417 0.2008, -1.8878 0.4744 0.8661, -2.0492 0.4744 0.8661, -1.8878 0.4744 2.2047, -2.0492 0.4744 2.2047, -1.8878 0.2736 2.2047, -2.0492 0.2736 2.2047, -1.8878 0.2736 0.8661, -2.0492 0.2736 0.8661, -2.0689 0.4547 0.8661, -2.0689 0.2933 0.8661, -2.0689 0.4547 2.2047, -2.0689 0.2933 2.2047, -1.8681 0.4547 2.2047, -1.8681 0.2933 2.2047, -1.8681 0.4547 0.8661, -1.8681 0.2933 0.8661, -1.9124 0.4301 2.3622, -2.0246 0.4301 2.3622, -1.9124 0.3179 2.3622, -2.0246 0.3179 2.3622, 1.2815 -1.6339 0.1814, 1.2566 -1.7751 0.1565, 1.2566 -1.7751 0.0443, 1.2815 -1.6339 0.0194, 1.1001 -1.6339 0.2008, 1.125 -1.7751 0.1759, 1.2372 -1.7751 0.1759, 1.2621 -1.6339 0.2008, 1.2621 -1.6339 0.0, 1.2372 -1.7751 0.0249, 1.125 -1.7751 0.0249, 1.1001 -1.6339 0.0, 1.0807 -1.6339 0.0194, 1.1056 -1.7751 0.0443, 1.1056 -1.7751 0.1565, 1.0807 -1.6339 0.1814, 1.2815 1.5945 0.0194, 1.2566 1.7357 0.0443, 1.2566 1.7357 0.1565, 1.2815 1.5945 0.1814, 1.1001 1.5945 0.0, 1.125 1.7357 0.0249, 1.2372 1.7357 0.0249, 1.2621 1.5945 0.0, 1.2621 1.5945 0.2008, 1.2372 1.7357 0.1759, 1.125 1.7357 0.1759, 1.1001 1.5945 0.2008, 1.0807 1.5945 0.1814, 1.1056 1.7357 0.1565, 1.1056 1.7357 0.0443, 1.0807 1.5945 0.0194, 1.2815 0.455 2.2047, 1.2566 0.4301 2.3459, 1.2566 0.3179 2.3459, 1.2815 0.293 2.2047, 1.1001 0.4744 2.2047, 1.125 0.4495 2.3459, 1.2372 0.4495 2.3459, 1.2621 0.4744 2.2047, 1.2621 0.2736 2.2047, 1.2372 0.2985 2.3459, 1.125 0.2985 2.3459, 1.1001 0.2736 2.2047, 1.0807 0.293 2.2047, 1.1056 0.3179 2.3459, 1.1056 0.4301 2.3459, 1.0807 0.455 2.2047, 1.2815 -0.3324 2.2047, 1.2566 -0.3573 2.3459, 1.2566 -0.4695 2.3459, 1.2815 -0.4944 2.2047, 1.1001 -0.313 2.2047, 1.125 -0.3379 2.3459, 1.2372 -0.3379 2.3459, 1.2621 -0.313 2.2047, 1.2621 -0.5138 2.2047, 1.2372 -0.4889 2.3459, 1.125 -0.4889 2.3459, 1.1001 -0.5138 2.2047, 1.0807 -0.4944 2.2047, 1.1056 -0.4695 2.3459, 1.1056 -0.3573 2.3459, 1.0807 -0.3324 2.2047, 0.4941 -1.6339 0.1814, 0.4692 -1.7751 0.1565, 0.4692 -1.7751 0.0443, 0.4941 -1.6339 0.0194, 0.3127 -1.6339 0.2008, 0.3376 -1.7751 0.1759, 0.4498 -1.7751 0.1759, 0.4747 -1.6339 0.2008, 0.4747 -1.6339 0.0, 0.4498 -1.7751 0.0249, 0.3376 -1.7751 0.0249, 0.3127 -1.6339 0.0, 0.2933 -1.6339 0.0194, 0.3182 -1.7751 0.0443, 0.3182 -1.7751 0.1565, 0.2933 -1.6339 0.1814, 0.4941 1.5945 0.0194, 0.4692 1.7357 0.0443, 0.4692 1.7357 0.1565, 0.4941 1.5945 0.1814, 0.3127 1.5945 0.0, 0.3376 1.7357 0.0249, 0.4498 1.7357 0.0249, 0.4747 1.5945 0.0, 0.4747 1.5945 0.2008, 0.4498 1.7357 0.1759, 0.3376 1.7357 0.1759, 0.3127 1.5945 0.2008, 0.2933 1.5945 0.1814, 0.3182 1.7357 0.1565, 0.3182 1.7357 0.0443, 0.2933 1.5945 0.0194, 0.4941 0.455 2.2047, 0.4692 0.4301 2.3459, 0.4692 0.3179 2.3459, 0.4941 0.293 2.2047, 0.3127 0.4744 2.2047, 0.3376 0.4495 2.3459, 0.4498 0.4495 2.3459, 0.4747 0.4744 2.2047, 0.4747 0.2736 2.2047, 0.4498 0.2985 2.3459, 0.3376 0.2985 2.3459, 0.3127 0.2736 2.2047, 0.2933 0.293 2.2047, 0.3182 0.3179 2.3459, 0.3182 0.4301 2.3459, 0.2933 0.455 2.2047, 0.4941 -0.3324 2.2047, 0.4692 -0.3573 2.3459, 0.4692 -0.4695 2.3459, 0.4941 -0.4944 2.2047, 0.3127 -0.313 2.2047, 0.3376 -0.3379 2.3459, 0.4498 -0.3379 2.3459, 0.4747 -0.313 2.2047, 0.4747 -0.5138 2.2047, 0.4498 -0.4889 2.3459, 0.3376 -0.4889 2.3459, 0.3127 -0.5138 2.2047, 0.2933 -0.4944 2.2047, 0.3182 -0.4695 2.3459, 0.3182 -0.3573 2.3459, 0.2933 -0.3324 2.2047, -0.2933 -1.6339 0.1814, -0.3182 -1.7751 0.1565, -0.3182 -1.7751 0.0443, -0.2933 -1.6339 0.0194, -0.4747 -1.6339 0.2008, -0.4498 -1.7751 0.1759, -0.3376 -1.7751 0.1759, -0.3127 -1.6339 0.2008, -0.3127 -1.6339 0.0, -0.3376 -1.7751 0.0249, -0.4498 -1.7751 0.0249, -0.4747 -1.6339 0.0, -0.4941 -1.6339 0.0194, -0.4692 -1.7751 0.0443, -0.4692 -1.7751 0.1565, -0.4941 -1.6339 0.1814, -0.2933 1.5945 0.0194, -0.3182 1.7357 0.0443, -0.3182 1.7357 0.1565, -0.2933 1.5945 0.1814, -0.4747 1.5945 0.0, -0.4498 1.7357 0.0249, -0.3376 1.7357 0.0249, -0.3127 1.5945 0.0, -0.3127 1.5945 0.2008, -0.3376 1.7357 0.1759, -0.4498 1.7357 0.1759, -0.4747 1.5945 0.2008, -0.4941 1.5945 0.1814, -0.4692 1.7357 0.1565, -0.4692 1.7357 0.0443, -0.4941 1.5945 0.0194, -0.2933 0.455 2.2047, -0.3182 0.4301 2.3459, -0.3182 0.3179 2.3459, -0.2933 0.293 2.2047, -0.4747 0.4744 2.2047, -0.4498 0.4495 2.3459, -0.3376 0.4495 2.3459, -0.3127 0.4744 2.2047, -0.3127 0.2736 2.2047, -0.3376 0.2985 2.3459, -0.4498 0.2985 2.3459, -0.4747 0.2736 2.2047, -0.4941 0.293 2.2047, -0.4692 0.3179 2.3459, -0.4692 0.4301 2.3459, -0.4941 0.455 2.2047, -0.2933 -0.3324 2.2047, -0.3182 -0.3573 2.3459, -0.3182 -0.4695 2.3459, -0.2933 -0.4944 2.2047, -0.4747 -0.313 2.2047, -0.4498 -0.3379 2.3459, -0.3376 -0.3379 2.3459, -0.3127 -0.313 2.2047, -0.3127 -0.5138 2.2047, -0.3376 -0.4889 2.3459, -0.4498 -0.4889 2.3459, -0.4747 -0.5138 2.2047, -0.4941 -0.4944 2.2047, -0.4692 -0.4695 2.3459, -0.4692 -0.3573 2.3459, -0.4941 -0.3324 2.2047, -1.0807 -1.6339 0.1814, -1.1056 -1.7751 0.1565, -1.1056 -1.7751 0.0443, -1.0807 -1.6339 0.0194, -1.2621 -1.6339 0.2008, -1.2372 -1.7751 0.1759, -1.125 -1.7751 0.1759, -1.1001 -1.6339 0.2008, -1.1001 -1.6339 0.0, -1.125 -1.7751 0.0249, -1.2372 -1.7751 0.0249, -1.2621 -1.6339 0.0, -1.2815 -1.6339 0.0194, -1.2566 -1.7751 0.0443, -1.2566 -1.7751 0.1565, -1.2815 -1.6339 0.1814, -1.0807 1.5945 0.0194, -1.1056 1.7357 0.0443, -1.1056 1.7357 0.1565, -1.0807 1.5945 0.1814, -1.2621 1.5945 0.0, -1.2372 1.7357 0.0249, -1.125 1.7357 0.0249, -1.1001 1.5945 0.0, -1.1001 1.5945 0.2008, -1.125 1.7357 0.1759, -1.2372 1.7357 0.1759, -1.2621 1.5945 0.2008, -1.2815 1.5945 0.1814, -1.2566 1.7357 0.1565, -1.2566 1.7357 0.0443, -1.2815 1.5945 0.0194, -1.0807 0.455 2.2047, -1.1056 0.4301 2.3459, -1.1056 0.3179 2.3459, -1.0807 0.293 2.2047, -1.2621 0.4744 2.2047, -1.2372 0.4495 2.3459, -1.125 0.4495 2.3459, -1.1001 0.4744 2.2047, -1.1001 0.2736 2.2047, -1.125 0.2985 2.3459, -1.2372 0.2985 2.3459, -1.2621 0.2736 2.2047, -1.2815 0.293 2.2047, -1.2566 0.3179 2.3459, -1.2566 0.4301 2.3459, -1.2815 0.455 2.2047, -1.0807 -0.3324 2.2047, -1.1056 -0.3573 2.3459, -1.1056 -0.4695 2.3459, -1.0807 -0.4944 2.2047, -1.2621 -0.313 2.2047, -1.2372 -0.3379 2.3459, -1.125 -0.3379 2.3459, -1.1001 -0.313 2.2047, -1.1001 -0.5138 2.2047, -1.125 -0.4889 2.3459, -1.2372 -0.4889 2.3459, -1.2621 -0.5138 2.2047, -1.2815 -0.4944 2.2047, -1.2566 -0.4695 2.3459, -1.2566 -0.3573 2.3459, -1.2815 -0.3324 2.2047, -1.8681 -1.6339 0.1814, -1.893 -1.7751 0.1565, -1.893 -1.7751 0.0443, -1.8681 -1.6339 0.0194, -2.0495 -1.6339 0.2008, -2.0246 -1.7751 0.1759, -1.9124 -1.7751 0.1759, -1.8875 -1.6339 0.2008, -1.8875 -1.6339 0.0, -1.9124 -1.7751 0.0249, -2.0246 -1.7751 0.0249, -2.0495 -1.6339 0.0, -2.0689 -1.6339 0.0194, -2.044 -1.7751 0.0443, -2.044 -1.7751 0.1565, -2.0689 -1.6339 0.1814, -1.8681 1.5945 0.0194, -1.893 1.7357 0.0443, -1.893 1.7357 0.1565, -1.8681 1.5945 0.1814, -2.0495 1.5945 0.0, -2.0246 1.7357 0.0249, -1.9124 1.7357 0.0249, -1.8875 1.5945 0.0, -1.8875 1.5945 0.2008, -1.9124 1.7357 0.1759, -2.0246 1.7357 0.1759, -2.0495 1.5945 0.2008, -2.0689 1.5945 0.1814, -2.044 1.7357 0.1565, -2.044 1.7357 0.0443, -2.0689 1.5945 0.0194, -1.8681 0.455 2.2047, -1.893 0.4301 2.3459, -1.893 0.3179 2.3459, -1.8681 0.293 2.2047, -2.0495 0.4744 2.2047, -2.0246 0.4495 2.3459, -1.9124 0.4495 2.3459, -1.8875 0.4744 2.2047, -1.8875 0.2736 2.2047, -1.9124 0.2985 2.3459, -2.0246 0.2985 2.3459, -2.0495 0.2736 2.2047, -2.0689 0.293 2.2047, -2.044 0.3179 2.3459, -2.044 0.4301 2.3459, -2.0689 0.455 2.2047, -1.8681 -0.3324 2.2047, -1.893 -0.3573 2.3459, -1.893 -0.4695 2.3459, -1.8681 -0.4944 2.2047, -2.0495 -0.313 2.2047, -2.0246 -0.3379 2.3459, -1.9124 -0.3379 2.3459, -1.8875 -0.313 2.2047, -1.8875 -0.5138 2.2047, -1.9124 -0.4889 2.3459, -2.0246 -0.4889 2.3459, -2.0495 -0.5138 2.2047, -2.0689 -0.4944 2.2047, -2.044 -0.4695 2.3459, -2.044 -0.3573 2.3459, -2.0689 -0.3324 2.2047, 1.0814 0.2882 0.2008, 1.0814 0.2945 0.1526, 1.0833 0.2834 0.2008, 1.0833 0.29 0.1514, 1.0865 0.2794 0.2008, 1.0865 0.286 0.1503, 1.0906 0.2762 0.2008, 1.0906 0.283 0.1495, 1.0953 0.2743 0.2008, 1.0953 0.2811 0.149, 1.0814 0.3131 0.1077, 1.0833 0.309 0.1053, 1.0865 0.3055 0.1033, 1.0906 0.3028 0.1017, 1.0953 0.3011 0.1007, 1.0814 0.3427 0.0691, 1.0833 0.3394 0.0658, 1.0865 0.3365 0.0629, 1.0906 0.3343 0.0607, 1.0953 0.3329 0.0593, 1.0814 0.3813 0.0395, 1.0833 0.3789 0.0354, 1.0865 0.3769 0.0319, 1.0906 0.3753 0.0292, 1.0953 0.3743 0.0275, 1.0814 0.4262 0.0209, 1.0833 0.425 0.0163, 1.0865 0.4239 0.0124, 1.0906 0.4231 0.0094, 1.0953 0.4226 0.0075, 1.0814 0.4744 0.0146, 1.0833 0.4744 0.0098, 1.0865 0.4744 0.0058, 1.0906 0.4744 0.0026, 1.0953 0.4744 0.0007, 1.0812 1.1417 0.1855, 1.0813 1.5948 0.1855, 1.0814 1.5949 0.1864, 1.0827 1.1417 0.1896, 1.0828 1.595 0.1896, 1.0834 1.5951 0.191, 1.085 1.1417 0.1934, 1.0851 1.5951 0.1933, 1.0865 1.5952 0.195, 1.0881 1.1417 0.1965, 1.0882 1.5951 0.1964, 1.0905 1.5951 0.1981, 1.0919 1.1417 0.1988, 1.0919 1.595 0.1987, 1.0951 1.5949 0.2001, 1.096 1.1417 0.2003, 1.096 1.5948 0.2002, 1.0953 1.5948 0.0007, 1.0951 1.5949 0.0007, 1.0906 1.5951 0.0026, 1.0905 1.5951 0.0027, 1.0865 1.5952 0.0058, 1.0834 1.5951 0.0098, 1.0834 1.5951 0.0098, 1.0814 1.5949 0.0144, 1.0814 1.5948 0.0146, 1.1239 1.7358 0.1757, 1.1226 1.736 0.1755, 1.1201 1.7364 0.1751, 1.1189 1.7365 0.1746, 1.1188 1.7365 0.1746, 1.1155 1.7369 0.1731, 1.1144 1.7369 0.1723, 1.1137 1.7369 0.1717, 1.1115 1.737 0.17, 1.1108 1.737 0.1692, 1.1084 1.7369 0.166, 1.1064 1.7364 0.1614, 1.1063 1.7364 0.1611, 1.1205 1.7514 0.0443, 1.1069 1.7399 0.0443, 1.1069 1.7399 0.1565, 1.1069 1.7401 0.0443, 1.1069 1.7401 0.1565, 1.1091 1.7439 0.0443, 1.1091 1.7439 0.1565, 1.1092 1.744 0.0443, 1.1092 1.744 0.1565, 1.1123 1.7473 0.0443, 1.1123 1.7473 0.1565, 1.1123 1.7473 0.0443, 1.1123 1.7473 0.1565, 1.1161 1.7498 0.0443, 1.1161 1.7498 0.1565, 1.1162 1.7499 0.0443, 1.1162 1.7499 0.1565, 1.1204 1.7514 0.0443, 1.1204 1.7514 0.1565, 1.1205 1.7514 0.1565, 1.1063 1.7364 0.0397, 1.1064 1.7364 0.0394, 1.1084 1.7369 0.0348, 1.1108 1.737 0.0316, 1.1115 1.737 0.0308, 1.1137 1.7369 0.0291, 1.1144 1.7369 0.0285, 1.1155 1.7369 0.0277, 1.1188 1.7365 0.0262, 1.1189 1.7365 0.0262, 1.1201 1.7364 0.0257, 1.1239 1.7358 0.0251, 1.1226 1.736 0.0253, 1.2669 0.2743 0.2008, 1.2669 0.2811 0.149, 1.2717 0.2762 0.2008, 1.2717 0.283 0.1495, 1.2757 0.2794 0.2008, 1.2757 0.286 0.1503, 1.2789 0.2834 0.2008, 1.2789 0.29 0.1514, 1.2808 0.2882 0.2008, 1.2808 0.2945 0.1526, 1.2669 0.3011 0.1007, 1.2717 0.3028 0.1017, 1.2757 0.3055 0.1033, 1.2789 0.309 0.1053, 1.2808 0.3131 0.1077, 1.2669 0.3329 0.0593, 1.2717 0.3343 0.0607, 1.2757 0.3365 0.0629, 1.2789 0.3394 0.0658, 1.2808 0.3427 0.0691, 1.2669 0.3743 0.0275, 1.2717 0.3753 0.0292, 1.2757 0.3769 0.0319, 1.2789 0.3789 0.0354, 1.2808 0.3813 0.0395, 1.2669 0.4226 0.0075, 1.2717 0.4231 0.0094, 1.2757 0.4239 0.0124, 1.2789 0.425 0.0163, 1.2808 0.4262 0.0209, 1.2669 0.4744 0.0007, 1.2717 0.4744 0.0026, 1.2757 0.4744 0.0058, 1.2789 0.4744 0.0098, 1.2808 0.4744 0.0146, 1.2669 1.1417 0.2001, 1.2669 1.5948 0.2001, 1.2671 1.5949 0.2001, 1.2717 1.1417 0.1981, 1.2716 1.5951 0.1981, 1.2717 1.5951 0.1981, 1.2757 1.1417 0.195, 1.2757 1.5952 0.195, 1.2788 1.5951 0.191, 1.2789 1.1417 0.1909, 1.2788 1.5951 0.1909, 1.2808 1.5949 0.1864, 1.2808 1.1417 0.1862, 1.2808 1.5948 0.1862, 1.1206 1.7509 0.1611, 1.1164 1.7494 0.1611, 1.1126 1.7469 0.1611, 1.1096 1.7436 0.1611, 1.1074 1.7397 0.1611, 1.1232 1.7397 0.1746, 1.1156 1.7392 0.1724, 1.1188 1.7368 0.1746, 1.1129 1.7412 0.1692, 1.1112 1.7381 0.1692, 1.1088 1.7391 0.1654, 1.125 1.7399 0.1746, 1.125 1.7401 0.1746, 1.1223 1.7436 0.1724, 1.125 1.7439 0.1724, 1.125 1.744 0.1723, 1.1215 1.7469 0.1692, 1.125 1.7473 0.1692, 1.125 1.7473 0.1691, 1.1209 1.7494 0.1654, 1.125 1.7498 0.1654, 1.125 1.7499 0.1653, 1.1108 1.7427 0.1654, 1.1136 1.7457 0.1654, 1.1153 1.7437 0.1692, 1.1175 1.7412 0.1724, 1.12 1.7381 0.1746, 1.1171 1.7479 0.1654, 1.1182 1.7457 0.1692, 1.1197 1.7427 0.1724, 1.1215 1.7391 0.1746, 1.125 1.7514 0.161, 1.125 1.7514 0.1611, 1.1074 1.7397 0.0397, 1.1112 1.7381 0.0316, 1.1156 1.7392 0.0284, 1.1188 1.7368 0.0262, 1.12 1.7381 0.0262, 1.1215 1.7391 0.0262, 1.1232 1.7397 0.0262, 1.125 1.7399 0.0262, 1.1096 1.7436 0.0397, 1.1126 1.7469 0.0397, 1.1164 1.7494 0.0397, 1.1206 1.7509 0.0397, 1.125 1.7514 0.0397, 1.1088 1.7391 0.0354, 1.1108 1.7427 0.0354, 1.1136 1.7457 0.0354, 1.1171 1.7479 0.0354, 1.1209 1.7494 0.0354, 1.125 1.7514 0.0397, 1.125 1.7499 0.0355, 1.125 1.7498 0.0354, 1.125 1.7473 0.0316, 1.1215 1.7469 0.0316, 1.1182 1.7457 0.0316, 1.1153 1.7437 0.0316, 1.1129 1.7412 0.0316, 1.1175 1.7412 0.0284, 1.1197 1.7427 0.0284, 1.1223 1.7436 0.0284, 1.125 1.7473 0.0316, 1.125 1.744 0.0285, 1.125 1.7439 0.0284, 1.125 1.7401 0.0262, 1.2808 1.5948 0.0146, 1.2808 1.5949 0.0144, 1.2788 1.5951 0.0098, 1.2788 1.5951 0.0098, 1.2757 1.5952 0.0058, 1.2717 1.5951 0.0027, 1.2716 1.5951 0.0026, 1.2671 1.5949 0.0007, 1.2669 1.5948 0.0007, 1.2559 1.7364 0.1611, 1.2558 1.7364 0.1614, 1.2538 1.7369 0.166, 1.2514 1.737 0.1692, 1.2507 1.737 0.17, 1.2485 1.7369 0.1717, 1.2478 1.7369 0.1723, 1.2467 1.7369 0.1731, 1.2434 1.7365 0.1746, 1.2433 1.7365 0.1746, 1.2421 1.7364 0.1751, 1.2383 1.7358 0.1757, 1.2396 1.736 0.1755, 1.2372 1.7399 0.1746, 1.2372 1.7401 0.1746, 1.2372 1.7439 0.1724, 1.2372 1.744 0.1723, 1.2372 1.7473 0.1692, 1.2372 1.7473 0.1691, 1.2372 1.7498 0.1654, 1.2372 1.7499 0.1653, 1.2372 1.7514 0.1611, 1.2372 1.7514 0.161, 1.2372 1.7514 0.0397, 1.2372 1.7399 0.0262, 1.2372 1.7401 0.0262, 1.2372 1.7439 0.0284, 1.2372 1.744 0.0285, 1.2372 1.7473 0.0316, 1.2372 1.7473 0.0316, 1.2372 1.7498 0.0354, 1.2372 1.7499 0.0355, 1.2372 1.7514 0.0397, 1.2383 1.7358 0.0251, 1.2396 1.736 0.0253, 1.2421 1.7364 0.0257, 1.2433 1.7365 0.0262, 1.2434 1.7365 0.0262, 1.2467 1.7369 0.0277, 1.2478 1.7369 0.0285, 1.2485 1.7369 0.0291, 1.2507 1.737 0.0308, 1.2514 1.737 0.0316, 1.2538 1.7369 0.0348, 1.2558 1.7364 0.0394, 1.2559 1.7364 0.0397, 1.2553 1.7401 0.1565, 1.2531 1.7439 0.1565, 1.2526 1.7436 0.1611, 1.253 1.744 0.1565, 1.2499 1.7473 0.1565, 1.2496 1.7469 0.1611, 1.2499 1.7473 0.1565, 1.2461 1.7498 0.1565, 1.2459 1.7494 0.1611, 1.2553 1.7399 0.1565, 1.2548 1.7397 0.1611, 1.251 1.7381 0.1692, 1.2534 1.7391 0.1654, 1.2466 1.7392 0.1724, 1.2434 1.7368 0.1746, 1.239 1.7397 0.1746, 1.2399 1.7436 0.1724, 1.2407 1.7469 0.1692, 1.2413 1.7494 0.1654, 1.2417 1.7509 0.1611, 1.2417 1.7514 0.1565, 1.2418 1.7514 0.1565, 1.246 1.7499 0.1565, 1.2451 1.7479 0.1654, 1.244 1.7457 0.1692, 1.2425 1.7427 0.1724, 1.2407 1.7391 0.1746, 1.2486 1.7457 0.1654, 1.2469 1.7437 0.1692, 1.2447 1.7412 0.1724, 1.2422 1.7381 0.1746, 1.2514 1.7427 0.1654, 1.2493 1.7412 0.1692, 1.2553 1.7401 0.0443, 1.2553 1.7399 0.0443, 1.2548 1.7397 0.0397, 1.253 1.744 0.0443, 1.2531 1.7439 0.0443, 1.2526 1.7436 0.0397, 1.2499 1.7473 0.0443, 1.2499 1.7473 0.0443, 1.2496 1.7469 0.0397, 1.246 1.7499 0.0443, 1.2461 1.7498 0.0443, 1.2459 1.7494 0.0397, 1.239 1.7397 0.0262, 1.2466 1.7392 0.0284, 1.2434 1.7368 0.0262, 1.2493 1.7412 0.0316, 1.251 1.7381 0.0316, 1.2534 1.7391 0.0354, 1.2418 1.7514 0.0443, 1.2417 1.7509 0.0397, 1.2417 1.7514 0.0443, 1.2413 1.7494 0.0354, 1.2407 1.7469 0.0316, 1.2514 1.7427 0.0354, 1.2399 1.7436 0.0284, 1.2451 1.7479 0.0354, 1.244 1.7457 0.0316, 1.2425 1.7427 0.0284, 1.2407 1.7391 0.0262, 1.2486 1.7457 0.0354, 1.2469 1.7437 0.0316, 1.2447 1.7412 0.0284, 1.2422 1.7381 0.0262, 1.0814 -0.5138 0.0146, 1.0814 -0.4656 0.0209, 1.0833 -0.5138 0.0098, 1.0833 -0.4644 0.0163, 1.0865 -0.5138 0.0058, 1.0865 -0.4633 0.0124, 1.0906 -0.5138 0.0026, 1.0906 -0.4625 0.0094, 1.0953 -0.5138 0.0007, 1.0953 -0.462 0.0075, 1.0814 -0.4207 0.0395, 1.0833 -0.4183 0.0354, 1.0865 -0.4163 0.0319, 1.0906 -0.4147 0.0292, 1.0953 -0.4137 0.0275, 1.0814 -0.3821 0.0691, 1.0833 -0.3788 0.0658, 1.0865 -0.3759 0.0629, 1.0906 -0.3737 0.0607, 1.0953 -0.3723 0.0593, 1.0814 -0.3525 0.1077, 1.0833 -0.3484 0.1053, 1.0865 -0.3449 0.1033, 1.0906 -0.3422 0.1017, 1.0953 -0.3405 0.1007, 1.0814 -0.3339 0.1526, 1.0833 -0.3294 0.1514, 1.0865 -0.3254 0.1503, 1.0906 -0.3224 0.1495, 1.0953 -0.3205 0.149, 1.0814 -0.3276 0.2008, 1.0833 -0.3228 0.2008, 1.0865 -0.3188 0.2008, 1.0906 -0.3156 0.2008, 1.0953 -0.3137 0.2008, 1.0814 -1.6342 0.0146, 1.0814 -1.6343 0.0144, 1.0834 -1.6345 0.0098, 1.0834 -1.6345 0.0098, 1.0865 -1.6346 0.0058, 1.0905 -1.6345 0.0027, 1.0906 -1.6345 0.0026, 1.0951 -1.6343 0.0007, 1.0953 -1.6342 0.0007, 1.0953 -0.9843 0.2001, 1.0953 -1.6342 0.2001, 1.0951 -1.6343 0.2001, 1.0906 -0.9843 0.1981, 1.0906 -1.6345 0.1981, 1.0905 -1.6345 0.1981, 1.0865 -0.9843 0.195, 1.0865 -1.6346 0.195, 1.0834 -1.6345 0.191, 1.0833 -0.9843 0.1909, 1.0834 -1.6345 0.1909, 1.0814 -1.6343 0.1864, 1.0814 -0.9843 0.1862, 1.0814 -1.6342 0.1862, 1.2669 -0.5138 0.0007, 1.2669 -0.462 0.0075, 1.2717 -0.5138 0.0026, 1.2717 -0.4625 0.0094, 1.2757 -0.5138 0.0058, 1.2757 -0.4633 0.0124, 1.2789 -0.5138 0.0098, 1.2789 -0.4644 0.0163, 1.2808 -0.5138 0.0146, 1.2808 -0.4656 0.0209, 1.2669 -0.4137 0.0275, 1.2717 -0.4147 0.0292, 1.2757 -0.4163 0.0319, 1.2789 -0.4183 0.0354, 1.2808 -0.4207 0.0395, 1.2669 -0.3723 0.0593, 1.2717 -0.3737 0.0607, 1.2757 -0.3759 0.0629, 1.2789 -0.3788 0.0658, 1.2808 -0.3821 0.0691, 1.2669 -0.3405 0.1007, 1.2717 -0.3422 0.1017, 1.2757 -0.3449 0.1033, 1.2789 -0.3484 0.1053, 1.2808 -0.3525 0.1077, 1.2669 -0.3205 0.149, 1.2717 -0.3224 0.1495, 1.2757 -0.3254 0.1503, 1.2789 -0.3294 0.1514, 1.2808 -0.3339 0.1526, 1.2669 -0.3137 0.2008, 1.2717 -0.3156 0.2008, 1.2757 -0.3188 0.2008, 1.2789 -0.3228 0.2008, 1.2808 -0.3276 0.2008, 1.1239 -1.7752 0.0251, 1.1226 -1.7754 0.0253, 1.1201 -1.7758 0.0257, 1.1189 -1.7759 0.0262, 1.1188 -1.7759 0.0262, 1.1155 -1.7763 0.0277, 1.1144 -1.7763 0.0285, 1.1137 -1.7763 0.0291, 1.1115 -1.7764 0.0308, 1.1108 -1.7764 0.0316, 1.1084 -1.7763 0.0348, 1.1064 -1.7758 0.0394, 1.1063 -1.7758 0.0397, 1.1205 -1.7908 0.1565, 1.1069 -1.7793 0.1565, 1.1069 -1.7793 0.0443, 1.1069 -1.7795 0.1565, 1.1069 -1.7795 0.0443, 1.1091 -1.7833 0.1565, 1.1091 -1.7833 0.0443, 1.1092 -1.7834 0.1565, 1.1092 -1.7834 0.0443, 1.1123 -1.7867 0.1565, 1.1123 -1.7867 0.0443, 1.1123 -1.7867 0.1565, 1.1123 -1.7867 0.0443, 1.1161 -1.7892 0.1565, 1.1161 -1.7892 0.0443, 1.1162 -1.7893 0.1565, 1.1162 -1.7893 0.0443, 1.1204 -1.7908 0.1565, 1.1204 -1.7908 0.0443, 1.1205 -1.7908 0.0443, 1.1063 -1.7758 0.1611, 1.1064 -1.7758 0.1614, 1.1084 -1.7763 0.166, 1.1108 -1.7764 0.1692, 1.1115 -1.7764 0.17, 1.1137 -1.7763 0.1717, 1.1144 -1.7763 0.1723, 1.1155 -1.7763 0.1731, 1.1188 -1.7759 0.1746, 1.1189 -1.7759 0.1746, 1.1201 -1.7758 0.1751, 1.1239 -1.7752 0.1757, 1.1226 -1.7754 0.1755, 1.2669 -1.6342 0.0007, 1.2671 -1.6343 0.0007, 1.2716 -1.6345 0.0026, 1.2717 -1.6345 0.0027, 1.2757 -1.6346 0.0058, 1.2788 -1.6345 0.0098, 1.2788 -1.6345 0.0098, 1.2808 -1.6343 0.0144, 1.2808 -1.6342 0.0146, 1.1074 -1.7791 0.0397, 1.1096 -1.783 0.0397, 1.1126 -1.7863 0.0397, 1.1164 -1.7888 0.0397, 1.1232 -1.7791 0.0262, 1.1156 -1.7786 0.0284, 1.1188 -1.7762 0.0262, 1.1129 -1.7806 0.0316, 1.1112 -1.7775 0.0316, 1.1088 -1.7785 0.0354, 1.1206 -1.7903 0.0397, 1.125 -1.7908 0.0397, 1.1209 -1.7888 0.0354, 1.125 -1.7893 0.0355, 1.125 -1.7908 0.0397, 1.1215 -1.7863 0.0316, 1.125 -1.7867 0.0316, 1.125 -1.7892 0.0354, 1.1108 -1.7821 0.0354, 1.1223 -1.783 0.0284, 1.125 -1.7834 0.0285, 1.125 -1.7867 0.0316, 1.125 -1.7793 0.0262, 1.125 -1.7795 0.0262, 1.125 -1.7833 0.0284, 1.1171 -1.7873 0.0354, 1.1182 -1.7851 0.0316, 1.1197 -1.7821 0.0284, 1.1215 -1.7785 0.0262, 1.1136 -1.7851 0.0354, 1.1153 -1.7831 0.0316, 1.1175 -1.7806 0.0284, 1.12 -1.7775 0.0262, 1.1096 -1.783 0.1611, 1.1126 -1.7863 0.1611, 1.1164 -1.7888 0.1611, 1.1074 -1.7791 0.1611, 1.1112 -1.7775 0.1692, 1.1088 -1.7785 0.1654, 1.1156 -1.7786 0.1724, 1.1188 -1.7762 0.1746, 1.125 -1.7793 0.1746, 1.1232 -1.7791 0.1746, 1.125 -1.7795 0.1746, 1.1223 -1.783 0.1724, 1.1215 -1.7863 0.1692, 1.125 -1.7834 0.1723, 1.125 -1.7833 0.1724, 1.125 -1.7893 0.1653, 1.125 -1.7892 0.1654, 1.1209 -1.7888 0.1654, 1.125 -1.7867 0.1691, 1.125 -1.7867 0.1692, 1.1206 -1.7903 0.1611, 1.125 -1.7908 0.1611, 1.125 -1.7908 0.161, 1.1171 -1.7873 0.1654, 1.1182 -1.7851 0.1692, 1.1197 -1.7821 0.1724, 1.1215 -1.7785 0.1746, 1.1136 -1.7851 0.1654, 1.1153 -1.7831 0.1692, 1.1175 -1.7806 0.1724, 1.12 -1.7775 0.1746, 1.1108 -1.7821 0.1654, 1.1129 -1.7806 0.1692, 1.2808 -0.9843 0.1862, 1.2808 -1.6342 0.1862, 1.2808 -1.6343 0.1864, 1.2789 -0.9843 0.1909, 1.2788 -1.6345 0.1909, 1.2788 -1.6345 0.191, 1.2757 -0.9843 0.195, 1.2757 -1.6346 0.195, 1.2717 -1.6345 0.1981, 1.2717 -0.9843 0.1981, 1.2716 -1.6345 0.1981, 1.2671 -1.6343 0.2001, 1.2669 -0.9843 0.2001, 1.2669 -1.6342 0.2001, 1.2559 -1.7758 0.0397, 1.2558 -1.7758 0.0394, 1.2538 -1.7763 0.0348, 1.2514 -1.7764 0.0316, 1.2507 -1.7764 0.0308, 1.2485 -1.7763 0.0291, 1.2478 -1.7763 0.0285, 1.2467 -1.7763 0.0277, 1.2434 -1.7759 0.0262, 1.2433 -1.7759 0.0262, 1.2421 -1.7758 0.0257, 1.2383 -1.7752 0.0251, 1.2396 -1.7754 0.0253, 1.2372 -1.7793 0.0262, 1.2372 -1.7795 0.0262, 1.2372 -1.7833 0.0284, 1.2372 -1.7834 0.0285, 1.2372 -1.7867 0.0316, 1.2372 -1.7867 0.0316, 1.2372 -1.7892 0.0354, 1.2372 -1.7893 0.0355, 1.2372 -1.7908 0.0397, 1.2372 -1.7908 0.0397, 1.2372 -1.7908 0.161, 1.2372 -1.7793 0.1746, 1.2372 -1.7795 0.1746, 1.2372 -1.7833 0.1724, 1.2372 -1.7834 0.1723, 1.2372 -1.7867 0.1692, 1.2372 -1.7867 0.1691, 1.2372 -1.7892 0.1654, 1.2372 -1.7893 0.1653, 1.2372 -1.7908 0.1611, 1.2383 -1.7752 0.1757, 1.2396 -1.7754 0.1755, 1.2421 -1.7758 0.1751, 1.2433 -1.7759 0.1746, 1.2434 -1.7759 0.1746, 1.2467 -1.7763 0.1731, 1.2478 -1.7763 0.1723, 1.2485 -1.7763 0.1717, 1.2507 -1.7764 0.17, 1.2514 -1.7764 0.1692, 1.2538 -1.7763 0.166, 1.2558 -1.7758 0.1614, 1.2559 -1.7758 0.1611, 1.2548 -1.7791 0.0397, 1.251 -1.7775 0.0316, 1.2466 -1.7786 0.0284, 1.2434 -1.7762 0.0262, 1.2422 -1.7775 0.0262, 1.2407 -1.7785 0.0262, 1.239 -1.7791 0.0262, 1.2553 -1.7793 0.0443, 1.2553 -1.7795 0.0443, 1.2526 -1.783 0.0397, 1.2531 -1.7833 0.0443, 1.253 -1.7834 0.0443, 1.2496 -1.7863 0.0397, 1.2499 -1.7867 0.0443, 1.2499 -1.7867 0.0443, 1.2459 -1.7888 0.0397, 1.2461 -1.7892 0.0443, 1.246 -1.7893 0.0443, 1.2417 -1.7903 0.0397, 1.2417 -1.7908 0.0443, 1.2418 -1.7908 0.0443, 1.2534 -1.7785 0.0354, 1.2514 -1.7821 0.0354, 1.2486 -1.7851 0.0354, 1.2451 -1.7873 0.0354, 1.2413 -1.7888 0.0354, 1.2407 -1.7863 0.0316, 1.244 -1.7851 0.0316, 1.2469 -1.7831 0.0316, 1.2493 -1.7806 0.0316, 1.2447 -1.7806 0.0284, 1.2425 -1.7821 0.0284, 1.2399 -1.783 0.0284, 1.2417 -1.7908 0.1565, 1.2418 -1.7908 0.1565, 1.2417 -1.7903 0.1611, 1.246 -1.7893 0.1565, 1.2461 -1.7892 0.1565, 1.2459 -1.7888 0.1611, 1.2499 -1.7867 0.1565, 1.2499 -1.7867 0.1565, 1.2496 -1.7863 0.1611, 1.253 -1.7834 0.1565, 1.2531 -1.7833 0.1565, 1.2526 -1.783 0.1611, 1.2553 -1.7795 0.1565, 1.2553 -1.7793 0.1565, 1.2548 -1.7791 0.1611, 1.239 -1.7791 0.1746, 1.2466 -1.7786 0.1724, 1.2434 -1.7762 0.1746, 1.2493 -1.7806 0.1692, 1.251 -1.7775 0.1692, 1.2534 -1.7785 0.1654, 1.2399 -1.783 0.1724, 1.2407 -1.7863 0.1692, 1.2413 -1.7888 0.1654, 1.2514 -1.7821 0.1654, 1.2486 -1.7851 0.1654, 1.2469 -1.7831 0.1692, 1.2447 -1.7806 0.1724, 1.2422 -1.7775 0.1746, 1.2451 -1.7873 0.1654, 1.244 -1.7851 0.1692, 1.2425 -1.7821 0.1724, 1.2407 -1.7785 0.1746, 1.0814 -0.4992 2.2051, 1.0814 -0.4992 0.8661, 1.0814 -0.4994 2.2051, 1.0833 -0.504 0.8661, 1.0834 -0.5039 2.2053, 1.0834 -0.504 2.2053, 1.0865 -0.508 0.8661, 1.0865 -0.508 2.2054, 1.0905 -0.5111 2.2053, 1.0906 -0.5112 0.8661, 1.0906 -0.5111 2.2053, 1.0951 -0.5131 2.2051, 1.0953 -0.5131 0.8661, 1.0953 -0.5131 2.2051, 1.0953 -0.3137 2.2051, 1.0953 -0.3137 0.8661, 1.0951 -0.3137 2.2051, 1.0906 -0.3156 0.8661, 1.0906 -0.3157 2.2053, 1.0905 -0.3157 2.2053, 1.0865 -0.3188 0.8661, 1.0865 -0.3188 2.2054, 1.0834 -0.3228 2.2053, 1.0833 -0.3228 0.8661, 1.0834 -0.3229 2.2053, 1.0814 -0.3274 2.2051, 1.0814 -0.3276 0.8661, 1.0814 -0.3276 2.2051, 1.1207 -0.4882 2.3466, 1.1201 -0.4881 2.3467, 1.1167 -0.4867 2.347, 1.1155 -0.4861 2.3471, 1.1115 -0.483 2.3473, 1.1102 -0.4813 2.3472, 1.1084 -0.479 2.3471, 1.1064 -0.4744 2.3467, 1.1063 -0.4738 2.3466, 1.1205 -0.3573 2.3617, 1.1069 -0.3573 2.3502, 1.1069 -0.4695 2.3502, 1.1069 -0.3573 2.3503, 1.1069 -0.4695 2.3503, 1.1091 -0.3573 2.3542, 1.1091 -0.4695 2.3542, 1.1092 -0.3573 2.3543, 1.1092 -0.4695 2.3543, 1.1123 -0.3573 2.3575, 1.1123 -0.4695 2.3575, 1.1123 -0.3573 2.3576, 1.1123 -0.4695 2.3576, 1.1161 -0.3573 2.3601, 1.1161 -0.4695 2.3601, 1.1162 -0.3573 2.3601, 1.1162 -0.4695 2.3601, 1.1204 -0.3573 2.3617, 1.1204 -0.4695 2.3617, 1.1205 -0.4695 2.3617, 1.1064 -0.3524 2.3467, 1.1064 -0.3523 2.3467, 1.1084 -0.3478 2.3471, 1.1084 -0.3477 2.3471, 1.1115 -0.3438 2.3473, 1.1154 -0.3407 2.3471, 1.1155 -0.3407 2.3471, 1.12 -0.3387 2.3467, 1.1201 -0.3387 2.3467, 1.2662 -0.5132 2.205, 1.2662 -0.5133 0.8661, 1.2671 -0.5131 2.2051, 1.2704 -0.5118 0.8661, 1.2703 -0.5117 2.2053, 1.2717 -0.5111 2.2053, 1.2741 -0.5095 0.8661, 1.274 -0.5094 2.2054, 1.2757 -0.508 2.2054, 1.2772 -0.5064 0.8661, 1.2771 -0.5063 2.2054, 1.2788 -0.504 2.2053, 1.2795 -0.5027 0.8661, 1.2794 -0.5026 2.2053, 1.2808 -0.4994 2.2051, 1.281 -0.4985 0.8661, 1.2809 -0.4985 2.205, 1.125 -0.4876 2.3503, 1.125 -0.4854 2.3542, 1.1215 -0.485 2.3542, 1.125 -0.4853 2.3543, 1.125 -0.4822 2.3575, 1.1222 -0.4819 2.3575, 1.123 -0.4782 2.3601, 1.124 -0.474 2.3617, 1.123 -0.4736 2.3617, 1.1209 -0.4715 2.3617, 1.1214 -0.4724 2.3617, 1.1205 -0.4705 2.3617, 1.125 -0.474 2.3617, 1.121 -0.4872 2.3502, 1.1171 -0.4858 2.3502, 1.1137 -0.4837 2.3502, 1.1108 -0.4808 2.3502, 1.1087 -0.4774 2.3502, 1.1073 -0.4735 2.3502, 1.125 -0.4822 2.3576, 1.125 -0.4784 2.3601, 1.125 -0.4783 2.3601, 1.125 -0.4741 2.3617, 1.1195 -0.4765 2.3601, 1.118 -0.475 2.3601, 1.117 -0.4734 2.3601, 1.1163 -0.4715 2.3601, 1.1211 -0.4775 2.3601, 1.1221 -0.4731 2.3617, 1.1195 -0.481 2.3575, 1.1171 -0.4795 2.3575, 1.1151 -0.4774 2.3575, 1.1135 -0.475 2.3575, 1.1126 -0.4723 2.3575, 1.1181 -0.4838 2.3542, 1.1151 -0.4819 2.3542, 1.1126 -0.4794 2.3542, 1.1107 -0.4764 2.3542, 1.1095 -0.473 2.3542, 1.125 -0.4876 2.3502, 1.1127 -0.354 2.3575, 1.1164 -0.355 2.3601, 1.1206 -0.3561 2.3617, 1.121 -0.355 2.3617, 1.1227 -0.3533 2.3617, 1.1218 -0.3541 2.3617, 1.1238 -0.3529 2.3617, 1.1075 -0.3526 2.3502, 1.1093 -0.3482 2.3502, 1.1122 -0.3445 2.3502, 1.1159 -0.3416 2.3502, 1.1203 -0.3398 2.3502, 1.125 -0.3392 2.3502, 1.125 -0.3528 2.3617, 1.1173 -0.3529 2.3601, 1.1187 -0.351 2.3601, 1.1206 -0.3496 2.3601, 1.1227 -0.3487 2.3601, 1.125 -0.3527 2.3617, 1.125 -0.3485 2.3601, 1.125 -0.3484 2.3601, 1.125 -0.3446 2.3576, 1.114 -0.3509 2.3575, 1.116 -0.3483 2.3575, 1.1186 -0.3463 2.3575, 1.1217 -0.345 2.3575, 1.1097 -0.3532 2.3542, 1.1113 -0.3494 2.3542, 1.1138 -0.3461 2.3542, 1.1171 -0.3436 2.3542, 1.1209 -0.342 2.3542, 1.125 -0.3446 2.3575, 1.125 -0.3415 2.3543, 1.125 -0.3414 2.3542, 1.125 -0.3392 2.3503, 1.2808 -0.3276 2.2051, 1.2808 -0.3276 0.8661, 1.2808 -0.3274 2.2051, 1.2789 -0.3228 0.8661, 1.2788 -0.3229 2.2053, 1.2788 -0.3228 2.2053, 1.2757 -0.3188 0.8661, 1.2757 -0.3188 2.2054, 1.2717 -0.3157 2.2053, 1.2717 -0.3156 0.8661, 1.2716 -0.3157 2.2053, 1.2671 -0.3137 2.2051, 1.2669 -0.3137 0.8661, 1.2669 -0.3137 2.2051, 1.2558 -0.4744 2.3467, 1.2538 -0.479 2.3471, 1.2558 -0.4745 2.3467, 1.2538 -0.4791 2.3471, 1.2507 -0.483 2.3473, 1.2468 -0.4861 2.3471, 1.2467 -0.4861 2.3471, 1.2422 -0.4881 2.3467, 1.2421 -0.4881 2.3467, 1.2372 -0.4876 2.3502, 1.2372 -0.4876 2.3503, 1.2372 -0.4854 2.3542, 1.2372 -0.4853 2.3543, 1.2372 -0.4822 2.3575, 1.2372 -0.4822 2.3576, 1.2372 -0.4784 2.3601, 1.2372 -0.4783 2.3601, 1.2372 -0.4741 2.3617, 1.2372 -0.474 2.3617, 1.2372 -0.3528 2.3617, 1.2372 -0.3392 2.3502, 1.2372 -0.3392 2.3503, 1.2372 -0.3414 2.3542, 1.2372 -0.3415 2.3543, 1.2372 -0.3446 2.3575, 1.2372 -0.3446 2.3576, 1.2372 -0.3484 2.3601, 1.2372 -0.3485 2.3601, 1.2372 -0.3527 2.3617, 1.2421 -0.3387 2.3467, 1.2422 -0.3387 2.3467, 1.2467 -0.3407 2.3471, 1.2468 -0.3407 2.3471, 1.2507 -0.3438 2.3473, 1.2538 -0.3477 2.3471, 1.2538 -0.3478 2.3471, 1.2558 -0.3523 2.3467, 1.2558 -0.3524 2.3467, 1.253 -0.4695 2.3543, 1.2499 -0.4695 2.3575, 1.2495 -0.4728 2.3575, 1.2458 -0.4718 2.3601, 1.2416 -0.4707 2.3617, 1.2412 -0.4718 2.3617, 1.2395 -0.4735 2.3617, 1.2404 -0.4727 2.3617, 1.2384 -0.4739 2.3617, 1.2417 -0.4695 2.3617, 1.2547 -0.4742 2.3502, 1.2529 -0.4786 2.3502, 1.25 -0.4823 2.3502, 1.2463 -0.4852 2.3502, 1.2419 -0.487 2.3502, 1.2499 -0.4695 2.3576, 1.2461 -0.4695 2.3601, 1.246 -0.4695 2.3601, 1.2418 -0.4695 2.3617, 1.2449 -0.474 2.3601, 1.2435 -0.4758 2.3601, 1.2417 -0.4772 2.3601, 1.2395 -0.4781 2.3601, 1.2482 -0.4759 2.3575, 1.2462 -0.4785 2.3575, 1.2436 -0.4805 2.3575, 1.2405 -0.4818 2.3575, 1.2553 -0.4695 2.3503, 1.2531 -0.4695 2.3542, 1.2525 -0.4736 2.3542, 1.2509 -0.4774 2.3542, 1.2484 -0.4807 2.3542, 1.2451 -0.4832 2.3542, 1.2413 -0.4848 2.3542, 1.2553 -0.4695 2.3502, 1.2405 -0.345 2.3575, 1.2395 -0.3487 2.3601, 1.2384 -0.3529 2.3617, 1.2395 -0.3533 2.3617, 1.2412 -0.355 2.3617, 1.2404 -0.3541 2.3617, 1.2416 -0.3561 2.3617, 1.2419 -0.3398 2.3502, 1.2463 -0.3416 2.3502, 1.25 -0.3445 2.3502, 1.2529 -0.3482 2.3502, 1.2547 -0.3526 2.3502, 1.2553 -0.3573 2.3502, 1.2417 -0.3573 2.3617, 1.2417 -0.3496 2.3601, 1.2435 -0.351 2.3601, 1.2449 -0.3529 2.3601, 1.2458 -0.355 2.3601, 1.2418 -0.3573 2.3617, 1.246 -0.3573 2.3601, 1.2461 -0.3573 2.3601, 1.2499 -0.3573 2.3576, 1.2436 -0.3463 2.3575, 1.2462 -0.3483 2.3575, 1.2482 -0.3509 2.3575, 1.2495 -0.354 2.3575, 1.2413 -0.342 2.3542, 1.2451 -0.3436 2.3542, 1.2484 -0.3461 2.3542, 1.2509 -0.3494 2.3542, 1.2525 -0.3532 2.3542, 1.2499 -0.3573 2.3575, 1.253 -0.3573 2.3543, 1.2531 -0.3573 2.3542, 1.2553 -0.3573 2.3503, 1.0814 0.2882 2.2051, 1.0814 0.2882 0.8661, 1.0814 0.288 2.2051, 1.0833 0.2834 0.8661, 1.0834 0.2835 2.2053, 1.0834 0.2834 2.2053, 1.0865 0.2794 0.8661, 1.0865 0.2794 2.2054, 1.0905 0.2763 2.2053, 1.0906 0.2762 0.8661, 1.0906 0.2763 2.2053, 1.0951 0.2743 2.2051, 1.0953 0.2743 0.8661, 1.0953 0.2743 2.2051, 1.0953 0.4737 2.2051, 1.0953 0.4737 0.8661, 1.0951 0.4737 2.2051, 1.0906 0.4718 0.8661, 1.0906 0.4717 2.2053, 1.0905 0.4717 2.2053, 1.0865 0.4686 0.8661, 1.0865 0.4686 2.2054, 1.0834 0.4646 2.2053, 1.0833 0.4646 0.8661, 1.0834 0.4645 2.2053, 1.0814 0.46 2.2051, 1.0814 0.4598 0.8661, 1.0814 0.4598 2.2051, 1.1201 0.2993 2.3467, 1.12 0.2993 2.3467, 1.1155 0.3013 2.3471, 1.1154 0.3013 2.3471, 1.1115 0.3044 2.3473, 1.1084 0.3083 2.3471, 1.1084 0.3084 2.3471, 1.1064 0.3129 2.3467, 1.1064 0.313 2.3467, 1.1205 0.4301 2.3617, 1.1069 0.4301 2.3502, 1.1069 0.3179 2.3502, 1.1069 0.4301 2.3503, 1.1069 0.3179 2.3503, 1.1091 0.4301 2.3542, 1.1091 0.3179 2.3542, 1.1092 0.4301 2.3543, 1.1092 0.3179 2.3543, 1.1123 0.4301 2.3575, 1.1123 0.3179 2.3575, 1.1123 0.4301 2.3576, 1.1123 0.3179 2.3576, 1.1161 0.4301 2.3601, 1.1161 0.3179 2.3601, 1.1162 0.4301 2.3601, 1.1162 0.3179 2.3601, 1.1204 0.4301 2.3617, 1.1204 0.3179 2.3617, 1.1205 0.3179 2.3617, 1.1064 0.435 2.3467, 1.1064 0.4351 2.3467, 1.1084 0.4396 2.3471, 1.1084 0.4397 2.3471, 1.1115 0.4436 2.3473, 1.1154 0.4467 2.3471, 1.1155 0.4467 2.3471, 1.12 0.4487 2.3467, 1.1201 0.4487 2.3467, 1.2669 0.2743 2.2051, 1.2669 0.2743 0.8661, 1.2671 0.2743 2.2051, 1.2717 0.2762 0.8661, 1.2716 0.2763 2.2053, 1.2717 0.2763 2.2053, 1.2757 0.2794 0.8661, 1.2757 0.2794 2.2054, 1.2788 0.2834 2.2053, 1.2789 0.2834 0.8661, 1.2788 0.2835 2.2053, 1.2808 0.288 2.2051, 1.2808 0.2882 0.8661, 1.2808 0.2882 2.2051, 1.125 0.3021 2.3543, 1.125 0.3052 2.3575, 1.1217 0.3056 2.3575, 1.1227 0.3093 2.3601, 1.1238 0.3135 2.3617, 1.1227 0.3139 2.3617, 1.121 0.3156 2.3617, 1.1218 0.3147 2.3617, 1.1206 0.3167 2.3617, 1.125 0.3134 2.3617, 1.1203 0.3004 2.3502, 1.1159 0.3022 2.3502, 1.1122 0.3051 2.3502, 1.1093 0.3088 2.3502, 1.1075 0.3132 2.3502, 1.125 0.3052 2.3576, 1.125 0.309 2.3601, 1.125 0.3091 2.3601, 1.125 0.3133 2.3617, 1.1206 0.3102 2.3601, 1.1187 0.3116 2.3601, 1.1173 0.3135 2.3601, 1.1164 0.3156 2.3601, 1.1186 0.3069 2.3575, 1.116 0.3089 2.3575, 1.114 0.3115 2.3575, 1.1127 0.3146 2.3575, 1.125 0.2998 2.3503, 1.125 0.302 2.3542, 1.1209 0.3026 2.3542, 1.1171 0.3042 2.3542, 1.1138 0.3067 2.3542, 1.1113 0.31 2.3542, 1.1097 0.3138 2.3542, 1.125 0.2998 2.3502, 1.1127 0.4334 2.3575, 1.1164 0.4324 2.3601, 1.1206 0.4313 2.3617, 1.121 0.4324 2.3617, 1.1227 0.4341 2.3617, 1.1218 0.4333 2.3617, 1.1238 0.4345 2.3617, 1.1075 0.4348 2.3502, 1.1093 0.4392 2.3502, 1.1122 0.4429 2.3502, 1.1159 0.4458 2.3502, 1.1203 0.4476 2.3502, 1.125 0.4482 2.3502, 1.125 0.4346 2.3617, 1.1173 0.4346 2.3601, 1.1187 0.4364 2.3601, 1.1206 0.4378 2.3601, 1.1227 0.4387 2.3601, 1.125 0.4347 2.3617, 1.125 0.4389 2.3601, 1.125 0.439 2.3601, 1.125 0.4428 2.3576, 1.114 0.4365 2.3575, 1.116 0.4391 2.3575, 1.1186 0.4411 2.3575, 1.1217 0.4424 2.3575, 1.1097 0.4342 2.3542, 1.1113 0.438 2.3542, 1.1138 0.4413 2.3542, 1.1171 0.4438 2.3542, 1.1209 0.4454 2.3542, 1.125 0.4428 2.3575, 1.125 0.4459 2.3543, 1.125 0.446 2.3542, 1.125 0.4482 2.3503, 1.2808 0.4598 2.2051, 1.2808 0.4598 0.8661, 1.2808 0.46 2.2051, 1.2789 0.4646 0.8661, 1.2788 0.4645 2.2053, 1.2788 0.4646 2.2053, 1.2757 0.4686 0.8661, 1.2757 0.4686 2.2054, 1.2717 0.4717 2.2053, 1.2717 0.4718 0.8661, 1.2716 0.4717 2.2053, 1.2671 0.4737 2.2051, 1.2669 0.4737 0.8661, 1.2669 0.4737 2.2051, 1.2559 0.3136 2.3466, 1.2558 0.313 2.3467, 1.2544 0.3096 2.347, 1.2538 0.3084 2.3471, 1.2507 0.3044 2.3473, 1.249 0.3031 2.3472, 1.2467 0.3013 2.3471, 1.2421 0.2993 2.3467, 1.2415 0.2992 2.3466, 1.2372 0.2998 2.3502, 1.2372 0.2998 2.3503, 1.2372 0.302 2.3542, 1.2372 0.3021 2.3543, 1.2372 0.3052 2.3575, 1.2372 0.3052 2.3576, 1.2372 0.309 2.3601, 1.2372 0.3091 2.3601, 1.2372 0.3133 2.3617, 1.2372 0.3134 2.3617, 1.2372 0.4346 2.3617, 1.2372 0.4482 2.3502, 1.2372 0.4482 2.3503, 1.2372 0.446 2.3542, 1.2372 0.4459 2.3543, 1.2372 0.4428 2.3575, 1.2372 0.4428 2.3576, 1.2372 0.439 2.3601, 1.2372 0.4389 2.3601, 1.2372 0.4347 2.3617, 1.2421 0.4487 2.3467, 1.2422 0.4487 2.3467, 1.2467 0.4467 2.3471, 1.2468 0.4467 2.3471, 1.2507 0.4436 2.3473, 1.2538 0.4397 2.3471, 1.2538 0.4396 2.3471, 1.2558 0.4351 2.3467, 1.2558 0.435 2.3467, 1.2553 0.3179 2.3503, 1.2531 0.3179 2.3542, 1.2527 0.3144 2.3542, 1.253 0.3179 2.3543, 1.2499 0.3179 2.3575, 1.2496 0.3151 2.3575, 1.2459 0.3159 2.3601, 1.2417 0.3169 2.3617, 1.2413 0.3159 2.3617, 1.2392 0.3138 2.3617, 1.2401 0.3143 2.3617, 1.2382 0.3134 2.3617, 1.2417 0.3179 2.3617, 1.2549 0.3139 2.3502, 1.2535 0.31 2.3502, 1.2514 0.3066 2.3502, 1.2485 0.3037 2.3502, 1.2451 0.3016 2.3502, 1.2412 0.3002 2.3502, 1.2499 0.3179 2.3576, 1.2461 0.3179 2.3601, 1.246 0.3179 2.3601, 1.2418 0.3179 2.3617, 1.2442 0.3124 2.3601, 1.2427 0.3109 2.3601, 1.2411 0.3099 2.3601, 1.2392 0.3092 2.3601, 1.2452 0.314 2.3601, 1.2408 0.315 2.3617, 1.2487 0.3124 2.3575, 1.2472 0.31 2.3575, 1.2451 0.308 2.3575, 1.2427 0.3064 2.3575, 1.24 0.3055 2.3575, 1.2515 0.311 2.3542, 1.2496 0.308 2.3542, 1.2471 0.3055 2.3542, 1.2441 0.3036 2.3542, 1.2407 0.3024 2.3542, 1.2553 0.3179 2.3502, 1.2405 0.4424 2.3575, 1.2395 0.4387 2.3601, 1.2384 0.4345 2.3617, 1.2395 0.4341 2.3617, 1.2412 0.4324 2.3617, 1.2404 0.4333 2.3617, 1.2416 0.4313 2.3617, 1.2419 0.4476 2.3502, 1.2463 0.4458 2.3502, 1.25 0.4429 2.3502, 1.2529 0.4392 2.3502, 1.2547 0.4348 2.3502, 1.2553 0.4301 2.3502, 1.2417 0.4301 2.3617, 1.2417 0.4378 2.3601, 1.2435 0.4364 2.3601, 1.2449 0.4346 2.3601, 1.2458 0.4324 2.3601, 1.2418 0.4301 2.3617, 1.246 0.4301 2.3601, 1.2461 0.4301 2.3601, 1.2499 0.4301 2.3576, 1.2436 0.4411 2.3575, 1.2462 0.4391 2.3575, 1.2482 0.4365 2.3575, 1.2495 0.4334 2.3575, 1.2413 0.4454 2.3542, 1.2451 0.4438 2.3542, 1.2484 0.4413 2.3542, 1.2509 0.438 2.3542, 1.2525 0.4342 2.3542, 1.2499 0.4301 2.3575, 1.253 0.4301 2.3543, 1.2531 0.4301 2.3542, 1.2553 0.4301 2.3503, 0.294 0.2882 0.2008, 0.294 0.2945 0.1526, 0.2959 0.2834 0.2008, 0.2959 0.29 0.1514, 0.2991 0.2794 0.2008, 0.2991 0.286 0.1503, 0.3031 0.2762 0.2008, 0.3031 0.283 0.1495, 0.3079 0.2743 0.2008, 0.3079 0.2811 0.149, 0.294 0.3131 0.1077, 0.2959 0.309 0.1053, 0.2991 0.3055 0.1033, 0.3031 0.3028 0.1017, 0.3079 0.3011 0.1007, 0.294 0.3427 0.0691, 0.2959 0.3394 0.0658, 0.2991 0.3365 0.0629, 0.3031 0.3343 0.0607, 0.3079 0.3329 0.0593, 0.294 0.3813 0.0395, 0.2959 0.3789 0.0354, 0.2991 0.3769 0.0319, 0.3031 0.3753 0.0292, 0.3079 0.3743 0.0275, 0.294 0.4262 0.0209, 0.2959 0.425 0.0163, 0.2991 0.4239 0.0124, 0.3031 0.4231 0.0094, 0.3079 0.4226 0.0075, 0.294 0.4744 0.0146, 0.2959 0.4744 0.0098, 0.2991 0.4744 0.0058, 0.3031 0.4744 0.0026, 0.3079 0.4744 0.0007, 0.294 1.1417 0.1862, 0.294 1.5948 0.1862, 0.294 1.5949 0.1864, 0.2959 1.1417 0.1909, 0.296 1.5951 0.1909, 0.296 1.5951 0.191, 0.2991 1.1417 0.195, 0.2991 1.5952 0.195, 0.3031 1.5951 0.1981, 0.3031 1.1417 0.1981, 0.3032 1.5951 0.1981, 0.3077 1.5949 0.2001, 0.3079 1.1417 0.2001, 0.3079 1.5948 0.2001, 0.3079 1.5948 0.0007, 0.3077 1.5949 0.0007, 0.3032 1.5951 0.0026, 0.3031 1.5951 0.0027, 0.2991 1.5952 0.0058, 0.296 1.5951 0.0098, 0.296 1.5951 0.0098, 0.294 1.5949 0.0144, 0.294 1.5948 0.0146, 0.3365 1.7358 0.1757, 0.3352 1.736 0.1755, 0.3327 1.7364 0.1751, 0.3315 1.7365 0.1746, 0.3314 1.7365 0.1746, 0.3281 1.7369 0.1731, 0.327 1.7369 0.1723, 0.3263 1.7369 0.1717, 0.3241 1.737 0.17, 0.3234 1.737 0.1692, 0.321 1.7369 0.166, 0.319 1.7364 0.1614, 0.3189 1.7364 0.1611, 0.3331 1.7514 0.0443, 0.3195 1.7399 0.0443, 0.3195 1.7399 0.1565, 0.3195 1.7401 0.0443, 0.3195 1.7401 0.1565, 0.3217 1.7439 0.0443, 0.3217 1.7439 0.1565, 0.3218 1.744 0.0443, 0.3218 1.744 0.1565, 0.3249 1.7473 0.0443, 0.3249 1.7473 0.1565, 0.3249 1.7473 0.0443, 0.3249 1.7473 0.1565, 0.3287 1.7498 0.0443, 0.3287 1.7498 0.1565, 0.3288 1.7499 0.0443, 0.3288 1.7499 0.1565, 0.333 1.7514 0.0443, 0.333 1.7514 0.1565, 0.3331 1.7514 0.1565, 0.3189 1.7364 0.0397, 0.319 1.7364 0.0394, 0.321 1.7369 0.0348, 0.3234 1.737 0.0316, 0.3241 1.737 0.0308, 0.3263 1.7369 0.0291, 0.327 1.7369 0.0285, 0.3281 1.7369 0.0277, 0.3314 1.7365 0.0262, 0.3315 1.7365 0.0262, 0.3327 1.7364 0.0257, 0.3365 1.7358 0.0251, 0.3352 1.736 0.0253, 0.4795 0.2743 0.2008, 0.4795 0.2811 0.149, 0.4843 0.2762 0.2008, 0.4843 0.283 0.1495, 0.4883 0.2794 0.2008, 0.4883 0.286 0.1503, 0.4915 0.2834 0.2008, 0.4915 0.29 0.1514, 0.4934 0.2882 0.2008, 0.4934 0.2945 0.1526, 0.4795 0.3011 0.1007, 0.4843 0.3028 0.1017, 0.4883 0.3055 0.1033, 0.4915 0.309 0.1053, 0.4934 0.3131 0.1077, 0.4795 0.3329 0.0593, 0.4843 0.3343 0.0607, 0.4883 0.3365 0.0629, 0.4915 0.3394 0.0658, 0.4934 0.3427 0.0691, 0.4795 0.3743 0.0275, 0.4843 0.3753 0.0292, 0.4883 0.3769 0.0319, 0.4915 0.3789 0.0354, 0.4934 0.3813 0.0395, 0.4795 0.4226 0.0075, 0.4843 0.4231 0.0094, 0.4883 0.4239 0.0124, 0.4915 0.425 0.0163, 0.4934 0.4262 0.0209, 0.4795 0.4744 0.0007, 0.4843 0.4744 0.0026, 0.4883 0.4744 0.0058, 0.4915 0.4744 0.0098, 0.4934 0.4744 0.0146, 0.4795 1.1417 0.2001, 0.4795 1.5948 0.2001, 0.4797 1.5949 0.2001, 0.4843 1.1417 0.1981, 0.4842 1.5951 0.1981, 0.4843 1.5951 0.1981, 0.4883 1.1417 0.195, 0.4883 1.5952 0.195, 0.4914 1.5951 0.191, 0.4915 1.1417 0.1909, 0.4914 1.5951 0.1909, 0.4934 1.5949 0.1864, 0.4934 1.1417 0.1862, 0.4934 1.5948 0.1862, 0.3332 1.7509 0.1611, 0.329 1.7494 0.1611, 0.3252 1.7469 0.1611, 0.3222 1.7436 0.1611, 0.32 1.7397 0.1611, 0.3358 1.7397 0.1746, 0.3282 1.7392 0.1724, 0.3314 1.7368 0.1746, 0.3255 1.7412 0.1692, 0.3238 1.7381 0.1692, 0.3214 1.7391 0.1654, 0.3376 1.7399 0.1746, 0.3376 1.7401 0.1746, 0.3349 1.7436 0.1724, 0.3376 1.7439 0.1724, 0.3376 1.744 0.1723, 0.3341 1.7469 0.1692, 0.3376 1.7473 0.1692, 0.3376 1.7473 0.1691, 0.3335 1.7494 0.1654, 0.3376 1.7498 0.1654, 0.3376 1.7499 0.1653, 0.3234 1.7427 0.1654, 0.3262 1.7457 0.1654, 0.3279 1.7437 0.1692, 0.3301 1.7412 0.1724, 0.3326 1.7381 0.1746, 0.3297 1.7479 0.1654, 0.3308 1.7457 0.1692, 0.3323 1.7427 0.1724, 0.3341 1.7391 0.1746, 0.3376 1.7514 0.161, 0.3376 1.7514 0.1611, 0.32 1.7397 0.0397, 0.3238 1.7381 0.0316, 0.3282 1.7392 0.0284, 0.3314 1.7368 0.0262, 0.3326 1.7381 0.0262, 0.3341 1.7391 0.0262, 0.3358 1.7397 0.0262, 0.3376 1.7399 0.0262, 0.3222 1.7436 0.0397, 0.3252 1.7469 0.0397, 0.329 1.7494 0.0397, 0.3332 1.7509 0.0397, 0.3376 1.7514 0.0397, 0.3214 1.7391 0.0354, 0.3234 1.7427 0.0354, 0.3262 1.7457 0.0354, 0.3297 1.7479 0.0354, 0.3335 1.7494 0.0354, 0.3376 1.7514 0.0397, 0.3376 1.7499 0.0355, 0.3376 1.7498 0.0354, 0.3376 1.7473 0.0316, 0.3341 1.7469 0.0316, 0.3308 1.7457 0.0316, 0.3279 1.7437 0.0316, 0.3255 1.7412 0.0316, 0.3301 1.7412 0.0284, 0.3323 1.7427 0.0284, 0.3349 1.7436 0.0284, 0.3376 1.7473 0.0316, 0.3376 1.744 0.0285, 0.3376 1.7439 0.0284, 0.3376 1.7401 0.0262, 0.4934 1.5948 0.0146, 0.4934 1.5949 0.0144, 0.4914 1.5951 0.0098, 0.4914 1.5951 0.0098, 0.4883 1.5952 0.0058, 0.4843 1.5951 0.0027, 0.4842 1.5951 0.0026, 0.4797 1.5949 0.0007, 0.4795 1.5948 0.0007, 0.4685 1.7364 0.1611, 0.4684 1.7364 0.1614, 0.4664 1.7369 0.166, 0.464 1.737 0.1692, 0.4633 1.737 0.17, 0.4611 1.7369 0.1717, 0.4604 1.7369 0.1723, 0.4593 1.7369 0.1731, 0.456 1.7365 0.1746, 0.4559 1.7365 0.1746, 0.4547 1.7364 0.1751, 0.4509 1.7358 0.1757, 0.4522 1.736 0.1755, 0.4498 1.7399 0.1746, 0.4498 1.7401 0.1746, 0.4498 1.7439 0.1724, 0.4498 1.744 0.1723, 0.4498 1.7473 0.1692, 0.4498 1.7473 0.1691, 0.4498 1.7498 0.1654, 0.4498 1.7499 0.1653, 0.4498 1.7514 0.1611, 0.4498 1.7514 0.161, 0.4498 1.7514 0.0397, 0.4498 1.7399 0.0262, 0.4498 1.7401 0.0262, 0.4498 1.7439 0.0284, 0.4498 1.744 0.0285, 0.4498 1.7473 0.0316, 0.4498 1.7473 0.0316, 0.4498 1.7498 0.0354, 0.4498 1.7499 0.0355, 0.4498 1.7514 0.0397, 0.4509 1.7358 0.0251, 0.4522 1.736 0.0253, 0.4547 1.7364 0.0257, 0.4559 1.7365 0.0262, 0.456 1.7365 0.0262, 0.4593 1.7369 0.0277, 0.4604 1.7369 0.0285, 0.4611 1.7369 0.0291, 0.4633 1.737 0.0308, 0.464 1.737 0.0316, 0.4664 1.7369 0.0348, 0.4684 1.7364 0.0394, 0.4685 1.7364 0.0397, 0.4679 1.7401 0.1565, 0.4657 1.7439 0.1565, 0.4652 1.7436 0.1611, 0.4656 1.744 0.1565, 0.4625 1.7473 0.1565, 0.4622 1.7469 0.1611, 0.4625 1.7473 0.1565, 0.4587 1.7498 0.1565, 0.4585 1.7494 0.1611, 0.4679 1.7399 0.1565, 0.4674 1.7397 0.1611, 0.4636 1.7381 0.1692, 0.466 1.7391 0.1654, 0.4592 1.7392 0.1724, 0.456 1.7368 0.1746, 0.4516 1.7397 0.1746, 0.4525 1.7436 0.1724, 0.4533 1.7469 0.1692, 0.4539 1.7494 0.1654, 0.4543 1.7509 0.1611, 0.4543 1.7514 0.1565, 0.4544 1.7514 0.1565, 0.4586 1.7499 0.1565, 0.4577 1.7479 0.1654, 0.4566 1.7457 0.1692, 0.4551 1.7427 0.1724, 0.4533 1.7391 0.1746, 0.4612 1.7457 0.1654, 0.4595 1.7437 0.1692, 0.4573 1.7412 0.1724, 0.4548 1.7381 0.1746, 0.464 1.7427 0.1654, 0.4619 1.7412 0.1692, 0.4679 1.7401 0.0443, 0.4679 1.7399 0.0443, 0.4674 1.7397 0.0397, 0.4656 1.744 0.0443, 0.4657 1.7439 0.0443, 0.4652 1.7436 0.0397, 0.4625 1.7473 0.0443, 0.4625 1.7473 0.0443, 0.4622 1.7469 0.0397, 0.4586 1.7499 0.0443, 0.4587 1.7498 0.0443, 0.4585 1.7494 0.0397, 0.4516 1.7397 0.0262, 0.4592 1.7392 0.0284, 0.456 1.7368 0.0262, 0.4619 1.7412 0.0316, 0.4636 1.7381 0.0316, 0.466 1.7391 0.0354, 0.4544 1.7514 0.0443, 0.4543 1.7509 0.0397, 0.4543 1.7514 0.0443, 0.4539 1.7494 0.0354, 0.4533 1.7469 0.0316, 0.464 1.7427 0.0354, 0.4525 1.7436 0.0284, 0.4577 1.7479 0.0354, 0.4566 1.7457 0.0316, 0.4551 1.7427 0.0284, 0.4533 1.7391 0.0262, 0.4612 1.7457 0.0354, 0.4595 1.7437 0.0316, 0.4573 1.7412 0.0284, 0.4548 1.7381 0.0262, 0.294 -0.5138 0.0146, 0.294 -0.4656 0.0209, 0.2959 -0.5138 0.0098, 0.2959 -0.4644 0.0163, 0.2991 -0.5138 0.0058, 0.2991 -0.4633 0.0124, 0.3031 -0.5138 0.0026, 0.3031 -0.4625 0.0094, 0.3079 -0.5138 0.0007, 0.3079 -0.462 0.0075, 0.294 -0.4207 0.0395, 0.2959 -0.4183 0.0354, 0.2991 -0.4163 0.0319, 0.3031 -0.4147 0.0292, 0.3079 -0.4137 0.0275, 0.294 -0.3821 0.0691, 0.2959 -0.3788 0.0658, 0.2991 -0.3759 0.0629, 0.3031 -0.3737 0.0607, 0.3079 -0.3723 0.0593, 0.294 -0.3525 0.1077, 0.2959 -0.3484 0.1053, 0.2991 -0.3449 0.1033, 0.3031 -0.3422 0.1017, 0.3079 -0.3405 0.1007, 0.294 -0.3339 0.1526, 0.2959 -0.3294 0.1514, 0.2991 -0.3254 0.1503, 0.3031 -0.3224 0.1495, 0.3079 -0.3205 0.149, 0.294 -0.3276 0.2008, 0.2959 -0.3228 0.2008, 0.2991 -0.3188 0.2008, 0.3031 -0.3156 0.2008, 0.3079 -0.3137 0.2008, 0.294 -1.6342 0.0146, 0.294 -1.6343 0.0144, 0.296 -1.6345 0.0098, 0.296 -1.6345 0.0098, 0.2991 -1.6346 0.0058, 0.3031 -1.6345 0.0027, 0.3032 -1.6345 0.0026, 0.3077 -1.6343 0.0007, 0.3079 -1.6342 0.0007, 0.3079 -0.8662 0.2001, 0.3079 -1.6342 0.2001, 0.3077 -1.6343 0.2001, 0.3031 -0.8662 0.1981, 0.3032 -1.6345 0.1981, 0.3031 -1.6345 0.1981, 0.2991 -0.8662 0.195, 0.2991 -1.6346 0.195, 0.296 -1.6345 0.191, 0.2959 -0.8662 0.1909, 0.296 -1.6345 0.1909, 0.294 -1.6343 0.1864, 0.294 -0.8662 0.1862, 0.294 -1.6342 0.1862, 0.4795 -0.5138 0.0007, 0.4795 -0.462 0.0075, 0.4843 -0.5138 0.0026, 0.4843 -0.4625 0.0094, 0.4883 -0.5138 0.0058, 0.4883 -0.4633 0.0124, 0.4915 -0.5138 0.0098, 0.4915 -0.4644 0.0163, 0.4934 -0.5138 0.0146, 0.4934 -0.4656 0.0209, 0.4795 -0.4137 0.0275, 0.4843 -0.4147 0.0292, 0.4883 -0.4163 0.0319, 0.4915 -0.4183 0.0354, 0.4934 -0.4207 0.0395, 0.4795 -0.3723 0.0593, 0.4843 -0.3737 0.0607, 0.4883 -0.3759 0.0629, 0.4915 -0.3788 0.0658, 0.4934 -0.3821 0.0691, 0.4795 -0.3405 0.1007, 0.4843 -0.3422 0.1017, 0.4883 -0.3449 0.1033, 0.4915 -0.3484 0.1053, 0.4934 -0.3525 0.1077, 0.4795 -0.3205 0.149, 0.4843 -0.3224 0.1495, 0.4883 -0.3254 0.1503, 0.4915 -0.3294 0.1514, 0.4934 -0.3339 0.1526, 0.4795 -0.3137 0.2008, 0.4843 -0.3156 0.2008, 0.4883 -0.3188 0.2008, 0.4915 -0.3228 0.2008, 0.4934 -0.3276 0.2008, 0.3365 -1.7752 0.0251, 0.3352 -1.7754 0.0253, 0.3327 -1.7758 0.0257, 0.3315 -1.7759 0.0262, 0.3314 -1.7759 0.0262, 0.3281 -1.7763 0.0277, 0.327 -1.7763 0.0285, 0.3263 -1.7763 0.0291, 0.3241 -1.7764 0.0308, 0.3234 -1.7764 0.0316, 0.321 -1.7763 0.0348, 0.319 -1.7758 0.0394, 0.3189 -1.7758 0.0397, 0.3331 -1.7908 0.1565, 0.3195 -1.7793 0.1565, 0.3195 -1.7793 0.0443, 0.3195 -1.7795 0.1565, 0.3195 -1.7795 0.0443, 0.3217 -1.7833 0.1565, 0.3217 -1.7833 0.0443, 0.3218 -1.7834 0.1565, 0.3218 -1.7834 0.0443, 0.3249 -1.7867 0.1565, 0.3249 -1.7867 0.0443, 0.3249 -1.7867 0.1565, 0.3249 -1.7867 0.0443, 0.3287 -1.7892 0.1565, 0.3287 -1.7892 0.0443, 0.3288 -1.7893 0.1565, 0.3288 -1.7893 0.0443, 0.333 -1.7908 0.1565, 0.333 -1.7908 0.0443, 0.3331 -1.7908 0.0443, 0.3189 -1.7758 0.1611, 0.319 -1.7758 0.1614, 0.321 -1.7763 0.166, 0.3234 -1.7764 0.1692, 0.3241 -1.7764 0.17, 0.3263 -1.7763 0.1717, 0.327 -1.7763 0.1723, 0.3281 -1.7763 0.1731, 0.3314 -1.7759 0.1746, 0.3315 -1.7759 0.1746, 0.3327 -1.7758 0.1751, 0.3365 -1.7752 0.1757, 0.3352 -1.7754 0.1755, 0.4795 -1.6342 0.0007, 0.4797 -1.6343 0.0007, 0.4842 -1.6345 0.0026, 0.4843 -1.6345 0.0027, 0.4883 -1.6346 0.0058, 0.4914 -1.6345 0.0098, 0.4914 -1.6345 0.0098, 0.4934 -1.6343 0.0144, 0.4934 -1.6342 0.0146, 0.32 -1.7791 0.0397, 0.3222 -1.783 0.0397, 0.3252 -1.7863 0.0397, 0.329 -1.7888 0.0397, 0.3358 -1.7791 0.0262, 0.3282 -1.7786 0.0284, 0.3314 -1.7762 0.0262, 0.3255 -1.7806 0.0316, 0.3238 -1.7775 0.0316, 0.3214 -1.7785 0.0354, 0.3332 -1.7903 0.0397, 0.3376 -1.7908 0.0397, 0.3335 -1.7888 0.0354, 0.3376 -1.7893 0.0355, 0.3376 -1.7908 0.0397, 0.3341 -1.7863 0.0316, 0.3376 -1.7867 0.0316, 0.3376 -1.7892 0.0354, 0.3234 -1.7821 0.0354, 0.3349 -1.783 0.0284, 0.3376 -1.7834 0.0285, 0.3376 -1.7867 0.0316, 0.3376 -1.7793 0.0262, 0.3376 -1.7795 0.0262, 0.3376 -1.7833 0.0284, 0.3297 -1.7873 0.0354, 0.3308 -1.7851 0.0316, 0.3323 -1.7821 0.0284, 0.3341 -1.7785 0.0262, 0.3262 -1.7851 0.0354, 0.3279 -1.7831 0.0316, 0.3301 -1.7806 0.0284, 0.3326 -1.7775 0.0262, 0.3222 -1.783 0.1611, 0.3252 -1.7863 0.1611, 0.329 -1.7888 0.1611, 0.32 -1.7791 0.1611, 0.3238 -1.7775 0.1692, 0.3214 -1.7785 0.1654, 0.3282 -1.7786 0.1724, 0.3314 -1.7762 0.1746, 0.3376 -1.7793 0.1746, 0.3358 -1.7791 0.1746, 0.3376 -1.7795 0.1746, 0.3349 -1.783 0.1724, 0.3341 -1.7863 0.1692, 0.3376 -1.7834 0.1723, 0.3376 -1.7833 0.1724, 0.3335 -1.7888 0.1654, 0.3376 -1.7867 0.1691, 0.3376 -1.7867 0.1692, 0.3376 -1.7908 0.161, 0.3376 -1.7908 0.1611, 0.3332 -1.7903 0.1611, 0.3376 -1.7893 0.1653, 0.3376 -1.7892 0.1654, 0.3297 -1.7873 0.1654, 0.3308 -1.7851 0.1692, 0.3323 -1.7821 0.1724, 0.3341 -1.7785 0.1746, 0.3262 -1.7851 0.1654, 0.3279 -1.7831 0.1692, 0.3301 -1.7806 0.1724, 0.3326 -1.7775 0.1746, 0.3234 -1.7821 0.1654, 0.3255 -1.7806 0.1692, 0.4934 -0.8662 0.1862, 0.4934 -1.6342 0.1862, 0.4934 -1.6343 0.1864, 0.4915 -0.8662 0.1909, 0.4914 -1.6345 0.1909, 0.4914 -1.6345 0.191, 0.4883 -0.8662 0.195, 0.4883 -1.6346 0.195, 0.4843 -1.6345 0.1981, 0.4843 -0.8662 0.1981, 0.4842 -1.6345 0.1981, 0.4797 -1.6343 0.2001, 0.4795 -0.8662 0.2001, 0.4795 -1.6342 0.2001, 0.4685 -1.7758 0.0397, 0.4684 -1.7758 0.0394, 0.4664 -1.7763 0.0348, 0.464 -1.7764 0.0316, 0.4633 -1.7764 0.0308, 0.4611 -1.7763 0.0291, 0.4604 -1.7763 0.0285, 0.4593 -1.7763 0.0277, 0.456 -1.7759 0.0262, 0.4559 -1.7759 0.0262, 0.4547 -1.7758 0.0257, 0.4509 -1.7752 0.0251, 0.4522 -1.7754 0.0253, 0.4498 -1.7793 0.0262, 0.4498 -1.7795 0.0262, 0.4498 -1.7833 0.0284, 0.4498 -1.7834 0.0285, 0.4498 -1.7867 0.0316, 0.4498 -1.7867 0.0316, 0.4498 -1.7892 0.0354, 0.4498 -1.7893 0.0355, 0.4498 -1.7908 0.0397, 0.4498 -1.7908 0.0397, 0.4498 -1.7908 0.161, 0.4498 -1.7793 0.1746, 0.4498 -1.7795 0.1746, 0.4498 -1.7833 0.1724, 0.4498 -1.7834 0.1723, 0.4498 -1.7867 0.1692, 0.4498 -1.7867 0.1691, 0.4498 -1.7892 0.1654, 0.4498 -1.7893 0.1653, 0.4498 -1.7908 0.1611, 0.4509 -1.7752 0.1757, 0.4522 -1.7754 0.1755, 0.4547 -1.7758 0.1751, 0.4559 -1.7759 0.1746, 0.456 -1.7759 0.1746, 0.4593 -1.7763 0.1731, 0.4604 -1.7763 0.1723, 0.4611 -1.7763 0.1717, 0.4633 -1.7764 0.17, 0.464 -1.7764 0.1692, 0.4664 -1.7763 0.166, 0.4684 -1.7758 0.1614, 0.4685 -1.7758 0.1611, 0.4543 -1.7903 0.0397, 0.4674 -1.7791 0.0397, 0.4636 -1.7775 0.0316, 0.4592 -1.7786 0.0284, 0.456 -1.7762 0.0262, 0.4548 -1.7775 0.0262, 0.4533 -1.7785 0.0262, 0.4516 -1.7791 0.0262, 0.4679 -1.7793 0.0443, 0.4679 -1.7795 0.0443, 0.4652 -1.783 0.0397, 0.4657 -1.7833 0.0443, 0.4656 -1.7834 0.0443, 0.4622 -1.7863 0.0397, 0.4625 -1.7867 0.0443, 0.4625 -1.7867 0.0443, 0.4585 -1.7888 0.0397, 0.4587 -1.7892 0.0443, 0.4586 -1.7893 0.0443, 0.4543 -1.7908 0.0443, 0.4544 -1.7908 0.0443, 0.4539 -1.7888 0.0354, 0.4577 -1.7873 0.0354, 0.4612 -1.7851 0.0354, 0.464 -1.7821 0.0354, 0.466 -1.7785 0.0354, 0.4533 -1.7863 0.0316, 0.4566 -1.7851 0.0316, 0.4595 -1.7831 0.0316, 0.4619 -1.7806 0.0316, 0.4573 -1.7806 0.0284, 0.4551 -1.7821 0.0284, 0.4525 -1.783 0.0284, 0.4543 -1.7908 0.1565, 0.4544 -1.7908 0.1565, 0.4543 -1.7903 0.1611, 0.4586 -1.7893 0.1565, 0.4587 -1.7892 0.1565, 0.4585 -1.7888 0.1611, 0.4625 -1.7867 0.1565, 0.4625 -1.7867 0.1565, 0.4622 -1.7863 0.1611, 0.4656 -1.7834 0.1565, 0.4657 -1.7833 0.1565, 0.4652 -1.783 0.1611, 0.4679 -1.7795 0.1565, 0.4679 -1.7793 0.1565, 0.4674 -1.7791 0.1611, 0.4516 -1.7791 0.1746, 0.4592 -1.7786 0.1724, 0.456 -1.7762 0.1746, 0.4619 -1.7806 0.1692, 0.4636 -1.7775 0.1692, 0.466 -1.7785 0.1654, 0.4525 -1.783 0.1724, 0.4533 -1.7863 0.1692, 0.4539 -1.7888 0.1654, 0.464 -1.7821 0.1654, 0.4612 -1.7851 0.1654, 0.4595 -1.7831 0.1692, 0.4573 -1.7806 0.1724, 0.4548 -1.7775 0.1746, 0.4577 -1.7873 0.1654, 0.4566 -1.7851 0.1692, 0.4551 -1.7821 0.1724, 0.4533 -1.7785 0.1746, 0.294 -0.4992 2.2051, 0.294 -0.4992 0.8661, 0.294 -0.4994 2.2051, 0.2959 -0.504 0.8661, 0.296 -0.5039 2.2053, 0.296 -0.504 2.2053, 0.2991 -0.508 0.8661, 0.2991 -0.508 2.2054, 0.3031 -0.5111 2.2053, 0.3031 -0.5112 0.8661, 0.3032 -0.5111 2.2053, 0.3077 -0.5131 2.2051, 0.3079 -0.5131 0.8661, 0.3079 -0.5131 2.2051, 0.3079 -0.3137 2.2051, 0.3079 -0.3137 0.8661, 0.3077 -0.3137 2.2051, 0.3031 -0.3156 0.8661, 0.3032 -0.3157 2.2053, 0.3031 -0.3157 2.2053, 0.2991 -0.3188 0.8661, 0.2991 -0.3188 2.2054, 0.296 -0.3228 2.2053, 0.2959 -0.3228 0.8661, 0.296 -0.3229 2.2053, 0.294 -0.3274 2.2051, 0.294 -0.3276 0.8661, 0.294 -0.3276 2.2051, 0.3327 -0.4881 2.3467, 0.3326 -0.4881 2.3467, 0.3281 -0.4861 2.3471, 0.328 -0.4861 2.3471, 0.3241 -0.483 2.3473, 0.321 -0.4791 2.3471, 0.321 -0.479 2.3471, 0.319 -0.4745 2.3467, 0.319 -0.4744 2.3467, 0.3331 -0.3573 2.3617, 0.3195 -0.3573 2.3502, 0.3195 -0.4695 2.3502, 0.3195 -0.3573 2.3503, 0.3195 -0.4695 2.3503, 0.3217 -0.3573 2.3542, 0.3217 -0.4695 2.3542, 0.3218 -0.3573 2.3543, 0.3218 -0.4695 2.3543, 0.3249 -0.3573 2.3575, 0.3249 -0.4695 2.3575, 0.3249 -0.3573 2.3576, 0.3249 -0.4695 2.3576, 0.3287 -0.3573 2.3601, 0.3287 -0.4695 2.3601, 0.3288 -0.3573 2.3601, 0.3288 -0.4695 2.3601, 0.333 -0.3573 2.3617, 0.333 -0.4695 2.3617, 0.3331 -0.4695 2.3617, 0.319 -0.3524 2.3467, 0.319 -0.3523 2.3467, 0.321 -0.3478 2.3471, 0.321 -0.3477 2.3471, 0.3241 -0.3438 2.3473, 0.328 -0.3407 2.3471, 0.3281 -0.3407 2.3471, 0.3326 -0.3387 2.3467, 0.3327 -0.3387 2.3467, 0.4788 -0.5132 2.205, 0.4788 -0.5133 0.8661, 0.4797 -0.5131 2.2051, 0.483 -0.5118 0.8661, 0.4829 -0.5117 2.2053, 0.4843 -0.5111 2.2053, 0.4867 -0.5095 0.8661, 0.4866 -0.5094 2.2054, 0.4883 -0.508 2.2054, 0.4898 -0.5064 0.8661, 0.4897 -0.5063 2.2054, 0.4914 -0.504 2.2053, 0.4921 -0.5027 0.8661, 0.492 -0.5026 2.2053, 0.4934 -0.4994 2.2051, 0.4936 -0.4985 0.8661, 0.4935 -0.4985 2.205, 0.3376 -0.4853 2.3543, 0.3376 -0.4822 2.3575, 0.3343 -0.4818 2.3575, 0.3353 -0.4781 2.3601, 0.3364 -0.4739 2.3617, 0.3353 -0.4735 2.3617, 0.3336 -0.4718 2.3617, 0.3344 -0.4727 2.3617, 0.3332 -0.4707 2.3617, 0.3376 -0.474 2.3617, 0.3329 -0.487 2.3502, 0.3285 -0.4852 2.3502, 0.3248 -0.4823 2.3502, 0.3219 -0.4786 2.3502, 0.3201 -0.4742 2.3502, 0.3376 -0.4822 2.3576, 0.3376 -0.4784 2.3601, 0.3376 -0.4783 2.3601, 0.3376 -0.4741 2.3617, 0.3332 -0.4772 2.3601, 0.3313 -0.4758 2.3601, 0.3299 -0.474 2.3601, 0.329 -0.4718 2.3601, 0.3312 -0.4805 2.3575, 0.3286 -0.4785 2.3575, 0.3266 -0.4759 2.3575, 0.3253 -0.4728 2.3575, 0.3376 -0.4876 2.3503, 0.3376 -0.4854 2.3542, 0.3335 -0.4848 2.3542, 0.3297 -0.4832 2.3542, 0.3264 -0.4807 2.3542, 0.3239 -0.4774 2.3542, 0.3223 -0.4736 2.3542, 0.3376 -0.4876 2.3502, 0.3253 -0.354 2.3575, 0.329 -0.355 2.3601, 0.3332 -0.3561 2.3617, 0.3336 -0.355 2.3617, 0.3353 -0.3533 2.3617, 0.3344 -0.3541 2.3617, 0.3364 -0.3529 2.3617, 0.3201 -0.3526 2.3502, 0.3219 -0.3482 2.3502, 0.3248 -0.3445 2.3502, 0.3285 -0.3416 2.3502, 0.3329 -0.3398 2.3502, 0.3376 -0.3392 2.3502, 0.3376 -0.3528 2.3617, 0.3299 -0.3529 2.3601, 0.3313 -0.351 2.3601, 0.3332 -0.3496 2.3601, 0.3353 -0.3487 2.3601, 0.3376 -0.3527 2.3617, 0.3376 -0.3485 2.3601, 0.3376 -0.3484 2.3601, 0.3376 -0.3446 2.3576, 0.3266 -0.3509 2.3575, 0.3286 -0.3483 2.3575, 0.3312 -0.3463 2.3575, 0.3343 -0.345 2.3575, 0.3223 -0.3532 2.3542, 0.3239 -0.3494 2.3542, 0.3264 -0.3461 2.3542, 0.3297 -0.3436 2.3542, 0.3335 -0.342 2.3542, 0.3376 -0.3446 2.3575, 0.3376 -0.3415 2.3543, 0.3376 -0.3414 2.3542, 0.3376 -0.3392 2.3503, 0.4934 -0.3276 2.2051, 0.4934 -0.3276 0.8661, 0.4934 -0.3274 2.2051, 0.4915 -0.3228 0.8661, 0.4914 -0.3229 2.2053, 0.4914 -0.3228 2.2053, 0.4883 -0.3188 0.8661, 0.4883 -0.3188 2.2054, 0.4843 -0.3157 2.2053, 0.4843 -0.3156 0.8661, 0.4842 -0.3157 2.2053, 0.4797 -0.3137 2.2051, 0.4795 -0.3137 0.8661, 0.4795 -0.3137 2.2051, 0.4684 -0.4744 2.3467, 0.4685 -0.4738 2.3466, 0.4633 -0.483 2.3473, 0.4664 -0.479 2.3471, 0.467 -0.4778 2.347, 0.4547 -0.4881 2.3467, 0.4593 -0.4861 2.3471, 0.4616 -0.4843 2.3472, 0.4541 -0.4882 2.3466, 0.4498 -0.4876 2.3502, 0.4498 -0.4876 2.3503, 0.4498 -0.4854 2.3542, 0.4498 -0.4853 2.3543, 0.4498 -0.4822 2.3575, 0.4498 -0.4822 2.3576, 0.4498 -0.4784 2.3601, 0.4498 -0.4783 2.3601, 0.4498 -0.4741 2.3617, 0.4498 -0.474 2.3617, 0.4498 -0.3528 2.3617, 0.4498 -0.3392 2.3502, 0.4498 -0.3392 2.3503, 0.4498 -0.3414 2.3542, 0.4498 -0.3415 2.3543, 0.4498 -0.3446 2.3575, 0.4498 -0.3446 2.3576, 0.4498 -0.3484 2.3601, 0.4498 -0.3485 2.3601, 0.4498 -0.3527 2.3617, 0.4541 -0.3386 2.3466, 0.4547 -0.3387 2.3467, 0.4581 -0.3401 2.347, 0.4593 -0.3407 2.3471, 0.4633 -0.3438 2.3473, 0.4646 -0.3455 2.3472, 0.4664 -0.3478 2.3471, 0.4684 -0.3524 2.3467, 0.4685 -0.353 2.3466, 0.4679 -0.4695 2.3503, 0.4657 -0.4695 2.3542, 0.4653 -0.473 2.3542, 0.4656 -0.4695 2.3543, 0.4625 -0.4695 2.3575, 0.4622 -0.4723 2.3575, 0.4585 -0.4715 2.3601, 0.4543 -0.4705 2.3617, 0.4539 -0.4715 2.3617, 0.4518 -0.4736 2.3617, 0.4527 -0.4731 2.3617, 0.4508 -0.474 2.3617, 0.4543 -0.4695 2.3617, 0.4675 -0.4735 2.3502, 0.4661 -0.4774 2.3502, 0.464 -0.4808 2.3502, 0.4611 -0.4837 2.3502, 0.4577 -0.4858 2.3502, 0.4538 -0.4872 2.3502, 0.4625 -0.4695 2.3576, 0.4587 -0.4695 2.3601, 0.4586 -0.4695 2.3601, 0.4544 -0.4695 2.3617, 0.4568 -0.475 2.3601, 0.4553 -0.4765 2.3601, 0.4537 -0.4775 2.3601, 0.4518 -0.4782 2.3601, 0.4578 -0.4734 2.3601, 0.4534 -0.4724 2.3617, 0.4613 -0.475 2.3575, 0.4598 -0.4774 2.3575, 0.4577 -0.4795 2.3575, 0.4553 -0.481 2.3575, 0.4526 -0.4819 2.3575, 0.4641 -0.4764 2.3542, 0.4622 -0.4794 2.3542, 0.4597 -0.4819 2.3542, 0.4567 -0.4838 2.3542, 0.4533 -0.485 2.3542, 0.4679 -0.4695 2.3502, 0.4533 -0.3418 2.3542, 0.4526 -0.3449 2.3575, 0.4518 -0.3486 2.3601, 0.4508 -0.3528 2.3617, 0.4518 -0.3532 2.3617, 0.4539 -0.3553 2.3617, 0.4534 -0.3544 2.3617, 0.4543 -0.3563 2.3617, 0.4538 -0.3396 2.3502, 0.4577 -0.341 2.3502, 0.4611 -0.3431 2.3502, 0.464 -0.346 2.3502, 0.4661 -0.3494 2.3502, 0.4675 -0.3533 2.3502, 0.4679 -0.3573 2.3502, 0.4543 -0.3573 2.3617, 0.4553 -0.3503 2.3601, 0.4568 -0.3518 2.3601, 0.4578 -0.3534 2.3601, 0.4585 -0.3553 2.3601, 0.4537 -0.3493 2.3601, 0.4527 -0.3537 2.3617, 0.4544 -0.3573 2.3617, 0.4586 -0.3573 2.3601, 0.4587 -0.3573 2.3601, 0.4625 -0.3573 2.3576, 0.4553 -0.3458 2.3575, 0.4577 -0.3474 2.3575, 0.4598 -0.3494 2.3575, 0.4613 -0.3518 2.3575, 0.4622 -0.3545 2.3575, 0.4567 -0.343 2.3542, 0.4597 -0.3449 2.3542, 0.4622 -0.3474 2.3542, 0.4641 -0.3504 2.3542, 0.4653 -0.3538 2.3542, 0.4625 -0.3573 2.3575, 0.4656 -0.3573 2.3543, 0.4657 -0.3573 2.3542, 0.4679 -0.3573 2.3503, 0.294 0.2882 2.2051, 0.294 0.2882 0.8661, 0.294 0.288 2.2051, 0.2959 0.2834 0.8661, 0.296 0.2835 2.2053, 0.296 0.2834 2.2053, 0.2991 0.2794 0.8661, 0.2991 0.2794 2.2054, 0.3031 0.2763 2.2053, 0.3031 0.2762 0.8661, 0.3032 0.2763 2.2053, 0.3077 0.2743 2.2051, 0.3079 0.2743 0.8661, 0.3079 0.2743 2.2051, 0.3079 0.4737 2.2051, 0.3079 0.4737 0.8661, 0.3077 0.4737 2.2051, 0.3031 0.4718 0.8661, 0.3032 0.4717 2.2053, 0.3031 0.4717 2.2053, 0.2991 0.4686 0.8661, 0.2991 0.4686 2.2054, 0.296 0.4646 2.2053, 0.2959 0.4646 0.8661, 0.296 0.4645 2.2053, 0.294 0.46 2.2051, 0.294 0.4598 0.8661, 0.294 0.4598 2.2051, 0.3327 0.2993 2.3467, 0.3326 0.2993 2.3467, 0.3281 0.3013 2.3471, 0.328 0.3013 2.3471, 0.3241 0.3044 2.3473, 0.321 0.3083 2.3471, 0.321 0.3084 2.3471, 0.319 0.3129 2.3467, 0.319 0.313 2.3467, 0.3331 0.4301 2.3617, 0.3195 0.4301 2.3502, 0.3195 0.3179 2.3502, 0.3195 0.4301 2.3503, 0.3195 0.3179 2.3503, 0.3217 0.4301 2.3542, 0.3217 0.3179 2.3542, 0.3218 0.4301 2.3543, 0.3218 0.3179 2.3543, 0.3249 0.4301 2.3575, 0.3249 0.3179 2.3575, 0.3249 0.4301 2.3576, 0.3249 0.3179 2.3576, 0.3287 0.4301 2.3601, 0.3287 0.3179 2.3601, 0.3288 0.4301 2.3601, 0.3288 0.3179 2.3601, 0.333 0.4301 2.3617, 0.333 0.3179 2.3617, 0.3331 0.3179 2.3617, 0.3189 0.4344 2.3466, 0.319 0.435 2.3467, 0.3204 0.4384 2.347, 0.321 0.4396 2.3471, 0.3241 0.4436 2.3473, 0.3258 0.4449 2.3472, 0.3281 0.4467 2.3471, 0.3327 0.4487 2.3467, 0.3333 0.4488 2.3466, 0.4795 0.2743 2.2051, 0.4795 0.2743 0.8661, 0.4797 0.2743 2.2051, 0.4843 0.2762 0.8661, 0.4842 0.2763 2.2053, 0.4843 0.2763 2.2053, 0.4883 0.2794 0.8661, 0.4883 0.2794 2.2054, 0.4914 0.2834 2.2053, 0.4915 0.2834 0.8661, 0.4914 0.2835 2.2053, 0.4934 0.288 2.2051, 0.4934 0.2882 0.8661, 0.4934 0.2882 2.2051, 0.3376 0.3021 2.3543, 0.3376 0.3052 2.3575, 0.3343 0.3056 2.3575, 0.3353 0.3093 2.3601, 0.3364 0.3135 2.3617, 0.3353 0.3139 2.3617, 0.3336 0.3156 2.3617, 0.3344 0.3147 2.3617, 0.3332 0.3167 2.3617, 0.3376 0.3134 2.3617, 0.3329 0.3004 2.3502, 0.3285 0.3022 2.3502, 0.3248 0.3051 2.3502, 0.3219 0.3088 2.3502, 0.3201 0.3132 2.3502, 0.3376 0.3052 2.3576, 0.3376 0.309 2.3601, 0.3376 0.3091 2.3601, 0.3376 0.3133 2.3617, 0.3332 0.3102 2.3601, 0.3313 0.3116 2.3601, 0.3299 0.3135 2.3601, 0.329 0.3156 2.3601, 0.3312 0.3069 2.3575, 0.3286 0.3089 2.3575, 0.3266 0.3115 2.3575, 0.3253 0.3146 2.3575, 0.3376 0.2998 2.3503, 0.3376 0.302 2.3542, 0.3335 0.3026 2.3542, 0.3297 0.3042 2.3542, 0.3264 0.3067 2.3542, 0.3239 0.31 2.3542, 0.3223 0.3138 2.3542, 0.3376 0.2998 2.3502, 0.3221 0.4336 2.3542, 0.3252 0.4329 2.3575, 0.3289 0.4321 2.3601, 0.3331 0.4311 2.3617, 0.3335 0.4321 2.3617, 0.3356 0.4342 2.3617, 0.3347 0.4337 2.3617, 0.3366 0.4346 2.3617, 0.3199 0.4341 2.3502, 0.3213 0.438 2.3502, 0.3234 0.4414 2.3502, 0.3263 0.4443 2.3502, 0.3297 0.4464 2.3502, 0.3336 0.4478 2.3502, 0.3376 0.4482 2.3502, 0.3376 0.4346 2.3617, 0.3306 0.4356 2.3601, 0.3321 0.4371 2.3601, 0.3337 0.4381 2.3601, 0.3356 0.4388 2.3601, 0.3296 0.434 2.3601, 0.334 0.433 2.3617, 0.3376 0.4347 2.3617, 0.3376 0.4389 2.3601, 0.3376 0.439 2.3601, 0.3376 0.4428 2.3576, 0.3261 0.4356 2.3575, 0.3277 0.438 2.3575, 0.3297 0.4401 2.3575, 0.3321 0.4416 2.3575, 0.3348 0.4425 2.3575, 0.3233 0.437 2.3542, 0.3252 0.44 2.3542, 0.3277 0.4425 2.3542, 0.3307 0.4444 2.3542, 0.3341 0.4456 2.3542, 0.3376 0.4428 2.3575, 0.3376 0.4459 2.3543, 0.3376 0.446 2.3542, 0.3376 0.4482 2.3503, 0.4934 0.4598 2.2051, 0.4934 0.4598 0.8661, 0.4934 0.46 2.2051, 0.4915 0.4646 0.8661, 0.4914 0.4645 2.2053, 0.4914 0.4646 2.2053, 0.4883 0.4686 0.8661, 0.4883 0.4686 2.2054, 0.4843 0.4717 2.2053, 0.4843 0.4718 0.8661, 0.4842 0.4717 2.2053, 0.4797 0.4737 2.2051, 0.4795 0.4737 0.8661, 0.4795 0.4737 2.2051, 0.4684 0.313 2.3467, 0.4684 0.3129 2.3467, 0.4664 0.3084 2.3471, 0.4664 0.3083 2.3471, 0.4633 0.3044 2.3473, 0.4594 0.3013 2.3471, 0.4593 0.3013 2.3471, 0.4548 0.2993 2.3467, 0.4547 0.2993 2.3467, 0.4498 0.2998 2.3502, 0.4498 0.2998 2.3503, 0.4498 0.302 2.3542, 0.4498 0.3021 2.3543, 0.4498 0.3052 2.3575, 0.4498 0.3052 2.3576, 0.4498 0.309 2.3601, 0.4498 0.3091 2.3601, 0.4498 0.3133 2.3617, 0.4498 0.3134 2.3617, 0.4498 0.4346 2.3617, 0.4498 0.4482 2.3502, 0.4498 0.4482 2.3503, 0.4498 0.446 2.3542, 0.4498 0.4459 2.3543, 0.4498 0.4428 2.3575, 0.4498 0.4428 2.3576, 0.4498 0.439 2.3601, 0.4498 0.4389 2.3601, 0.4498 0.4347 2.3617, 0.4547 0.4487 2.3467, 0.4548 0.4487 2.3467, 0.4593 0.4467 2.3471, 0.4594 0.4467 2.3471, 0.4633 0.4436 2.3473, 0.4664 0.4397 2.3471, 0.4664 0.4396 2.3471, 0.4684 0.4351 2.3467, 0.4684 0.435 2.3467, 0.4656 0.3179 2.3543, 0.4625 0.3179 2.3575, 0.4621 0.3146 2.3575, 0.4584 0.3156 2.3601, 0.4542 0.3167 2.3617, 0.4538 0.3156 2.3617, 0.4521 0.3139 2.3617, 0.453 0.3147 2.3617, 0.451 0.3135 2.3617, 0.4543 0.3179 2.3617, 0.4673 0.3132 2.3502, 0.4655 0.3088 2.3502, 0.4626 0.3051 2.3502, 0.4589 0.3022 2.3502, 0.4545 0.3004 2.3502, 0.4625 0.3179 2.3576, 0.4587 0.3179 2.3601, 0.4586 0.3179 2.3601, 0.4544 0.3179 2.3617, 0.4575 0.3135 2.3601, 0.4561 0.3116 2.3601, 0.4543 0.3102 2.3601, 0.4521 0.3093 2.3601, 0.4608 0.3115 2.3575, 0.4588 0.3089 2.3575, 0.4562 0.3069 2.3575, 0.4531 0.3056 2.3575, 0.4679 0.3179 2.3503, 0.4657 0.3179 2.3542, 0.4651 0.3138 2.3542, 0.4635 0.31 2.3542, 0.461 0.3067 2.3542, 0.4577 0.3042 2.3542, 0.4539 0.3026 2.3542, 0.4679 0.3179 2.3502, 0.4531 0.4424 2.3575, 0.4521 0.4387 2.3601, 0.451 0.4345 2.3617, 0.4521 0.4341 2.3617, 0.4538 0.4324 2.3617, 0.453 0.4333 2.3617, 0.4542 0.4313 2.3617, 0.4545 0.4476 2.3502, 0.4589 0.4458 2.3502, 0.4626 0.4429 2.3502, 0.4655 0.4392 2.3502, 0.4673 0.4348 2.3502, 0.4679 0.4301 2.3502, 0.4543 0.4301 2.3617, 0.4543 0.4378 2.3601, 0.4561 0.4364 2.3601, 0.4575 0.4346 2.3601, 0.4584 0.4324 2.3601, 0.4544 0.4301 2.3617, 0.4586 0.4301 2.3601, 0.4587 0.4301 2.3601, 0.4625 0.4301 2.3576, 0.4562 0.4411 2.3575, 0.4588 0.4391 2.3575, 0.4608 0.4365 2.3575, 0.4621 0.4334 2.3575, 0.4539 0.4454 2.3542, 0.4577 0.4438 2.3542, 0.461 0.4413 2.3542, 0.4635 0.438 2.3542, 0.4651 0.4342 2.3542, 0.4625 0.4301 2.3575, 0.4656 0.4301 2.3543, 0.4657 0.4301 2.3542, 0.4679 0.4301 2.3503, -0.4934 0.2882 0.2008, -0.4934 0.2945 0.1526, -0.4915 0.2834 0.2008, -0.4915 0.29 0.1514, -0.4883 0.2794 0.2008, -0.4883 0.286 0.1503, -0.4843 0.2762 0.2008, -0.4843 0.283 0.1495, -0.4795 0.2743 0.2008, -0.4795 0.2811 0.149, -0.4934 0.3131 0.1077, -0.4915 0.309 0.1053, -0.4883 0.3055 0.1033, -0.4843 0.3028 0.1017, -0.4795 0.3011 0.1007, -0.4934 0.3427 0.0691, -0.4915 0.3394 0.0658, -0.4883 0.3365 0.0629, -0.4843 0.3343 0.0607, -0.4795 0.3329 0.0593, -0.4934 0.3813 0.0395, -0.4915 0.3789 0.0354, -0.4883 0.3769 0.0319, -0.4843 0.3753 0.0292, -0.4795 0.3743 0.0275, -0.4934 0.4262 0.0209, -0.4915 0.425 0.0163, -0.4883 0.4239 0.0124, -0.4843 0.4231 0.0094, -0.4795 0.4226 0.0075, -0.4934 0.4744 0.0146, -0.4915 0.4744 0.0098, -0.4883 0.4744 0.0058, -0.4843 0.4744 0.0026, -0.4795 0.4744 0.0007, -0.4934 1.1417 0.1862, -0.4934 1.5948 0.1862, -0.4934 1.5949 0.1864, -0.4915 1.1417 0.1909, -0.4914 1.5951 0.1909, -0.4914 1.5951 0.191, -0.4883 1.1417 0.195, -0.4883 1.5952 0.195, -0.4843 1.5951 0.1981, -0.4843 1.1417 0.1981, -0.4842 1.5951 0.1981, -0.4797 1.5949 0.2001, -0.4795 1.1417 0.2001, -0.4795 1.5948 0.2001, -0.4795 1.5948 0.0007, -0.4797 1.5949 0.0007, -0.4842 1.5951 0.0026, -0.4843 1.5951 0.0027, -0.4883 1.5952 0.0058, -0.4914 1.5951 0.0098, -0.4914 1.5951 0.0098, -0.4934 1.5949 0.0144, -0.4934 1.5948 0.0146, -0.4509 1.7358 0.1757, -0.4522 1.736 0.1755, -0.4547 1.7364 0.1751, -0.4559 1.7365 0.1746, -0.456 1.7365 0.1746, -0.4593 1.7369 0.1731, -0.4604 1.7369 0.1723, -0.4611 1.7369 0.1717, -0.4633 1.737 0.17, -0.464 1.737 0.1692, -0.4664 1.7369 0.166, -0.4684 1.7364 0.1614, -0.4685 1.7364 0.1611, -0.4543 1.7514 0.0443, -0.4679 1.7399 0.0443, -0.4679 1.7399 0.1565, -0.4679 1.7401 0.0443, -0.4679 1.7401 0.1565, -0.4657 1.7439 0.0443, -0.4657 1.7439 0.1565, -0.4656 1.744 0.0443, -0.4656 1.744 0.1565, -0.4625 1.7473 0.0443, -0.4625 1.7473 0.1565, -0.4625 1.7473 0.0443, -0.4625 1.7473 0.1565, -0.4587 1.7498 0.0443, -0.4587 1.7498 0.1565, -0.4586 1.7499 0.0443, -0.4586 1.7499 0.1565, -0.4544 1.7514 0.0443, -0.4544 1.7514 0.1565, -0.4543 1.7514 0.1565, -0.4685 1.7364 0.0397, -0.4684 1.7364 0.0394, -0.4664 1.7369 0.0348, -0.464 1.737 0.0316, -0.4633 1.737 0.0308, -0.4611 1.7369 0.0291, -0.4604 1.7369 0.0285, -0.4593 1.7369 0.0277, -0.456 1.7365 0.0262, -0.4559 1.7365 0.0262, -0.4547 1.7364 0.0257, -0.4509 1.7358 0.0251, -0.4522 1.736 0.0253, -0.3079 0.2743 0.2008, -0.3079 0.2811 0.149, -0.3031 0.2762 0.2008, -0.3031 0.283 0.1495, -0.2991 0.2794 0.2008, -0.2991 0.286 0.1503, -0.2959 0.2834 0.2008, -0.2959 0.29 0.1514, -0.294 0.2882 0.2008, -0.294 0.2945 0.1526, -0.3079 0.3011 0.1007, -0.3031 0.3028 0.1017, -0.2991 0.3055 0.1033, -0.2959 0.309 0.1053, -0.294 0.3131 0.1077, -0.3079 0.3329 0.0593, -0.3031 0.3343 0.0607, -0.2991 0.3365 0.0629, -0.2959 0.3394 0.0658, -0.294 0.3427 0.0691, -0.3079 0.3743 0.0275, -0.3031 0.3753 0.0292, -0.2991 0.3769 0.0319, -0.2959 0.3789 0.0354, -0.294 0.3813 0.0395, -0.3079 0.4226 0.0075, -0.3031 0.4231 0.0094, -0.2991 0.4239 0.0124, -0.2959 0.425 0.0163, -0.294 0.4262 0.0209, -0.3079 0.4744 0.0007, -0.3031 0.4744 0.0026, -0.2991 0.4744 0.0058, -0.2959 0.4744 0.0098, -0.294 0.4744 0.0146, -0.3079 1.1417 0.2001, -0.3079 1.5948 0.2001, -0.3077 1.5949 0.2001, -0.3031 1.1417 0.1981, -0.3032 1.5951 0.1981, -0.3031 1.5951 0.1981, -0.2991 1.1417 0.195, -0.2991 1.5952 0.195, -0.296 1.5951 0.191, -0.2959 1.1417 0.1909, -0.296 1.5951 0.1909, -0.294 1.5949 0.1864, -0.294 1.1417 0.1862, -0.294 1.5948 0.1862, -0.4543 1.7509 0.1611, -0.4584 1.7494 0.1611, -0.4622 1.7469 0.1611, -0.4652 1.7436 0.1611, -0.4674 1.7397 0.1611, -0.4516 1.7397 0.1746, -0.4592 1.7392 0.1724, -0.456 1.7368 0.1746, -0.4619 1.7412 0.1692, -0.4636 1.7381 0.1692, -0.466 1.7391 0.1654, -0.4498 1.7399 0.1746, -0.4498 1.7401 0.1746, -0.4525 1.7436 0.1724, -0.4498 1.7439 0.1724, -0.4498 1.744 0.1723, -0.4533 1.7469 0.1692, -0.4498 1.7473 0.1692, -0.4498 1.7473 0.1691, -0.4539 1.7494 0.1654, -0.4498 1.7498 0.1654, -0.4498 1.7499 0.1653, -0.464 1.7427 0.1654, -0.4612 1.7457 0.1654, -0.4595 1.7437 0.1692, -0.4573 1.7412 0.1724, -0.4548 1.7381 0.1746, -0.4577 1.7479 0.1654, -0.4566 1.7457 0.1692, -0.4551 1.7427 0.1724, -0.4533 1.7391 0.1746, -0.4498 1.7514 0.161, -0.4498 1.7514 0.1611, -0.4674 1.7397 0.0397, -0.4636 1.7381 0.0316, -0.4592 1.7392 0.0284, -0.456 1.7368 0.0262, -0.4548 1.7381 0.0262, -0.4533 1.7391 0.0262, -0.4516 1.7397 0.0262, -0.4498 1.7399 0.0262, -0.4652 1.7436 0.0397, -0.4622 1.7469 0.0397, -0.4584 1.7494 0.0397, -0.4543 1.7509 0.0397, -0.4498 1.7514 0.0397, -0.466 1.7391 0.0354, -0.464 1.7427 0.0354, -0.4612 1.7457 0.0354, -0.4577 1.7479 0.0354, -0.4539 1.7494 0.0354, -0.4498 1.7514 0.0397, -0.4498 1.7499 0.0355, -0.4498 1.7498 0.0354, -0.4498 1.7473 0.0316, -0.4533 1.7469 0.0316, -0.4566 1.7457 0.0316, -0.4595 1.7437 0.0316, -0.4619 1.7412 0.0316, -0.4573 1.7412 0.0284, -0.4551 1.7427 0.0284, -0.4525 1.7436 0.0284, -0.4498 1.7473 0.0316, -0.4498 1.744 0.0285, -0.4498 1.7439 0.0284, -0.4498 1.7401 0.0262, -0.294 1.5948 0.0146, -0.294 1.5949 0.0144, -0.296 1.5951 0.0098, -0.296 1.5951 0.0098, -0.2991 1.5952 0.0058, -0.3031 1.5951 0.0027, -0.3032 1.5951 0.0026, -0.3077 1.5949 0.0007, -0.3079 1.5948 0.0007, -0.3327 1.7364 0.1751, -0.3189 1.7364 0.1611, -0.319 1.7364 0.1614, -0.321 1.7369 0.166, -0.3234 1.737 0.1692, -0.3241 1.737 0.17, -0.3263 1.7369 0.1717, -0.327 1.7369 0.1723, -0.3281 1.7369 0.1731, -0.3314 1.7365 0.1746, -0.3315 1.7365 0.1746, -0.3365 1.7358 0.1757, -0.3352 1.736 0.1755, -0.3376 1.7399 0.1746, -0.3376 1.7401 0.1746, -0.3376 1.7439 0.1724, -0.3376 1.744 0.1723, -0.3376 1.7473 0.1692, -0.3376 1.7473 0.1691, -0.3376 1.7498 0.1654, -0.3376 1.7499 0.1653, -0.3376 1.7514 0.1611, -0.3376 1.7514 0.161, -0.3376 1.7514 0.0397, -0.3376 1.7399 0.0262, -0.3376 1.7401 0.0262, -0.3376 1.7439 0.0284, -0.3376 1.744 0.0285, -0.3376 1.7473 0.0316, -0.3376 1.7473 0.0316, -0.3376 1.7498 0.0354, -0.3376 1.7499 0.0355, -0.3376 1.7514 0.0397, -0.3365 1.7358 0.0251, -0.3352 1.736 0.0253, -0.3327 1.7364 0.0257, -0.3315 1.7365 0.0262, -0.3314 1.7365 0.0262, -0.3281 1.7369 0.0277, -0.327 1.7369 0.0285, -0.3263 1.7369 0.0291, -0.3241 1.737 0.0308, -0.3234 1.737 0.0316, -0.321 1.7369 0.0348, -0.319 1.7364 0.0394, -0.3189 1.7364 0.0397, -0.3195 1.7401 0.1565, -0.3217 1.7439 0.1565, -0.3222 1.7436 0.1611, -0.3218 1.744 0.1565, -0.3249 1.7473 0.1565, -0.3252 1.7469 0.1611, -0.3249 1.7473 0.1565, -0.3287 1.7498 0.1565, -0.329 1.7494 0.1611, -0.3195 1.7399 0.1565, -0.32 1.7397 0.1611, -0.3238 1.7381 0.1692, -0.3214 1.7391 0.1654, -0.3282 1.7392 0.1724, -0.3314 1.7368 0.1746, -0.3358 1.7397 0.1746, -0.3349 1.7436 0.1724, -0.3341 1.7469 0.1692, -0.3335 1.7494 0.1654, -0.3332 1.7509 0.1611, -0.3331 1.7514 0.1565, -0.333 1.7514 0.1565, -0.3288 1.7499 0.1565, -0.3297 1.7479 0.1654, -0.3308 1.7457 0.1692, -0.3323 1.7427 0.1724, -0.3341 1.7391 0.1746, -0.3262 1.7457 0.1654, -0.3279 1.7437 0.1692, -0.3301 1.7412 0.1724, -0.3326 1.7381 0.1746, -0.3234 1.7427 0.1654, -0.3255 1.7412 0.1692, -0.3195 1.7401 0.0443, -0.3195 1.7399 0.0443, -0.32 1.7397 0.0397, -0.3218 1.744 0.0443, -0.3217 1.7439 0.0443, -0.3222 1.7436 0.0397, -0.3249 1.7473 0.0443, -0.3249 1.7473 0.0443, -0.3252 1.7469 0.0397, -0.3288 1.7499 0.0443, -0.3287 1.7498 0.0443, -0.329 1.7494 0.0397, -0.3358 1.7397 0.0262, -0.3282 1.7392 0.0284, -0.3314 1.7368 0.0262, -0.3255 1.7412 0.0316, -0.3238 1.7381 0.0316, -0.3214 1.7391 0.0354, -0.333 1.7514 0.0443, -0.3332 1.7509 0.0397, -0.3331 1.7514 0.0443, -0.3335 1.7494 0.0354, -0.3341 1.7469 0.0316, -0.3234 1.7427 0.0354, -0.3349 1.7436 0.0284, -0.3297 1.7479 0.0354, -0.3308 1.7457 0.0316, -0.3323 1.7427 0.0284, -0.3341 1.7391 0.0262, -0.3262 1.7457 0.0354, -0.3279 1.7437 0.0316, -0.3301 1.7412 0.0284, -0.3326 1.7381 0.0262, -0.4934 -0.5138 0.0146, -0.4934 -0.4656 0.0209, -0.4915 -0.5138 0.0098, -0.4915 -0.4644 0.0163, -0.4883 -0.5138 0.0058, -0.4883 -0.4633 0.0124, -0.4843 -0.5138 0.0026, -0.4843 -0.4625 0.0094, -0.4795 -0.5138 0.0007, -0.4795 -0.462 0.0075, -0.4934 -0.4207 0.0395, -0.4915 -0.4183 0.0354, -0.4883 -0.4163 0.0319, -0.4843 -0.4147 0.0292, -0.4795 -0.4137 0.0275, -0.4934 -0.3821 0.0691, -0.4915 -0.3788 0.0658, -0.4883 -0.3759 0.0629, -0.4843 -0.3737 0.0607, -0.4795 -0.3723 0.0593, -0.4934 -0.3525 0.1077, -0.4915 -0.3484 0.1053, -0.4883 -0.3449 0.1033, -0.4843 -0.3422 0.1017, -0.4795 -0.3405 0.1007, -0.4934 -0.3339 0.1526, -0.4915 -0.3294 0.1514, -0.4883 -0.3254 0.1503, -0.4843 -0.3224 0.1495, -0.4795 -0.3205 0.149, -0.4934 -0.3276 0.2008, -0.4915 -0.3228 0.2008, -0.4883 -0.3188 0.2008, -0.4843 -0.3156 0.2008, -0.4795 -0.3137 0.2008, -0.4934 -1.6342 0.0146, -0.4934 -1.6343 0.0144, -0.4914 -1.6345 0.0098, -0.4914 -1.6345 0.0098, -0.4883 -1.6346 0.0058, -0.4843 -1.6345 0.0027, -0.4842 -1.6345 0.0026, -0.4797 -1.6343 0.0007, -0.4795 -1.6342 0.0007, -0.4795 -0.8662 0.2001, -0.4795 -1.6342 0.2001, -0.4797 -1.6343 0.2001, -0.4843 -0.8662 0.1981, -0.4842 -1.6345 0.1981, -0.4843 -1.6345 0.1981, -0.4883 -0.8662 0.195, -0.4883 -1.6346 0.195, -0.4914 -1.6345 0.191, -0.4915 -0.8662 0.1909, -0.4914 -1.6345 0.1909, -0.4934 -1.6343 0.1864, -0.4934 -0.8662 0.1862, -0.4934 -1.6342 0.1862, -0.3079 -0.5138 0.0007, -0.3079 -0.462 0.0075, -0.3031 -0.5138 0.0026, -0.3031 -0.4625 0.0094, -0.2991 -0.5138 0.0058, -0.2991 -0.4633 0.0124, -0.2959 -0.5138 0.0098, -0.2959 -0.4644 0.0163, -0.294 -0.5138 0.0146, -0.294 -0.4656 0.0209, -0.3079 -0.4137 0.0275, -0.3031 -0.4147 0.0292, -0.2991 -0.4163 0.0319, -0.2959 -0.4183 0.0354, -0.294 -0.4207 0.0395, -0.3079 -0.3723 0.0593, -0.3031 -0.3737 0.0607, -0.2991 -0.3759 0.0629, -0.2959 -0.3788 0.0658, -0.294 -0.3821 0.0691, -0.3079 -0.3405 0.1007, -0.3031 -0.3422 0.1017, -0.2991 -0.3449 0.1033, -0.2959 -0.3484 0.1053, -0.294 -0.3525 0.1077, -0.3079 -0.3205 0.149, -0.3031 -0.3224 0.1495, -0.2991 -0.3254 0.1503, -0.2959 -0.3294 0.1514, -0.294 -0.3339 0.1526, -0.3079 -0.3137 0.2008, -0.3031 -0.3156 0.2008, -0.2991 -0.3188 0.2008, -0.2959 -0.3228 0.2008, -0.294 -0.3276 0.2008, -0.4509 -1.7752 0.0251, -0.4522 -1.7754 0.0253, -0.4547 -1.7758 0.0257, -0.4559 -1.7759 0.0262, -0.456 -1.7759 0.0262, -0.4593 -1.7763 0.0277, -0.4604 -1.7763 0.0285, -0.4611 -1.7763 0.0291, -0.4633 -1.7764 0.0308, -0.464 -1.7764 0.0316, -0.4664 -1.7763 0.0348, -0.4684 -1.7758 0.0394, -0.4685 -1.7758 0.0397, -0.4543 -1.7908 0.1565, -0.4679 -1.7793 0.1565, -0.4679 -1.7793 0.0443, -0.4679 -1.7795 0.1565, -0.4679 -1.7795 0.0443, -0.4657 -1.7833 0.1565, -0.4657 -1.7833 0.0443, -0.4656 -1.7834 0.1565, -0.4656 -1.7834 0.0443, -0.4625 -1.7867 0.1565, -0.4625 -1.7867 0.0443, -0.4625 -1.7867 0.1565, -0.4625 -1.7867 0.0443, -0.4587 -1.7892 0.1565, -0.4587 -1.7892 0.0443, -0.4586 -1.7893 0.1565, -0.4586 -1.7893 0.0443, -0.4544 -1.7908 0.1565, -0.4544 -1.7908 0.0443, -0.4543 -1.7908 0.0443, -0.4685 -1.7758 0.1611, -0.4684 -1.7758 0.1614, -0.4664 -1.7763 0.166, -0.464 -1.7764 0.1692, -0.4633 -1.7764 0.17, -0.4611 -1.7763 0.1717, -0.4604 -1.7763 0.1723, -0.4593 -1.7763 0.1731, -0.456 -1.7759 0.1746, -0.4559 -1.7759 0.1746, -0.4547 -1.7758 0.1751, -0.4509 -1.7752 0.1757, -0.4522 -1.7754 0.1755, -0.3079 -1.6342 0.0007, -0.3077 -1.6343 0.0007, -0.3032 -1.6345 0.0026, -0.3031 -1.6345 0.0027, -0.2991 -1.6346 0.0058, -0.296 -1.6345 0.0098, -0.296 -1.6345 0.0098, -0.294 -1.6343 0.0144, -0.294 -1.6342 0.0146, -0.4674 -1.7791 0.0397, -0.4652 -1.783 0.0397, -0.4622 -1.7863 0.0397, -0.4584 -1.7888 0.0397, -0.4516 -1.7791 0.0262, -0.4592 -1.7786 0.0284, -0.456 -1.7762 0.0262, -0.4619 -1.7806 0.0316, -0.4636 -1.7775 0.0316, -0.466 -1.7785 0.0354, -0.4543 -1.7903 0.0397, -0.4498 -1.7908 0.0397, -0.4539 -1.7888 0.0354, -0.4498 -1.7893 0.0355, -0.4498 -1.7908 0.0397, -0.4533 -1.7863 0.0316, -0.4498 -1.7867 0.0316, -0.4498 -1.7892 0.0354, -0.464 -1.7821 0.0354, -0.4525 -1.783 0.0284, -0.4498 -1.7834 0.0285, -0.4498 -1.7867 0.0316, -0.4498 -1.7793 0.0262, -0.4498 -1.7795 0.0262, -0.4498 -1.7833 0.0284, -0.4577 -1.7873 0.0354, -0.4566 -1.7851 0.0316, -0.4551 -1.7821 0.0284, -0.4533 -1.7785 0.0262, -0.4612 -1.7851 0.0354, -0.4595 -1.7831 0.0316, -0.4573 -1.7806 0.0284, -0.4548 -1.7775 0.0262, -0.4652 -1.783 0.1611, -0.4622 -1.7863 0.1611, -0.4584 -1.7888 0.1611, -0.4674 -1.7791 0.1611, -0.4636 -1.7775 0.1692, -0.466 -1.7785 0.1654, -0.4592 -1.7786 0.1724, -0.456 -1.7762 0.1746, -0.4498 -1.7793 0.1746, -0.4516 -1.7791 0.1746, -0.4498 -1.7795 0.1746, -0.4525 -1.783 0.1724, -0.4533 -1.7863 0.1692, -0.4498 -1.7834 0.1723, -0.4498 -1.7833 0.1724, -0.4539 -1.7888 0.1654, -0.4498 -1.7867 0.1691, -0.4498 -1.7867 0.1692, -0.4498 -1.7908 0.161, -0.4498 -1.7908 0.1611, -0.4543 -1.7903 0.1611, -0.4498 -1.7893 0.1653, -0.4498 -1.7892 0.1654, -0.4577 -1.7873 0.1654, -0.4566 -1.7851 0.1692, -0.4551 -1.7821 0.1724, -0.4533 -1.7785 0.1746, -0.4612 -1.7851 0.1654, -0.4595 -1.7831 0.1692, -0.4573 -1.7806 0.1724, -0.4548 -1.7775 0.1746, -0.464 -1.7821 0.1654, -0.4619 -1.7806 0.1692, -0.294 -0.8662 0.1862, -0.294 -1.6342 0.1862, -0.294 -1.6343 0.1864, -0.2959 -0.8662 0.1909, -0.296 -1.6345 0.1909, -0.296 -1.6345 0.191, -0.2991 -0.8662 0.195, -0.2991 -1.6346 0.195, -0.3031 -1.6345 0.1981, -0.3031 -0.8662 0.1981, -0.3032 -1.6345 0.1981, -0.3077 -1.6343 0.2001, -0.3079 -0.8662 0.2001, -0.3079 -1.6342 0.2001, -0.3189 -1.7758 0.0397, -0.319 -1.7758 0.0394, -0.321 -1.7763 0.0348, -0.3234 -1.7764 0.0316, -0.3241 -1.7764 0.0308, -0.3263 -1.7763 0.0291, -0.327 -1.7763 0.0285, -0.3281 -1.7763 0.0277, -0.3314 -1.7759 0.0262, -0.3315 -1.7759 0.0262, -0.3327 -1.7758 0.0257, -0.3365 -1.7752 0.0251, -0.3352 -1.7754 0.0253, -0.3376 -1.7793 0.0262, -0.3376 -1.7795 0.0262, -0.3376 -1.7833 0.0284, -0.3376 -1.7834 0.0285, -0.3376 -1.7867 0.0316, -0.3376 -1.7867 0.0316, -0.3376 -1.7892 0.0354, -0.3376 -1.7893 0.0355, -0.3376 -1.7908 0.0397, -0.3376 -1.7908 0.0397, -0.3376 -1.7908 0.161, -0.3376 -1.7793 0.1746, -0.3376 -1.7795 0.1746, -0.3376 -1.7833 0.1724, -0.3376 -1.7834 0.1723, -0.3376 -1.7867 0.1692, -0.3376 -1.7867 0.1691, -0.3376 -1.7892 0.1654, -0.3376 -1.7893 0.1653, -0.3376 -1.7908 0.1611, -0.3365 -1.7752 0.1757, -0.3352 -1.7754 0.1755, -0.3327 -1.7758 0.1751, -0.3315 -1.7759 0.1746, -0.3314 -1.7759 0.1746, -0.3281 -1.7763 0.1731, -0.327 -1.7763 0.1723, -0.3263 -1.7763 0.1717, -0.3241 -1.7764 0.17, -0.3234 -1.7764 0.1692, -0.321 -1.7763 0.166, -0.319 -1.7758 0.1614, -0.3189 -1.7758 0.1611, -0.32 -1.7791 0.0397, -0.3238 -1.7775 0.0316, -0.3282 -1.7786 0.0284, -0.3314 -1.7762 0.0262, -0.3326 -1.7775 0.0262, -0.3341 -1.7785 0.0262, -0.3358 -1.7791 0.0262, -0.3195 -1.7793 0.0443, -0.3195 -1.7795 0.0443, -0.3222 -1.783 0.0397, -0.3217 -1.7833 0.0443, -0.3218 -1.7834 0.0443, -0.3252 -1.7863 0.0397, -0.3249 -1.7867 0.0443, -0.3249 -1.7867 0.0443, -0.329 -1.7888 0.0397, -0.3287 -1.7892 0.0443, -0.3288 -1.7893 0.0443, -0.3332 -1.7903 0.0397, -0.3331 -1.7908 0.0443, -0.333 -1.7908 0.0443, -0.3214 -1.7785 0.0354, -0.3234 -1.7821 0.0354, -0.3262 -1.7851 0.0354, -0.3297 -1.7873 0.0354, -0.3335 -1.7888 0.0354, -0.3341 -1.7863 0.0316, -0.3308 -1.7851 0.0316, -0.3279 -1.7831 0.0316, -0.3255 -1.7806 0.0316, -0.3301 -1.7806 0.0284, -0.3323 -1.7821 0.0284, -0.3349 -1.783 0.0284, -0.3331 -1.7908 0.1565, -0.333 -1.7908 0.1565, -0.3332 -1.7903 0.1611, -0.3288 -1.7893 0.1565, -0.3287 -1.7892 0.1565, -0.329 -1.7888 0.1611, -0.3249 -1.7867 0.1565, -0.3249 -1.7867 0.1565, -0.3252 -1.7863 0.1611, -0.3218 -1.7834 0.1565, -0.3217 -1.7833 0.1565, -0.3222 -1.783 0.1611, -0.3195 -1.7795 0.1565, -0.3195 -1.7793 0.1565, -0.32 -1.7791 0.1611, -0.3358 -1.7791 0.1746, -0.3282 -1.7786 0.1724, -0.3314 -1.7762 0.1746, -0.3255 -1.7806 0.1692, -0.3238 -1.7775 0.1692, -0.3214 -1.7785 0.1654, -0.3349 -1.783 0.1724, -0.3341 -1.7863 0.1692, -0.3335 -1.7888 0.1654, -0.3234 -1.7821 0.1654, -0.3262 -1.7851 0.1654, -0.3279 -1.7831 0.1692, -0.3301 -1.7806 0.1724, -0.3326 -1.7775 0.1746, -0.3297 -1.7873 0.1654, -0.3308 -1.7851 0.1692, -0.3323 -1.7821 0.1724, -0.3341 -1.7785 0.1746, -0.4934 -0.4992 2.2051, -0.4934 -0.4992 0.8661, -0.4934 -0.4994 2.2051, -0.4915 -0.504 0.8661, -0.4914 -0.5039 2.2053, -0.4914 -0.504 2.2053, -0.4883 -0.508 0.8661, -0.4883 -0.508 2.2054, -0.4843 -0.5111 2.2053, -0.4843 -0.5112 0.8661, -0.4842 -0.5111 2.2053, -0.4797 -0.5131 2.2051, -0.4795 -0.5131 0.8661, -0.4795 -0.5131 2.2051, -0.4795 -0.3137 2.2051, -0.4795 -0.3137 0.8661, -0.4797 -0.3137 2.2051, -0.4843 -0.3156 0.8661, -0.4842 -0.3157 2.2053, -0.4843 -0.3157 2.2053, -0.4883 -0.3188 0.8661, -0.4883 -0.3188 2.2054, -0.4914 -0.3228 2.2053, -0.4915 -0.3228 0.8661, -0.4914 -0.3229 2.2053, -0.4934 -0.3274 2.2051, -0.4934 -0.3276 0.8661, -0.4934 -0.3276 2.2051, -0.4547 -0.4881 2.3467, -0.4548 -0.4881 2.3467, -0.4593 -0.4861 2.3471, -0.4594 -0.4861 2.3471, -0.4633 -0.483 2.3473, -0.4664 -0.4791 2.3471, -0.4664 -0.479 2.3471, -0.4684 -0.4745 2.3467, -0.4684 -0.4744 2.3467, -0.4543 -0.3573 2.3617, -0.4679 -0.3573 2.3502, -0.4679 -0.4695 2.3502, -0.4679 -0.3573 2.3503, -0.4679 -0.4695 2.3503, -0.4657 -0.3573 2.3542, -0.4657 -0.4695 2.3542, -0.4656 -0.3573 2.3543, -0.4656 -0.4695 2.3543, -0.4625 -0.3573 2.3575, -0.4625 -0.4695 2.3575, -0.4625 -0.3573 2.3576, -0.4625 -0.4695 2.3576, -0.4587 -0.3573 2.3601, -0.4587 -0.4695 2.3601, -0.4586 -0.3573 2.3601, -0.4586 -0.4695 2.3601, -0.4544 -0.3573 2.3617, -0.4544 -0.4695 2.3617, -0.4543 -0.4695 2.3617, -0.4684 -0.3524 2.3467, -0.4684 -0.3523 2.3467, -0.4664 -0.3478 2.3471, -0.4664 -0.3477 2.3471, -0.4633 -0.3438 2.3473, -0.4594 -0.3407 2.3471, -0.4593 -0.3407 2.3471, -0.4548 -0.3387 2.3467, -0.4547 -0.3387 2.3467, -0.3086 -0.5132 2.205, -0.3086 -0.5133 0.8661, -0.3077 -0.5131 2.2051, -0.3045 -0.5118 0.8661, -0.3045 -0.5117 2.2053, -0.3031 -0.5111 2.2053, -0.3007 -0.5095 0.8661, -0.3008 -0.5094 2.2054, -0.2991 -0.508 2.2054, -0.2976 -0.5064 0.8661, -0.2977 -0.5063 2.2054, -0.296 -0.504 2.2053, -0.2953 -0.5027 0.8661, -0.2954 -0.5026 2.2053, -0.294 -0.4994 2.2051, -0.2938 -0.4985 0.8661, -0.2939 -0.4985 2.205, -0.4498 -0.4853 2.3543, -0.4498 -0.4822 2.3575, -0.4531 -0.4818 2.3575, -0.4521 -0.4781 2.3601, -0.451 -0.4739 2.3617, -0.4521 -0.4735 2.3617, -0.4538 -0.4718 2.3617, -0.453 -0.4727 2.3617, -0.4542 -0.4707 2.3617, -0.4498 -0.474 2.3617, -0.4545 -0.487 2.3502, -0.4589 -0.4852 2.3502, -0.4626 -0.4823 2.3502, -0.4655 -0.4786 2.3502, -0.4673 -0.4742 2.3502, -0.4498 -0.4822 2.3576, -0.4498 -0.4784 2.3601, -0.4498 -0.4783 2.3601, -0.4498 -0.4741 2.3617, -0.4543 -0.4772 2.3601, -0.4561 -0.4758 2.3601, -0.4575 -0.474 2.3601, -0.4584 -0.4718 2.3601, -0.4562 -0.4805 2.3575, -0.4588 -0.4785 2.3575, -0.4608 -0.4759 2.3575, -0.4621 -0.4728 2.3575, -0.4498 -0.4876 2.3503, -0.4498 -0.4854 2.3542, -0.4539 -0.4848 2.3542, -0.4577 -0.4832 2.3542, -0.461 -0.4807 2.3542, -0.4635 -0.4774 2.3542, -0.4651 -0.4736 2.3542, -0.4498 -0.4876 2.3502, -0.4621 -0.354 2.3575, -0.4584 -0.355 2.3601, -0.4542 -0.3561 2.3617, -0.4538 -0.355 2.3617, -0.4521 -0.3533 2.3617, -0.453 -0.3541 2.3617, -0.451 -0.3529 2.3617, -0.4673 -0.3526 2.3502, -0.4655 -0.3482 2.3502, -0.4626 -0.3445 2.3502, -0.4589 -0.3416 2.3502, -0.4545 -0.3398 2.3502, -0.4498 -0.3392 2.3502, -0.4498 -0.3528 2.3617, -0.4575 -0.3529 2.3601, -0.4561 -0.351 2.3601, -0.4543 -0.3496 2.3601, -0.4521 -0.3487 2.3601, -0.4498 -0.3527 2.3617, -0.4498 -0.3485 2.3601, -0.4498 -0.3484 2.3601, -0.4498 -0.3446 2.3576, -0.4608 -0.3509 2.3575, -0.4588 -0.3483 2.3575, -0.4562 -0.3463 2.3575, -0.4531 -0.345 2.3575, -0.4651 -0.3532 2.3542, -0.4635 -0.3494 2.3542, -0.461 -0.3461 2.3542, -0.4577 -0.3436 2.3542, -0.4539 -0.342 2.3542, -0.4498 -0.3446 2.3575, -0.4498 -0.3415 2.3543, -0.4498 -0.3414 2.3542, -0.4498 -0.3392 2.3503, -0.294 -0.3276 2.2051, -0.294 -0.3276 0.8661, -0.294 -0.3274 2.2051, -0.2959 -0.3228 0.8661, -0.296 -0.3229 2.2053, -0.296 -0.3228 2.2053, -0.2991 -0.3188 0.8661, -0.2991 -0.3188 2.2054, -0.3031 -0.3157 2.2053, -0.3031 -0.3156 0.8661, -0.3032 -0.3157 2.2053, -0.3077 -0.3137 2.2051, -0.3079 -0.3137 0.8661, -0.3079 -0.3137 2.2051, -0.3189 -0.4738 2.3466, -0.319 -0.4744 2.3467, -0.3204 -0.4778 2.347, -0.321 -0.479 2.3471, -0.3241 -0.483 2.3473, -0.3327 -0.4881 2.3467, -0.3281 -0.4861 2.3471, -0.3258 -0.4843 2.3472, -0.3333 -0.4882 2.3466, -0.3376 -0.4876 2.3502, -0.3376 -0.4876 2.3503, -0.3376 -0.4854 2.3542, -0.3376 -0.4853 2.3543, -0.3376 -0.4822 2.3575, -0.3376 -0.4822 2.3576, -0.3376 -0.4784 2.3601, -0.3376 -0.4783 2.3601, -0.3376 -0.4741 2.3617, -0.3376 -0.474 2.3617, -0.3376 -0.3528 2.3617, -0.3376 -0.3392 2.3502, -0.3376 -0.3392 2.3503, -0.3376 -0.3414 2.3542, -0.3376 -0.3415 2.3543, -0.3376 -0.3446 2.3575, -0.3376 -0.3446 2.3576, -0.3376 -0.3484 2.3601, -0.3376 -0.3485 2.3601, -0.3376 -0.3527 2.3617, -0.3327 -0.3387 2.3467, -0.3326 -0.3387 2.3467, -0.3281 -0.3407 2.3471, -0.328 -0.3407 2.3471, -0.3241 -0.3438 2.3473, -0.321 -0.3477 2.3471, -0.321 -0.3478 2.3471, -0.319 -0.3523 2.3467, -0.319 -0.3524 2.3467, -0.3195 -0.4695 2.3503, -0.3217 -0.4695 2.3542, -0.3221 -0.473 2.3542, -0.3218 -0.4695 2.3543, -0.3249 -0.4695 2.3575, -0.3252 -0.4723 2.3575, -0.3289 -0.4715 2.3601, -0.3331 -0.4705 2.3617, -0.3335 -0.4715 2.3617, -0.3356 -0.4736 2.3617, -0.3347 -0.4731 2.3617, -0.3366 -0.474 2.3617, -0.3331 -0.4695 2.3617, -0.3199 -0.4735 2.3502, -0.3213 -0.4774 2.3502, -0.3234 -0.4808 2.3502, -0.3263 -0.4837 2.3502, -0.3297 -0.4858 2.3502, -0.3336 -0.4872 2.3502, -0.3249 -0.4695 2.3576, -0.3287 -0.4695 2.3601, -0.3288 -0.4695 2.3601, -0.333 -0.4695 2.3617, -0.3306 -0.475 2.3601, -0.3321 -0.4765 2.3601, -0.3337 -0.4775 2.3601, -0.3356 -0.4782 2.3601, -0.3296 -0.4734 2.3601, -0.334 -0.4724 2.3617, -0.3261 -0.475 2.3575, -0.3277 -0.4774 2.3575, -0.3297 -0.4795 2.3575, -0.3321 -0.481 2.3575, -0.3348 -0.4819 2.3575, -0.3233 -0.4764 2.3542, -0.3252 -0.4794 2.3542, -0.3277 -0.4819 2.3542, -0.3307 -0.4838 2.3542, -0.3341 -0.485 2.3542, -0.3195 -0.4695 2.3502, -0.3343 -0.345 2.3575, -0.3353 -0.3487 2.3601, -0.3364 -0.3529 2.3617, -0.3353 -0.3533 2.3617, -0.3336 -0.355 2.3617, -0.3344 -0.3541 2.3617, -0.3332 -0.3561 2.3617, -0.3329 -0.3398 2.3502, -0.3285 -0.3416 2.3502, -0.3248 -0.3445 2.3502, -0.3219 -0.3482 2.3502, -0.3201 -0.3526 2.3502, -0.3195 -0.3573 2.3502, -0.3331 -0.3573 2.3617, -0.3332 -0.3496 2.3601, -0.3313 -0.351 2.3601, -0.3299 -0.3529 2.3601, -0.329 -0.355 2.3601, -0.333 -0.3573 2.3617, -0.3288 -0.3573 2.3601, -0.3287 -0.3573 2.3601, -0.3249 -0.3573 2.3576, -0.3312 -0.3463 2.3575, -0.3286 -0.3483 2.3575, -0.3266 -0.3509 2.3575, -0.3253 -0.354 2.3575, -0.3335 -0.342 2.3542, -0.3297 -0.3436 2.3542, -0.3264 -0.3461 2.3542, -0.3239 -0.3494 2.3542, -0.3223 -0.3532 2.3542, -0.3249 -0.3573 2.3575, -0.3218 -0.3573 2.3543, -0.3217 -0.3573 2.3542, -0.3195 -0.3573 2.3503, -0.4934 0.2882 2.2051, -0.4934 0.2882 0.8661, -0.4934 0.288 2.2051, -0.4915 0.2834 0.8661, -0.4914 0.2835 2.2053, -0.4914 0.2834 2.2053, -0.4883 0.2794 0.8661, -0.4883 0.2794 2.2054, -0.4843 0.2763 2.2053, -0.4843 0.2762 0.8661, -0.4842 0.2763 2.2053, -0.4797 0.2743 2.2051, -0.4795 0.2743 0.8661, -0.4795 0.2743 2.2051, -0.4795 0.4737 2.2051, -0.4795 0.4737 0.8661, -0.4797 0.4737 2.2051, -0.4843 0.4718 0.8661, -0.4842 0.4717 2.2053, -0.4843 0.4717 2.2053, -0.4883 0.4686 0.8661, -0.4883 0.4686 2.2054, -0.4914 0.4646 2.2053, -0.4915 0.4646 0.8661, -0.4914 0.4645 2.2053, -0.4934 0.46 2.2051, -0.4934 0.4598 0.8661, -0.4934 0.4598 2.2051, -0.4547 0.2993 2.3467, -0.4548 0.2993 2.3467, -0.4593 0.3013 2.3471, -0.4594 0.3013 2.3471, -0.4633 0.3044 2.3473, -0.4664 0.3083 2.3471, -0.4664 0.3084 2.3471, -0.4684 0.3129 2.3467, -0.4684 0.313 2.3467, -0.4543 0.4301 2.3617, -0.4679 0.4301 2.3502, -0.4679 0.3179 2.3502, -0.4679 0.4301 2.3503, -0.4679 0.3179 2.3503, -0.4657 0.4301 2.3542, -0.4657 0.3179 2.3542, -0.4656 0.4301 2.3543, -0.4656 0.3179 2.3543, -0.4625 0.4301 2.3575, -0.4625 0.3179 2.3575, -0.4625 0.4301 2.3576, -0.4625 0.3179 2.3576, -0.4587 0.4301 2.3601, -0.4587 0.3179 2.3601, -0.4586 0.4301 2.3601, -0.4586 0.3179 2.3601, -0.4544 0.4301 2.3617, -0.4544 0.3179 2.3617, -0.4543 0.3179 2.3617, -0.4685 0.4344 2.3466, -0.4684 0.435 2.3467, -0.467 0.4384 2.347, -0.4664 0.4396 2.3471, -0.4633 0.4436 2.3473, -0.4616 0.4449 2.3472, -0.4593 0.4467 2.3471, -0.4547 0.4487 2.3467, -0.4541 0.4488 2.3466, -0.3079 0.2743 2.2051, -0.3079 0.2743 0.8661, -0.3077 0.2743 2.2051, -0.3031 0.2762 0.8661, -0.3032 0.2763 2.2053, -0.3031 0.2763 2.2053, -0.2991 0.2794 0.8661, -0.2991 0.2794 2.2054, -0.296 0.2834 2.2053, -0.2959 0.2834 0.8661, -0.296 0.2835 2.2053, -0.294 0.288 2.2051, -0.294 0.2882 0.8661, -0.294 0.2882 2.2051, -0.4498 0.3021 2.3543, -0.4498 0.3052 2.3575, -0.4531 0.3056 2.3575, -0.4521 0.3093 2.3601, -0.451 0.3135 2.3617, -0.4521 0.3139 2.3617, -0.4538 0.3156 2.3617, -0.453 0.3147 2.3617, -0.4542 0.3167 2.3617, -0.4498 0.3134 2.3617, -0.4545 0.3004 2.3502, -0.4589 0.3022 2.3502, -0.4626 0.3051 2.3502, -0.4655 0.3088 2.3502, -0.4673 0.3132 2.3502, -0.4498 0.3052 2.3576, -0.4498 0.309 2.3601, -0.4498 0.3091 2.3601, -0.4498 0.3133 2.3617, -0.4543 0.3102 2.3601, -0.4561 0.3116 2.3601, -0.4575 0.3135 2.3601, -0.4584 0.3156 2.3601, -0.4562 0.3069 2.3575, -0.4588 0.3089 2.3575, -0.4608 0.3115 2.3575, -0.4621 0.3146 2.3575, -0.4498 0.2998 2.3503, -0.4498 0.302 2.3542, -0.4539 0.3026 2.3542, -0.4577 0.3042 2.3542, -0.461 0.3067 2.3542, -0.4635 0.31 2.3542, -0.4651 0.3138 2.3542, -0.4498 0.2998 2.3502, -0.4653 0.4336 2.3542, -0.4622 0.4329 2.3575, -0.4585 0.4321 2.3601, -0.4543 0.4311 2.3617, -0.4539 0.4321 2.3617, -0.4518 0.4342 2.3617, -0.4527 0.4337 2.3617, -0.4508 0.4346 2.3617, -0.4675 0.4341 2.3502, -0.4661 0.438 2.3502, -0.464 0.4414 2.3502, -0.4611 0.4443 2.3502, -0.4577 0.4464 2.3502, -0.4538 0.4478 2.3502, -0.4498 0.4482 2.3502, -0.4498 0.4346 2.3617, -0.4568 0.4356 2.3601, -0.4553 0.4371 2.3601, -0.4537 0.4381 2.3601, -0.4518 0.4388 2.3601, -0.4578 0.434 2.3601, -0.4534 0.433 2.3617, -0.4498 0.4347 2.3617, -0.4498 0.4389 2.3601, -0.4498 0.439 2.3601, -0.4498 0.4428 2.3576, -0.4613 0.4356 2.3575, -0.4598 0.438 2.3575, -0.4577 0.4401 2.3575, -0.4553 0.4416 2.3575, -0.4526 0.4425 2.3575, -0.4641 0.437 2.3542, -0.4622 0.44 2.3542, -0.4597 0.4425 2.3542, -0.4567 0.4444 2.3542, -0.4533 0.4456 2.3542, -0.4498 0.4428 2.3575, -0.4498 0.4459 2.3543, -0.4498 0.446 2.3542, -0.4498 0.4482 2.3503, -0.294 0.4598 2.2051, -0.294 0.4598 0.8661, -0.294 0.46 2.2051, -0.2959 0.4646 0.8661, -0.296 0.4645 2.2053, -0.296 0.4646 2.2053, -0.2991 0.4686 0.8661, -0.2991 0.4686 2.2054, -0.3031 0.4717 2.2053, -0.3031 0.4718 0.8661, -0.3032 0.4717 2.2053, -0.3077 0.4737 2.2051, -0.3079 0.4737 0.8661, -0.3079 0.4737 2.2051, -0.319 0.313 2.3467, -0.319 0.3129 2.3467, -0.321 0.3084 2.3471, -0.321 0.3083 2.3471, -0.3241 0.3044 2.3473, -0.328 0.3013 2.3471, -0.3281 0.3013 2.3471, -0.3326 0.2993 2.3467, -0.3327 0.2993 2.3467, -0.3376 0.2998 2.3502, -0.3376 0.2998 2.3503, -0.3376 0.302 2.3542, -0.3376 0.3021 2.3543, -0.3376 0.3052 2.3575, -0.3376 0.3052 2.3576, -0.3376 0.309 2.3601, -0.3376 0.3091 2.3601, -0.3376 0.3133 2.3617, -0.3376 0.3134 2.3617, -0.3376 0.4346 2.3617, -0.3376 0.4482 2.3502, -0.3376 0.4482 2.3503, -0.3376 0.446 2.3542, -0.3376 0.4459 2.3543, -0.3376 0.4428 2.3575, -0.3376 0.4428 2.3576, -0.3376 0.439 2.3601, -0.3376 0.4389 2.3601, -0.3376 0.4347 2.3617, -0.3327 0.4487 2.3467, -0.3326 0.4487 2.3467, -0.3281 0.4467 2.3471, -0.328 0.4467 2.3471, -0.3241 0.4436 2.3473, -0.321 0.4397 2.3471, -0.321 0.4396 2.3471, -0.319 0.4351 2.3467, -0.319 0.435 2.3467, -0.3218 0.3179 2.3543, -0.3249 0.3179 2.3575, -0.3253 0.3146 2.3575, -0.329 0.3156 2.3601, -0.3332 0.3167 2.3617, -0.3336 0.3156 2.3617, -0.3353 0.3139 2.3617, -0.3344 0.3147 2.3617, -0.3364 0.3135 2.3617, -0.3331 0.3179 2.3617, -0.3201 0.3132 2.3502, -0.3219 0.3088 2.3502, -0.3248 0.3051 2.3502, -0.3285 0.3022 2.3502, -0.3329 0.3004 2.3502, -0.3249 0.3179 2.3576, -0.3287 0.3179 2.3601, -0.3288 0.3179 2.3601, -0.333 0.3179 2.3617, -0.3299 0.3135 2.3601, -0.3313 0.3116 2.3601, -0.3332 0.3102 2.3601, -0.3353 0.3093 2.3601, -0.3266 0.3115 2.3575, -0.3286 0.3089 2.3575, -0.3312 0.3069 2.3575, -0.3343 0.3056 2.3575, -0.3195 0.3179 2.3503, -0.3217 0.3179 2.3542, -0.3223 0.3138 2.3542, -0.3239 0.31 2.3542, -0.3264 0.3067 2.3542, -0.3297 0.3042 2.3542, -0.3335 0.3026 2.3542, -0.3195 0.3179 2.3502, -0.3343 0.4424 2.3575, -0.3353 0.4387 2.3601, -0.3364 0.4345 2.3617, -0.3353 0.4341 2.3617, -0.3336 0.4324 2.3617, -0.3344 0.4333 2.3617, -0.3332 0.4313 2.3617, -0.3329 0.4476 2.3502, -0.3285 0.4458 2.3502, -0.3248 0.4429 2.3502, -0.3219 0.4392 2.3502, -0.3201 0.4348 2.3502, -0.3195 0.4301 2.3502, -0.3331 0.4301 2.3617, -0.3332 0.4378 2.3601, -0.3313 0.4364 2.3601, -0.3299 0.4346 2.3601, -0.329 0.4324 2.3601, -0.333 0.4301 2.3617, -0.3288 0.4301 2.3601, -0.3287 0.4301 2.3601, -0.3249 0.4301 2.3576, -0.3312 0.4411 2.3575, -0.3286 0.4391 2.3575, -0.3266 0.4365 2.3575, -0.3253 0.4334 2.3575, -0.3335 0.4454 2.3542, -0.3297 0.4438 2.3542, -0.3264 0.4413 2.3542, -0.3239 0.438 2.3542, -0.3223 0.4342 2.3542, -0.3249 0.4301 2.3575, -0.3218 0.4301 2.3543, -0.3217 0.4301 2.3542, -0.3195 0.4301 2.3503, -1.2808 0.2882 0.2008, -1.2808 0.2945 0.1526, -1.2789 0.2834 0.2008, -1.2789 0.29 0.1514, -1.2757 0.2794 0.2008, -1.2757 0.286 0.1503, -1.2717 0.2762 0.2008, -1.2717 0.283 0.1495, -1.2669 0.2743 0.2008, -1.2669 0.2811 0.149, -1.2808 0.3131 0.1077, -1.2789 0.309 0.1053, -1.2757 0.3055 0.1033, -1.2717 0.3028 0.1017, -1.2669 0.3011 0.1007, -1.2808 0.3427 0.0691, -1.2789 0.3394 0.0658, -1.2757 0.3365 0.0629, -1.2717 0.3343 0.0607, -1.2669 0.3329 0.0593, -1.2808 0.3813 0.0395, -1.2789 0.3789 0.0354, -1.2757 0.3769 0.0319, -1.2717 0.3753 0.0292, -1.2669 0.3743 0.0275, -1.2808 0.4262 0.0209, -1.2789 0.425 0.0163, -1.2757 0.4239 0.0124, -1.2717 0.4231 0.0094, -1.2669 0.4226 0.0075, -1.2808 0.4744 0.0146, -1.2789 0.4744 0.0098, -1.2757 0.4744 0.0058, -1.2717 0.4744 0.0026, -1.2669 0.4744 0.0007, -1.2808 1.1417 0.1862, -1.2808 1.5948 0.1862, -1.2808 1.5949 0.1864, -1.2789 1.1417 0.1909, -1.2788 1.5951 0.1909, -1.2788 1.5951 0.191, -1.2757 1.1417 0.195, -1.2757 1.5952 0.195, -1.2717 1.5951 0.1981, -1.2717 1.1417 0.1981, -1.2716 1.5951 0.1981, -1.2671 1.5949 0.2001, -1.2669 1.1417 0.2001, -1.2669 1.5948 0.2001, -1.2669 1.5948 0.0007, -1.2671 1.5949 0.0007, -1.2716 1.5951 0.0026, -1.2717 1.5951 0.0027, -1.2757 1.5952 0.0058, -1.2788 1.5951 0.0098, -1.2788 1.5951 0.0098, -1.2808 1.5949 0.0144, -1.2808 1.5948 0.0146, -1.2383 1.7358 0.1757, -1.2396 1.736 0.1755, -1.2421 1.7364 0.1751, -1.2433 1.7365 0.1746, -1.2434 1.7365 0.1746, -1.2467 1.7369 0.1731, -1.2478 1.7369 0.1723, -1.2485 1.7369 0.1717, -1.2507 1.737 0.17, -1.2514 1.737 0.1692, -1.2538 1.7369 0.166, -1.2558 1.7364 0.1614, -1.2559 1.7364 0.1611, -1.2417 1.7514 0.0443, -1.2553 1.7399 0.0443, -1.2553 1.7399 0.1565, -1.2553 1.7401 0.0443, -1.2553 1.7401 0.1565, -1.2531 1.7439 0.0443, -1.2531 1.7439 0.1565, -1.253 1.744 0.0443, -1.253 1.744 0.1565, -1.2499 1.7473 0.0443, -1.2499 1.7473 0.1565, -1.2499 1.7473 0.0443, -1.2499 1.7473 0.1565, -1.2461 1.7498 0.0443, -1.2461 1.7498 0.1565, -1.246 1.7499 0.0443, -1.246 1.7499 0.1565, -1.2418 1.7514 0.0443, -1.2418 1.7514 0.1565, -1.2417 1.7514 0.1565, -1.2559 1.7364 0.0397, -1.2558 1.7364 0.0394, -1.2538 1.7369 0.0348, -1.2514 1.737 0.0316, -1.2507 1.737 0.0308, -1.2485 1.7369 0.0291, -1.2478 1.7369 0.0285, -1.2467 1.7369 0.0277, -1.2434 1.7365 0.0262, -1.2433 1.7365 0.0262, -1.2421 1.7364 0.0257, -1.2383 1.7358 0.0251, -1.2396 1.736 0.0253, -1.0953 0.2743 0.2008, -1.0953 0.2811 0.149, -1.0906 0.2762 0.2008, -1.0906 0.283 0.1495, -1.0865 0.2794 0.2008, -1.0865 0.286 0.1503, -1.0833 0.2834 0.2008, -1.0833 0.29 0.1514, -1.0814 0.2882 0.2008, -1.0814 0.2945 0.1526, -1.0953 0.3011 0.1007, -1.0906 0.3028 0.1017, -1.0865 0.3055 0.1033, -1.0833 0.309 0.1053, -1.0814 0.3131 0.1077, -1.0953 0.3329 0.0593, -1.0906 0.3343 0.0607, -1.0865 0.3365 0.0629, -1.0833 0.3394 0.0658, -1.0814 0.3427 0.0691, -1.0953 0.3743 0.0275, -1.0906 0.3753 0.0292, -1.0865 0.3769 0.0319, -1.0833 0.3789 0.0354, -1.0814 0.3813 0.0395, -1.0953 0.4226 0.0075, -1.0906 0.4231 0.0094, -1.0865 0.4239 0.0124, -1.0833 0.425 0.0163, -1.0814 0.4262 0.0209, -1.0953 0.4744 0.0007, -1.0906 0.4744 0.0026, -1.0865 0.4744 0.0058, -1.0833 0.4744 0.0098, -1.0814 0.4744 0.0146, -1.0953 1.1417 0.2001, -1.0953 1.5948 0.2001, -1.0951 1.5949 0.2001, -1.0906 1.1417 0.1981, -1.0906 1.5951 0.1981, -1.0905 1.5951 0.1981, -1.0865 1.1417 0.195, -1.0865 1.5952 0.195, -1.0834 1.5951 0.191, -1.0833 1.1417 0.1909, -1.0834 1.5951 0.1909, -1.0814 1.5949 0.1864, -1.0814 1.1417 0.1862, -1.0814 1.5948 0.1862, -1.2417 1.7509 0.1611, -1.2459 1.7494 0.1611, -1.2496 1.7469 0.1611, -1.2526 1.7436 0.1611, -1.2548 1.7397 0.1611, -1.239 1.7397 0.1746, -1.2466 1.7392 0.1724, -1.2434 1.7368 0.1746, -1.2493 1.7412 0.1692, -1.251 1.7381 0.1692, -1.2534 1.7391 0.1654, -1.2372 1.7399 0.1746, -1.2372 1.7401 0.1746, -1.2399 1.7436 0.1724, -1.2372 1.7439 0.1724, -1.2372 1.744 0.1723, -1.2407 1.7469 0.1692, -1.2372 1.7473 0.1692, -1.2372 1.7473 0.1691, -1.2413 1.7494 0.1654, -1.2372 1.7498 0.1654, -1.2372 1.7499 0.1653, -1.2514 1.7427 0.1654, -1.2486 1.7457 0.1654, -1.2469 1.7437 0.1692, -1.2447 1.7412 0.1724, -1.2422 1.7381 0.1746, -1.2451 1.7479 0.1654, -1.244 1.7457 0.1692, -1.2425 1.7427 0.1724, -1.2407 1.7391 0.1746, -1.2372 1.7514 0.161, -1.2372 1.7514 0.1611, -1.2548 1.7397 0.0397, -1.251 1.7381 0.0316, -1.2466 1.7392 0.0284, -1.2434 1.7368 0.0262, -1.2422 1.7381 0.0262, -1.2407 1.7391 0.0262, -1.239 1.7397 0.0262, -1.2372 1.7399 0.0262, -1.2526 1.7436 0.0397, -1.2496 1.7469 0.0397, -1.2459 1.7494 0.0397, -1.2417 1.7509 0.0397, -1.2372 1.7514 0.0397, -1.2534 1.7391 0.0354, -1.2514 1.7427 0.0354, -1.2486 1.7457 0.0354, -1.2451 1.7479 0.0354, -1.2413 1.7494 0.0354, -1.2372 1.7514 0.0397, -1.2372 1.7499 0.0355, -1.2372 1.7498 0.0354, -1.2372 1.7473 0.0316, -1.2407 1.7469 0.0316, -1.244 1.7457 0.0316, -1.2469 1.7437 0.0316, -1.2493 1.7412 0.0316, -1.2447 1.7412 0.0284, -1.2425 1.7427 0.0284, -1.2399 1.7436 0.0284, -1.2372 1.7473 0.0316, -1.2372 1.744 0.0285, -1.2372 1.7439 0.0284, -1.2372 1.7401 0.0262, -1.0814 1.5948 0.0146, -1.0814 1.5949 0.0144, -1.0834 1.5951 0.0098, -1.0834 1.5951 0.0098, -1.0865 1.5952 0.0058, -1.0905 1.5951 0.0027, -1.0906 1.5951 0.0026, -1.0951 1.5949 0.0007, -1.0953 1.5948 0.0007, -1.1063 1.7364 0.1611, -1.1064 1.7364 0.1614, -1.1084 1.7369 0.166, -1.1108 1.737 0.1692, -1.1115 1.737 0.17, -1.1137 1.7369 0.1717, -1.1144 1.7369 0.1723, -1.1155 1.7369 0.1731, -1.1188 1.7365 0.1746, -1.1189 1.7365 0.1746, -1.1201 1.7364 0.1751, -1.1239 1.7358 0.1757, -1.1226 1.736 0.1755, -1.125 1.7399 0.1746, -1.125 1.7401 0.1746, -1.125 1.7439 0.1724, -1.125 1.744 0.1723, -1.125 1.7473 0.1692, -1.125 1.7473 0.1691, -1.125 1.7498 0.1654, -1.125 1.7499 0.1653, -1.125 1.7514 0.1611, -1.125 1.7514 0.161, -1.125 1.7514 0.0397, -1.125 1.7399 0.0262, -1.125 1.7401 0.0262, -1.125 1.7439 0.0284, -1.125 1.744 0.0285, -1.125 1.7473 0.0316, -1.125 1.7473 0.0316, -1.125 1.7498 0.0354, -1.125 1.7499 0.0355, -1.125 1.7514 0.0397, -1.1239 1.7358 0.0251, -1.1226 1.736 0.0253, -1.1201 1.7364 0.0257, -1.1189 1.7365 0.0262, -1.1188 1.7365 0.0262, -1.1155 1.7369 0.0277, -1.1144 1.7369 0.0285, -1.1137 1.7369 0.0291, -1.1115 1.737 0.0308, -1.1108 1.737 0.0316, -1.1084 1.7369 0.0348, -1.1064 1.7364 0.0394, -1.1063 1.7364 0.0397, -1.1069 1.7401 0.1565, -1.1091 1.7439 0.1565, -1.1096 1.7436 0.1611, -1.1092 1.744 0.1565, -1.1123 1.7473 0.1565, -1.1126 1.7469 0.1611, -1.1123 1.7473 0.1565, -1.1161 1.7498 0.1565, -1.1164 1.7494 0.1611, -1.1069 1.7399 0.1565, -1.1074 1.7397 0.1611, -1.1112 1.7381 0.1692, -1.1088 1.7391 0.1654, -1.1156 1.7392 0.1724, -1.1188 1.7368 0.1746, -1.1232 1.7397 0.1746, -1.1223 1.7436 0.1724, -1.1215 1.7469 0.1692, -1.1209 1.7494 0.1654, -1.1206 1.7509 0.1611, -1.1205 1.7514 0.1565, -1.1204 1.7514 0.1565, -1.1162 1.7499 0.1565, -1.1171 1.7479 0.1654, -1.1182 1.7457 0.1692, -1.1197 1.7427 0.1724, -1.1215 1.7391 0.1746, -1.1136 1.7457 0.1654, -1.1153 1.7437 0.1692, -1.1175 1.7412 0.1724, -1.12 1.7381 0.1746, -1.1108 1.7427 0.1654, -1.1129 1.7412 0.1692, -1.1069 1.7401 0.0443, -1.1069 1.7399 0.0443, -1.1074 1.7397 0.0397, -1.1092 1.744 0.0443, -1.1091 1.7439 0.0443, -1.1096 1.7436 0.0397, -1.1123 1.7473 0.0443, -1.1123 1.7473 0.0443, -1.1126 1.7469 0.0397, -1.1162 1.7499 0.0443, -1.1161 1.7498 0.0443, -1.1164 1.7494 0.0397, -1.1232 1.7397 0.0262, -1.1156 1.7392 0.0284, -1.1188 1.7368 0.0262, -1.1129 1.7412 0.0316, -1.1112 1.7381 0.0316, -1.1088 1.7391 0.0354, -1.1204 1.7514 0.0443, -1.1206 1.7509 0.0397, -1.1205 1.7514 0.0443, -1.1209 1.7494 0.0354, -1.1215 1.7469 0.0316, -1.1108 1.7427 0.0354, -1.1223 1.7436 0.0284, -1.1171 1.7479 0.0354, -1.1182 1.7457 0.0316, -1.1197 1.7427 0.0284, -1.1215 1.7391 0.0262, -1.1136 1.7457 0.0354, -1.1153 1.7437 0.0316, -1.1175 1.7412 0.0284, -1.12 1.7381 0.0262, -1.2808 -0.5138 0.0146, -1.2808 -0.4656 0.0209, -1.2789 -0.5138 0.0098, -1.2789 -0.4644 0.0163, -1.2757 -0.5138 0.0058, -1.2757 -0.4633 0.0124, -1.2717 -0.5138 0.0026, -1.2717 -0.4625 0.0094, -1.2669 -0.5138 0.0007, -1.2669 -0.462 0.0075, -1.2808 -0.4207 0.0395, -1.2789 -0.4183 0.0354, -1.2757 -0.4163 0.0319, -1.2717 -0.4147 0.0292, -1.2669 -0.4137 0.0275, -1.2808 -0.3821 0.0691, -1.2789 -0.3788 0.0658, -1.2757 -0.3759 0.0629, -1.2717 -0.3737 0.0607, -1.2669 -0.3723 0.0593, -1.2808 -0.3525 0.1077, -1.2789 -0.3484 0.1053, -1.2757 -0.3449 0.1033, -1.2717 -0.3422 0.1017, -1.2669 -0.3405 0.1007, -1.2808 -0.3339 0.1526, -1.2789 -0.3294 0.1514, -1.2757 -0.3254 0.1503, -1.2717 -0.3224 0.1495, -1.2669 -0.3205 0.149, -1.2808 -0.3276 0.2008, -1.2789 -0.3228 0.2008, -1.2757 -0.3188 0.2008, -1.2717 -0.3156 0.2008, -1.2669 -0.3137 0.2008, -1.2808 -1.6342 0.0146, -1.2808 -1.6343 0.0144, -1.2788 -1.6345 0.0098, -1.2788 -1.6345 0.0098, -1.2757 -1.6346 0.0058, -1.2717 -1.6345 0.0027, -1.2716 -1.6345 0.0026, -1.2671 -1.6343 0.0007, -1.2669 -1.6342 0.0007, -1.2669 -0.9843 0.2001, -1.2669 -1.6342 0.2001, -1.2671 -1.6343 0.2001, -1.2717 -0.9843 0.1981, -1.2716 -1.6345 0.1981, -1.2717 -1.6345 0.1981, -1.2757 -0.9843 0.195, -1.2757 -1.6346 0.195, -1.2788 -1.6345 0.191, -1.2789 -0.9843 0.1909, -1.2788 -1.6345 0.1909, -1.2808 -1.6343 0.1864, -1.2808 -0.9843 0.1862, -1.2808 -1.6342 0.1862, -1.0953 -0.5138 0.0007, -1.0953 -0.462 0.0075, -1.0906 -0.5138 0.0026, -1.0906 -0.4625 0.0094, -1.0865 -0.5138 0.0058, -1.0865 -0.4633 0.0124, -1.0833 -0.5138 0.0098, -1.0833 -0.4644 0.0163, -1.0814 -0.5138 0.0146, -1.0814 -0.4656 0.0209, -1.0953 -0.4137 0.0275, -1.0906 -0.4147 0.0292, -1.0865 -0.4163 0.0319, -1.0833 -0.4183 0.0354, -1.0814 -0.4207 0.0395, -1.0953 -0.3723 0.0593, -1.0906 -0.3737 0.0607, -1.0865 -0.3759 0.0629, -1.0833 -0.3788 0.0658, -1.0814 -0.3821 0.0691, -1.0953 -0.3405 0.1007, -1.0906 -0.3422 0.1017, -1.0865 -0.3449 0.1033, -1.0833 -0.3484 0.1053, -1.0814 -0.3525 0.1077, -1.0953 -0.3205 0.149, -1.0906 -0.3224 0.1495, -1.0865 -0.3254 0.1503, -1.0833 -0.3294 0.1514, -1.0814 -0.3339 0.1526, -1.0953 -0.3137 0.2008, -1.0906 -0.3156 0.2008, -1.0865 -0.3188 0.2008, -1.0833 -0.3228 0.2008, -1.0814 -0.3276 0.2008, -1.2383 -1.7752 0.0251, -1.2396 -1.7754 0.0253, -1.2421 -1.7758 0.0257, -1.2433 -1.7759 0.0262, -1.2434 -1.7759 0.0262, -1.2467 -1.7763 0.0277, -1.2478 -1.7763 0.0285, -1.2485 -1.7763 0.0291, -1.2507 -1.7764 0.0308, -1.2514 -1.7764 0.0316, -1.2538 -1.7763 0.0348, -1.2558 -1.7758 0.0394, -1.2559 -1.7758 0.0397, -1.2417 -1.7908 0.1565, -1.2553 -1.7793 0.1565, -1.2553 -1.7793 0.0443, -1.2553 -1.7795 0.1565, -1.2553 -1.7795 0.0443, -1.2531 -1.7833 0.1565, -1.2531 -1.7833 0.0443, -1.253 -1.7834 0.1565, -1.253 -1.7834 0.0443, -1.2499 -1.7867 0.1565, -1.2499 -1.7867 0.0443, -1.2499 -1.7867 0.1565, -1.2499 -1.7867 0.0443, -1.2461 -1.7892 0.1565, -1.2461 -1.7892 0.0443, -1.246 -1.7893 0.1565, -1.246 -1.7893 0.0443, -1.2418 -1.7908 0.1565, -1.2418 -1.7908 0.0443, -1.2417 -1.7908 0.0443, -1.2559 -1.7758 0.1611, -1.2558 -1.7758 0.1614, -1.2538 -1.7763 0.166, -1.2514 -1.7764 0.1692, -1.2507 -1.7764 0.17, -1.2485 -1.7763 0.1717, -1.2478 -1.7763 0.1723, -1.2467 -1.7763 0.1731, -1.2434 -1.7759 0.1746, -1.2433 -1.7759 0.1746, -1.2421 -1.7758 0.1751, -1.2383 -1.7752 0.1757, -1.2396 -1.7754 0.1755, -1.0953 -1.6342 0.0007, -1.0951 -1.6343 0.0007, -1.0906 -1.6345 0.0026, -1.0905 -1.6345 0.0027, -1.0865 -1.6346 0.0058, -1.0834 -1.6345 0.0098, -1.0834 -1.6345 0.0098, -1.0814 -1.6343 0.0144, -1.0814 -1.6342 0.0146, -1.2548 -1.7791 0.0397, -1.2526 -1.783 0.0397, -1.2496 -1.7863 0.0397, -1.2459 -1.7888 0.0397, -1.239 -1.7791 0.0262, -1.2466 -1.7786 0.0284, -1.2434 -1.7762 0.0262, -1.2493 -1.7806 0.0316, -1.251 -1.7775 0.0316, -1.2534 -1.7785 0.0354, -1.2417 -1.7903 0.0397, -1.2372 -1.7908 0.0397, -1.2413 -1.7888 0.0354, -1.2372 -1.7893 0.0355, -1.2372 -1.7908 0.0397, -1.2407 -1.7863 0.0316, -1.2372 -1.7867 0.0316, -1.2372 -1.7892 0.0354, -1.2514 -1.7821 0.0354, -1.2399 -1.783 0.0284, -1.2372 -1.7834 0.0285, -1.2372 -1.7867 0.0316, -1.2372 -1.7793 0.0262, -1.2372 -1.7795 0.0262, -1.2372 -1.7833 0.0284, -1.2451 -1.7873 0.0354, -1.244 -1.7851 0.0316, -1.2425 -1.7821 0.0284, -1.2407 -1.7785 0.0262, -1.2486 -1.7851 0.0354, -1.2469 -1.7831 0.0316, -1.2447 -1.7806 0.0284, -1.2422 -1.7775 0.0262, -1.2526 -1.783 0.1611, -1.2496 -1.7863 0.1611, -1.2459 -1.7888 0.1611, -1.2548 -1.7791 0.1611, -1.251 -1.7775 0.1692, -1.2534 -1.7785 0.1654, -1.2466 -1.7786 0.1724, -1.2434 -1.7762 0.1746, -1.2372 -1.7793 0.1746, -1.239 -1.7791 0.1746, -1.2372 -1.7795 0.1746, -1.2399 -1.783 0.1724, -1.2407 -1.7863 0.1692, -1.2372 -1.7834 0.1723, -1.2372 -1.7833 0.1724, -1.2413 -1.7888 0.1654, -1.2372 -1.7867 0.1691, -1.2372 -1.7867 0.1692, -1.2372 -1.7908 0.161, -1.2372 -1.7908 0.1611, -1.2417 -1.7903 0.1611, -1.2372 -1.7893 0.1653, -1.2372 -1.7892 0.1654, -1.2451 -1.7873 0.1654, -1.244 -1.7851 0.1692, -1.2425 -1.7821 0.1724, -1.2407 -1.7785 0.1746, -1.2486 -1.7851 0.1654, -1.2469 -1.7831 0.1692, -1.2447 -1.7806 0.1724, -1.2422 -1.7775 0.1746, -1.2514 -1.7821 0.1654, -1.2493 -1.7806 0.1692, -1.0814 -0.9843 0.1862, -1.0814 -1.6342 0.1862, -1.0814 -1.6343 0.1864, -1.0833 -0.9843 0.1909, -1.0834 -1.6345 0.1909, -1.0834 -1.6345 0.191, -1.0865 -0.9843 0.195, -1.0865 -1.6346 0.195, -1.0905 -1.6345 0.1981, -1.0906 -0.9843 0.1981, -1.0906 -1.6345 0.1981, -1.0951 -1.6343 0.2001, -1.0953 -0.9843 0.2001, -1.0953 -1.6342 0.2001, -1.1063 -1.7758 0.0397, -1.1064 -1.7758 0.0394, -1.1084 -1.7763 0.0348, -1.1108 -1.7764 0.0316, -1.1115 -1.7764 0.0308, -1.1137 -1.7763 0.0291, -1.1144 -1.7763 0.0285, -1.1155 -1.7763 0.0277, -1.1188 -1.7759 0.0262, -1.1189 -1.7759 0.0262, -1.1201 -1.7758 0.0257, -1.1239 -1.7752 0.0251, -1.1226 -1.7754 0.0253, -1.125 -1.7793 0.0262, -1.125 -1.7795 0.0262, -1.125 -1.7833 0.0284, -1.125 -1.7834 0.0285, -1.125 -1.7867 0.0316, -1.125 -1.7867 0.0316, -1.125 -1.7892 0.0354, -1.125 -1.7893 0.0355, -1.125 -1.7908 0.0397, -1.125 -1.7908 0.0397, -1.125 -1.7908 0.161, -1.125 -1.7793 0.1746, -1.125 -1.7795 0.1746, -1.125 -1.7833 0.1724, -1.125 -1.7834 0.1723, -1.125 -1.7867 0.1692, -1.125 -1.7867 0.1691, -1.125 -1.7892 0.1654, -1.125 -1.7893 0.1653, -1.125 -1.7908 0.1611, -1.1239 -1.7752 0.1757, -1.1226 -1.7754 0.1755, -1.1201 -1.7758 0.1751, -1.1189 -1.7759 0.1746, -1.1188 -1.7759 0.1746, -1.1155 -1.7763 0.1731, -1.1144 -1.7763 0.1723, -1.1137 -1.7763 0.1717, -1.1115 -1.7764 0.17, -1.1108 -1.7764 0.1692, -1.1084 -1.7763 0.166, -1.1064 -1.7758 0.1614, -1.1063 -1.7758 0.1611, -1.1074 -1.7791 0.0397, -1.1112 -1.7775 0.0316, -1.1156 -1.7786 0.0284, -1.1188 -1.7762 0.0262, -1.12 -1.7775 0.0262, -1.1215 -1.7785 0.0262, -1.1232 -1.7791 0.0262, -1.1069 -1.7793 0.0443, -1.1069 -1.7795 0.0443, -1.1096 -1.783 0.0397, -1.1091 -1.7833 0.0443, -1.1092 -1.7834 0.0443, -1.1126 -1.7863 0.0397, -1.1123 -1.7867 0.0443, -1.1123 -1.7867 0.0443, -1.1164 -1.7888 0.0397, -1.1161 -1.7892 0.0443, -1.1162 -1.7893 0.0443, -1.1206 -1.7903 0.0397, -1.1205 -1.7908 0.0443, -1.1204 -1.7908 0.0443, -1.1088 -1.7785 0.0354, -1.1108 -1.7821 0.0354, -1.1136 -1.7851 0.0354, -1.1171 -1.7873 0.0354, -1.1209 -1.7888 0.0354, -1.1215 -1.7863 0.0316, -1.1182 -1.7851 0.0316, -1.1153 -1.7831 0.0316, -1.1129 -1.7806 0.0316, -1.1175 -1.7806 0.0284, -1.1197 -1.7821 0.0284, -1.1223 -1.783 0.0284, -1.1205 -1.7908 0.1565, -1.1204 -1.7908 0.1565, -1.1206 -1.7903 0.1611, -1.1162 -1.7893 0.1565, -1.1161 -1.7892 0.1565, -1.1164 -1.7888 0.1611, -1.1123 -1.7867 0.1565, -1.1123 -1.7867 0.1565, -1.1126 -1.7863 0.1611, -1.1092 -1.7834 0.1565, -1.1091 -1.7833 0.1565, -1.1096 -1.783 0.1611, -1.1069 -1.7795 0.1565, -1.1069 -1.7793 0.1565, -1.1074 -1.7791 0.1611, -1.1232 -1.7791 0.1746, -1.1156 -1.7786 0.1724, -1.1188 -1.7762 0.1746, -1.1129 -1.7806 0.1692, -1.1112 -1.7775 0.1692, -1.1088 -1.7785 0.1654, -1.1223 -1.783 0.1724, -1.1215 -1.7863 0.1692, -1.1209 -1.7888 0.1654, -1.1108 -1.7821 0.1654, -1.1136 -1.7851 0.1654, -1.1153 -1.7831 0.1692, -1.1175 -1.7806 0.1724, -1.12 -1.7775 0.1746, -1.1171 -1.7873 0.1654, -1.1182 -1.7851 0.1692, -1.1197 -1.7821 0.1724, -1.1215 -1.7785 0.1746, -1.2808 -0.4992 2.2051, -1.2808 -0.4992 0.8661, -1.2808 -0.4994 2.2051, -1.2789 -0.504 0.8661, -1.2788 -0.5039 2.2053, -1.2788 -0.504 2.2053, -1.2757 -0.508 0.8661, -1.2757 -0.508 2.2054, -1.2717 -0.5111 2.2053, -1.2717 -0.5112 0.8661, -1.2716 -0.5111 2.2053, -1.2671 -0.5131 2.2051, -1.2669 -0.5131 0.8661, -1.2669 -0.5131 2.2051, -1.2669 -0.3137 2.2051, -1.2669 -0.3137 0.8661, -1.2671 -0.3137 2.2051, -1.2717 -0.3156 0.8661, -1.2716 -0.3157 2.2053, -1.2717 -0.3157 2.2053, -1.2757 -0.3188 0.8661, -1.2757 -0.3188 2.2054, -1.2788 -0.3228 2.2053, -1.2789 -0.3228 0.8661, -1.2788 -0.3229 2.2053, -1.2808 -0.3274 2.2051, -1.2808 -0.3276 0.8661, -1.2808 -0.3276 2.2051, -1.2415 -0.4882 2.3466, -1.2421 -0.4881 2.3467, -1.2455 -0.4867 2.347, -1.2467 -0.4861 2.3471, -1.2507 -0.483 2.3473, -1.252 -0.4813 2.3472, -1.2538 -0.479 2.3471, -1.2558 -0.4744 2.3467, -1.2559 -0.4738 2.3466, -1.2417 -0.3573 2.3617, -1.2553 -0.3573 2.3502, -1.2553 -0.4695 2.3502, -1.2553 -0.3573 2.3503, -1.2553 -0.4695 2.3503, -1.2531 -0.3573 2.3542, -1.2531 -0.4695 2.3542, -1.253 -0.3573 2.3543, -1.253 -0.4695 2.3543, -1.2499 -0.3573 2.3575, -1.2499 -0.4695 2.3575, -1.2499 -0.3573 2.3576, -1.2499 -0.4695 2.3576, -1.2461 -0.3573 2.3601, -1.2461 -0.4695 2.3601, -1.246 -0.3573 2.3601, -1.246 -0.4695 2.3601, -1.2418 -0.3573 2.3617, -1.2418 -0.4695 2.3617, -1.2417 -0.4695 2.3617, -1.2558 -0.3524 2.3467, -1.2558 -0.3523 2.3467, -1.2538 -0.3478 2.3471, -1.2538 -0.3477 2.3471, -1.2507 -0.3438 2.3473, -1.2468 -0.3407 2.3471, -1.2467 -0.3407 2.3471, -1.2422 -0.3387 2.3467, -1.2421 -0.3387 2.3467, -1.096 -0.5132 2.205, -1.096 -0.5133 0.8661, -1.0951 -0.5131 2.2051, -1.0919 -0.5118 0.8661, -1.0919 -0.5117 2.2053, -1.0905 -0.5111 2.2053, -1.0881 -0.5095 0.8661, -1.0882 -0.5094 2.2054, -1.0865 -0.508 2.2054, -1.085 -0.5064 0.8661, -1.0851 -0.5063 2.2054, -1.0834 -0.504 2.2053, -1.0827 -0.5027 0.8661, -1.0828 -0.5026 2.2053, -1.0814 -0.4994 2.2051, -1.0812 -0.4985 0.8661, -1.0813 -0.4985 2.205, -1.2372 -0.4876 2.3503, -1.2372 -0.4854 2.3542, -1.2407 -0.485 2.3542, -1.2372 -0.4853 2.3543, -1.2372 -0.4822 2.3575, -1.24 -0.4819 2.3575, -1.2392 -0.4782 2.3601, -1.2382 -0.474 2.3617, -1.2392 -0.4736 2.3617, -1.2413 -0.4715 2.3617, -1.2408 -0.4724 2.3617, -1.2417 -0.4705 2.3617, -1.2372 -0.474 2.3617, -1.2412 -0.4872 2.3502, -1.2451 -0.4858 2.3502, -1.2485 -0.4837 2.3502, -1.2514 -0.4808 2.3502, -1.2535 -0.4774 2.3502, -1.2549 -0.4735 2.3502, -1.2372 -0.4822 2.3576, -1.2372 -0.4784 2.3601, -1.2372 -0.4783 2.3601, -1.2372 -0.4741 2.3617, -1.2427 -0.4765 2.3601, -1.2442 -0.475 2.3601, -1.2452 -0.4734 2.3601, -1.2459 -0.4715 2.3601, -1.2411 -0.4775 2.3601, -1.2401 -0.4731 2.3617, -1.2427 -0.481 2.3575, -1.2451 -0.4795 2.3575, -1.2472 -0.4774 2.3575, -1.2487 -0.475 2.3575, -1.2496 -0.4723 2.3575, -1.2441 -0.4838 2.3542, -1.2471 -0.4819 2.3542, -1.2496 -0.4794 2.3542, -1.2515 -0.4764 2.3542, -1.2527 -0.473 2.3542, -1.2372 -0.4876 2.3502, -1.2495 -0.354 2.3575, -1.2458 -0.355 2.3601, -1.2416 -0.3561 2.3617, -1.2412 -0.355 2.3617, -1.2395 -0.3533 2.3617, -1.2404 -0.3541 2.3617, -1.2384 -0.3529 2.3617, -1.2547 -0.3526 2.3502, -1.2529 -0.3482 2.3502, -1.25 -0.3445 2.3502, -1.2463 -0.3416 2.3502, -1.2419 -0.3398 2.3502, -1.2372 -0.3392 2.3502, -1.2372 -0.3528 2.3617, -1.2449 -0.3529 2.3601, -1.2435 -0.351 2.3601, -1.2417 -0.3496 2.3601, -1.2395 -0.3487 2.3601, -1.2372 -0.3527 2.3617, -1.2372 -0.3485 2.3601, -1.2372 -0.3484 2.3601, -1.2372 -0.3446 2.3576, -1.2482 -0.3509 2.3575, -1.2462 -0.3483 2.3575, -1.2436 -0.3463 2.3575, -1.2405 -0.345 2.3575, -1.2525 -0.3532 2.3542, -1.2509 -0.3494 2.3542, -1.2484 -0.3461 2.3542, -1.2451 -0.3436 2.3542, -1.2413 -0.342 2.3542, -1.2372 -0.3446 2.3575, -1.2372 -0.3415 2.3543, -1.2372 -0.3414 2.3542, -1.2372 -0.3392 2.3503, -1.0814 -0.3276 2.2051, -1.0814 -0.3276 0.8661, -1.0814 -0.3274 2.2051, -1.0833 -0.3228 0.8661, -1.0834 -0.3229 2.2053, -1.0834 -0.3228 2.2053, -1.0865 -0.3188 0.8661, -1.0865 -0.3188 2.2054, -1.0905 -0.3157 2.2053, -1.0906 -0.3156 0.8661, -1.0906 -0.3157 2.2053, -1.0951 -0.3137 2.2051, -1.0953 -0.3137 0.8661, -1.0953 -0.3137 2.2051, -1.1063 -0.4738 2.3466, -1.1064 -0.4744 2.3467, -1.1078 -0.4778 2.347, -1.1084 -0.479 2.3471, -1.1115 -0.483 2.3473, -1.1201 -0.4881 2.3467, -1.1155 -0.4861 2.3471, -1.1132 -0.4843 2.3472, -1.1207 -0.4882 2.3466, -1.125 -0.4876 2.3502, -1.125 -0.4876 2.3503, -1.125 -0.4854 2.3542, -1.125 -0.4853 2.3543, -1.125 -0.4822 2.3575, -1.125 -0.4822 2.3576, -1.125 -0.4784 2.3601, -1.125 -0.4783 2.3601, -1.125 -0.4741 2.3617, -1.125 -0.474 2.3617, -1.125 -0.3528 2.3617, -1.125 -0.3392 2.3502, -1.125 -0.3392 2.3503, -1.125 -0.3414 2.3542, -1.125 -0.3415 2.3543, -1.125 -0.3446 2.3575, -1.125 -0.3446 2.3576, -1.125 -0.3484 2.3601, -1.125 -0.3485 2.3601, -1.125 -0.3527 2.3617, -1.1201 -0.3387 2.3467, -1.12 -0.3387 2.3467, -1.1155 -0.3407 2.3471, -1.1154 -0.3407 2.3471, -1.1115 -0.3438 2.3473, -1.1084 -0.3477 2.3471, -1.1084 -0.3478 2.3471, -1.1064 -0.3523 2.3467, -1.1064 -0.3524 2.3467, -1.1069 -0.4695 2.3503, -1.1091 -0.4695 2.3542, -1.1095 -0.473 2.3542, -1.1092 -0.4695 2.3543, -1.1123 -0.4695 2.3575, -1.1126 -0.4723 2.3575, -1.1163 -0.4715 2.3601, -1.1205 -0.4705 2.3617, -1.1209 -0.4715 2.3617, -1.123 -0.4736 2.3617, -1.1221 -0.4731 2.3617, -1.124 -0.474 2.3617, -1.1205 -0.4695 2.3617, -1.1073 -0.4735 2.3502, -1.1087 -0.4774 2.3502, -1.1108 -0.4808 2.3502, -1.1137 -0.4837 2.3502, -1.1171 -0.4858 2.3502, -1.121 -0.4872 2.3502, -1.1123 -0.4695 2.3576, -1.1161 -0.4695 2.3601, -1.1162 -0.4695 2.3601, -1.1204 -0.4695 2.3617, -1.118 -0.475 2.3601, -1.1195 -0.4765 2.3601, -1.1211 -0.4775 2.3601, -1.123 -0.4782 2.3601, -1.117 -0.4734 2.3601, -1.1214 -0.4724 2.3617, -1.1135 -0.475 2.3575, -1.1151 -0.4774 2.3575, -1.1171 -0.4795 2.3575, -1.1195 -0.481 2.3575, -1.1222 -0.4819 2.3575, -1.1107 -0.4764 2.3542, -1.1126 -0.4794 2.3542, -1.1151 -0.4819 2.3542, -1.1181 -0.4838 2.3542, -1.1215 -0.485 2.3542, -1.1069 -0.4695 2.3502, -1.1217 -0.345 2.3575, -1.1227 -0.3487 2.3601, -1.1238 -0.3529 2.3617, -1.1227 -0.3533 2.3617, -1.121 -0.355 2.3617, -1.1218 -0.3541 2.3617, -1.1206 -0.3561 2.3617, -1.1203 -0.3398 2.3502, -1.1159 -0.3416 2.3502, -1.1122 -0.3445 2.3502, -1.1093 -0.3482 2.3502, -1.1075 -0.3526 2.3502, -1.1069 -0.3573 2.3502, -1.1205 -0.3573 2.3617, -1.1206 -0.3496 2.3601, -1.1187 -0.351 2.3601, -1.1173 -0.3529 2.3601, -1.1164 -0.355 2.3601, -1.1204 -0.3573 2.3617, -1.1162 -0.3573 2.3601, -1.1161 -0.3573 2.3601, -1.1123 -0.3573 2.3576, -1.1186 -0.3463 2.3575, -1.116 -0.3483 2.3575, -1.114 -0.3509 2.3575, -1.1127 -0.354 2.3575, -1.1209 -0.342 2.3542, -1.1171 -0.3436 2.3542, -1.1138 -0.3461 2.3542, -1.1113 -0.3494 2.3542, -1.1097 -0.3532 2.3542, -1.1123 -0.3573 2.3575, -1.1092 -0.3573 2.3543, -1.1091 -0.3573 2.3542, -1.1069 -0.3573 2.3503, -1.2808 0.2882 2.2051, -1.2808 0.2882 0.8661, -1.2808 0.288 2.2051, -1.2789 0.2834 0.8661, -1.2788 0.2835 2.2053, -1.2788 0.2834 2.2053, -1.2757 0.2794 0.8661, -1.2757 0.2794 2.2054, -1.2717 0.2763 2.2053, -1.2717 0.2762 0.8661, -1.2716 0.2763 2.2053, -1.2671 0.2743 2.2051, -1.2669 0.2743 0.8661, -1.2669 0.2743 2.2051, -1.2669 0.4737 2.2051, -1.2669 0.4737 0.8661, -1.2671 0.4737 2.2051, -1.2717 0.4718 0.8661, -1.2716 0.4717 2.2053, -1.2717 0.4717 2.2053, -1.2757 0.4686 0.8661, -1.2757 0.4686 2.2054, -1.2788 0.4646 2.2053, -1.2789 0.4646 0.8661, -1.2788 0.4645 2.2053, -1.2808 0.46 2.2051, -1.2808 0.4598 0.8661, -1.2808 0.4598 2.2051, -1.2421 0.2993 2.3467, -1.2422 0.2993 2.3467, -1.2467 0.3013 2.3471, -1.2468 0.3013 2.3471, -1.2507 0.3044 2.3473, -1.2538 0.3083 2.3471, -1.2538 0.3084 2.3471, -1.2558 0.3129 2.3467, -1.2558 0.313 2.3467, -1.2417 0.4301 2.3617, -1.2553 0.4301 2.3502, -1.2553 0.3179 2.3502, -1.2553 0.4301 2.3503, -1.2553 0.3179 2.3503, -1.2531 0.4301 2.3542, -1.2531 0.3179 2.3542, -1.253 0.4301 2.3543, -1.253 0.3179 2.3543, -1.2499 0.4301 2.3575, -1.2499 0.3179 2.3575, -1.2499 0.4301 2.3576, -1.2499 0.3179 2.3576, -1.2461 0.4301 2.3601, -1.2461 0.3179 2.3601, -1.246 0.4301 2.3601, -1.246 0.3179 2.3601, -1.2418 0.4301 2.3617, -1.2418 0.3179 2.3617, -1.2417 0.3179 2.3617, -1.2558 0.435 2.3467, -1.2558 0.4351 2.3467, -1.2538 0.4396 2.3471, -1.2538 0.4397 2.3471, -1.2507 0.4436 2.3473, -1.2468 0.4467 2.3471, -1.2467 0.4467 2.3471, -1.2422 0.4487 2.3467, -1.2421 0.4487 2.3467, -1.0953 0.2743 2.2051, -1.0953 0.2743 0.8661, -1.0951 0.2743 2.2051, -1.0906 0.2762 0.8661, -1.0906 0.2763 2.2053, -1.0905 0.2763 2.2053, -1.0865 0.2794 0.8661, -1.0865 0.2794 2.2054, -1.0834 0.2834 2.2053, -1.0833 0.2834 0.8661, -1.0834 0.2835 2.2053, -1.0814 0.288 2.2051, -1.0814 0.2882 0.8661, -1.0814 0.2882 2.2051, -1.2372 0.3021 2.3543, -1.2372 0.3052 2.3575, -1.2405 0.3056 2.3575, -1.2395 0.3093 2.3601, -1.2384 0.3135 2.3617, -1.2395 0.3139 2.3617, -1.2412 0.3156 2.3617, -1.2404 0.3147 2.3617, -1.2416 0.3167 2.3617, -1.2372 0.3134 2.3617, -1.2419 0.3004 2.3502, -1.2463 0.3022 2.3502, -1.25 0.3051 2.3502, -1.2529 0.3088 2.3502, -1.2547 0.3132 2.3502, -1.2372 0.3052 2.3576, -1.2372 0.309 2.3601, -1.2372 0.3091 2.3601, -1.2372 0.3133 2.3617, -1.2417 0.3102 2.3601, -1.2435 0.3116 2.3601, -1.2449 0.3135 2.3601, -1.2458 0.3156 2.3601, -1.2436 0.3069 2.3575, -1.2462 0.3089 2.3575, -1.2482 0.3115 2.3575, -1.2495 0.3146 2.3575, -1.2372 0.2998 2.3503, -1.2372 0.302 2.3542, -1.2413 0.3026 2.3542, -1.2451 0.3042 2.3542, -1.2484 0.3067 2.3542, -1.2509 0.31 2.3542, -1.2525 0.3138 2.3542, -1.2372 0.2998 2.3502, -1.2495 0.4334 2.3575, -1.2458 0.4324 2.3601, -1.2416 0.4313 2.3617, -1.2412 0.4324 2.3617, -1.2395 0.4341 2.3617, -1.2404 0.4333 2.3617, -1.2384 0.4345 2.3617, -1.2547 0.4348 2.3502, -1.2529 0.4392 2.3502, -1.25 0.4429 2.3502, -1.2463 0.4458 2.3502, -1.2419 0.4476 2.3502, -1.2372 0.4482 2.3502, -1.2372 0.4346 2.3617, -1.2449 0.4346 2.3601, -1.2435 0.4364 2.3601, -1.2417 0.4378 2.3601, -1.2395 0.4387 2.3601, -1.2372 0.4347 2.3617, -1.2372 0.4389 2.3601, -1.2372 0.439 2.3601, -1.2372 0.4428 2.3576, -1.2482 0.4365 2.3575, -1.2462 0.4391 2.3575, -1.2436 0.4411 2.3575, -1.2405 0.4424 2.3575, -1.2525 0.4342 2.3542, -1.2509 0.438 2.3542, -1.2484 0.4413 2.3542, -1.2451 0.4438 2.3542, -1.2413 0.4454 2.3542, -1.2372 0.4428 2.3575, -1.2372 0.4459 2.3543, -1.2372 0.446 2.3542, -1.2372 0.4482 2.3503, -1.0814 0.4598 2.2051, -1.0814 0.4598 0.8661, -1.0814 0.46 2.2051, -1.0833 0.4646 0.8661, -1.0834 0.4645 2.2053, -1.0834 0.4646 2.2053, -1.0865 0.4686 0.8661, -1.0865 0.4686 2.2054, -1.0905 0.4717 2.2053, -1.0906 0.4718 0.8661, -1.0906 0.4717 2.2053, -1.0951 0.4737 2.2051, -1.0953 0.4737 0.8661, -1.0953 0.4737 2.2051, -1.1064 0.313 2.3467, -1.1064 0.3129 2.3467, -1.1084 0.3084 2.3471, -1.1084 0.3083 2.3471, -1.1115 0.3044 2.3473, -1.1154 0.3013 2.3471, -1.1155 0.3013 2.3471, -1.12 0.2993 2.3467, -1.1201 0.2993 2.3467, -1.125 0.2998 2.3502, -1.125 0.2998 2.3503, -1.125 0.302 2.3542, -1.125 0.3021 2.3543, -1.125 0.3052 2.3575, -1.125 0.3052 2.3576, -1.125 0.309 2.3601, -1.125 0.3091 2.3601, -1.125 0.3133 2.3617, -1.125 0.3134 2.3617, -1.125 0.4346 2.3617, -1.125 0.4482 2.3502, -1.125 0.4482 2.3503, -1.125 0.446 2.3542, -1.125 0.4459 2.3543, -1.125 0.4428 2.3575, -1.125 0.4428 2.3576, -1.125 0.439 2.3601, -1.125 0.4389 2.3601, -1.125 0.4347 2.3617, -1.1201 0.4487 2.3467, -1.12 0.4487 2.3467, -1.1155 0.4467 2.3471, -1.1154 0.4467 2.3471, -1.1115 0.4436 2.3473, -1.1084 0.4397 2.3471, -1.1084 0.4396 2.3471, -1.1064 0.4351 2.3467, -1.1064 0.435 2.3467, -1.1092 0.3179 2.3543, -1.1123 0.3179 2.3575, -1.1127 0.3146 2.3575, -1.1164 0.3156 2.3601, -1.1206 0.3167 2.3617, -1.121 0.3156 2.3617, -1.1227 0.3139 2.3617, -1.1218 0.3147 2.3617, -1.1238 0.3135 2.3617, -1.1205 0.3179 2.3617, -1.1075 0.3132 2.3502, -1.1093 0.3088 2.3502, -1.1122 0.3051 2.3502, -1.1159 0.3022 2.3502, -1.1203 0.3004 2.3502, -1.1123 0.3179 2.3576, -1.1161 0.3179 2.3601, -1.1162 0.3179 2.3601, -1.1204 0.3179 2.3617, -1.1173 0.3135 2.3601, -1.1187 0.3116 2.3601, -1.1206 0.3102 2.3601, -1.1227 0.3093 2.3601, -1.114 0.3115 2.3575, -1.116 0.3089 2.3575, -1.1186 0.3069 2.3575, -1.1217 0.3056 2.3575, -1.1069 0.3179 2.3503, -1.1091 0.3179 2.3542, -1.1097 0.3138 2.3542, -1.1113 0.31 2.3542, -1.1138 0.3067 2.3542, -1.1171 0.3042 2.3542, -1.1209 0.3026 2.3542, -1.1069 0.3179 2.3502, -1.1217 0.4424 2.3575, -1.1227 0.4387 2.3601, -1.1238 0.4345 2.3617, -1.1227 0.4341 2.3617, -1.121 0.4324 2.3617, -1.1218 0.4333 2.3617, -1.1206 0.4313 2.3617, -1.1203 0.4476 2.3502, -1.1159 0.4458 2.3502, -1.1122 0.4429 2.3502, -1.1093 0.4392 2.3502, -1.1075 0.4348 2.3502, -1.1069 0.4301 2.3502, -1.1205 0.4301 2.3617, -1.1206 0.4378 2.3601, -1.1187 0.4364 2.3601, -1.1173 0.4346 2.3601, -1.1164 0.4324 2.3601, -1.1204 0.4301 2.3617, -1.1162 0.4301 2.3601, -1.1161 0.4301 2.3601, -1.1123 0.4301 2.3576, -1.1186 0.4411 2.3575, -1.116 0.4391 2.3575, -1.114 0.4365 2.3575, -1.1127 0.4334 2.3575, -1.1209 0.4454 2.3542, -1.1171 0.4438 2.3542, -1.1138 0.4413 2.3542, -1.1113 0.438 2.3542, -1.1097 0.4342 2.3542, -1.1123 0.4301 2.3575, -1.1092 0.4301 2.3543, -1.1091 0.4301 2.3542, -1.1069 0.4301 2.3503, -2.0682 0.2882 0.2008, -2.0682 0.2945 0.1526, -2.0663 0.2834 0.2008, -2.0663 0.29 0.1514, -2.0631 0.2794 0.2008, -2.0631 0.286 0.1503, -2.0591 0.2762 0.2008, -2.0591 0.283 0.1495, -2.0543 0.2743 0.2008, -2.0543 0.2811 0.149, -2.0682 0.3131 0.1077, -2.0663 0.309 0.1053, -2.0631 0.3055 0.1033, -2.0591 0.3028 0.1017, -2.0543 0.3011 0.1007, -2.0682 0.3427 0.0691, -2.0663 0.3394 0.0658, -2.0631 0.3365 0.0629, -2.0591 0.3343 0.0607, -2.0543 0.3329 0.0593, -2.0682 0.3813 0.0395, -2.0663 0.3789 0.0354, -2.0631 0.3769 0.0319, -2.0591 0.3753 0.0292, -2.0543 0.3743 0.0275, -2.0682 0.4262 0.0209, -2.0663 0.425 0.0163, -2.0631 0.4239 0.0124, -2.0591 0.4231 0.0094, -2.0543 0.4226 0.0075, -2.0682 0.4744 0.0146, -2.0663 0.4744 0.0098, -2.0631 0.4744 0.0058, -2.0591 0.4744 0.0026, -2.0543 0.4744 0.0007, -2.0682 1.1417 0.1862, -2.0682 1.5948 0.1862, -2.0682 1.5949 0.1864, -2.0663 1.1417 0.1909, -2.0662 1.5951 0.1909, -2.0662 1.5951 0.191, -2.0631 1.1417 0.195, -2.0631 1.5952 0.195, -2.0591 1.5951 0.1981, -2.0591 1.1417 0.1981, -2.0591 1.5951 0.1981, -2.0545 1.5949 0.2001, -2.0543 1.1417 0.2001, -2.0543 1.5948 0.2001, -2.0543 1.5948 0.0007, -2.0545 1.5949 0.0007, -2.0591 1.5951 0.0026, -2.0591 1.5951 0.0027, -2.0631 1.5952 0.0058, -2.0662 1.5951 0.0098, -2.0662 1.5951 0.0098, -2.0682 1.5949 0.0144, -2.0682 1.5948 0.0146, -2.0257 1.7358 0.1757, -2.027 1.736 0.1755, -2.0295 1.7364 0.1751, -2.0307 1.7365 0.1746, -2.0308 1.7365 0.1746, -2.0341 1.7369 0.1731, -2.0352 1.7369 0.1723, -2.0359 1.7369 0.1717, -2.0381 1.737 0.17, -2.0388 1.737 0.1692, -2.0412 1.7369 0.166, -2.0432 1.7364 0.1614, -2.0433 1.7364 0.1611, -2.0292 1.7514 0.0443, -2.0427 1.7399 0.0443, -2.0427 1.7399 0.1565, -2.0427 1.7401 0.0443, -2.0427 1.7401 0.1565, -2.0405 1.7439 0.0443, -2.0405 1.7439 0.1565, -2.0404 1.744 0.0443, -2.0404 1.744 0.1565, -2.0373 1.7473 0.0443, -2.0373 1.7473 0.1565, -2.0373 1.7473 0.0443, -2.0373 1.7473 0.1565, -2.0335 1.7498 0.0443, -2.0335 1.7498 0.1565, -2.0334 1.7499 0.0443, -2.0334 1.7499 0.1565, -2.0292 1.7514 0.0443, -2.0292 1.7514 0.1565, -2.0292 1.7514 0.1565, -2.0433 1.7364 0.0397, -2.0432 1.7364 0.0394, -2.0412 1.7369 0.0348, -2.0388 1.737 0.0316, -2.0381 1.737 0.0308, -2.0359 1.7369 0.0291, -2.0352 1.7369 0.0285, -2.0341 1.7369 0.0277, -2.0308 1.7365 0.0262, -2.0307 1.7365 0.0262, -2.0295 1.7364 0.0257, -2.0257 1.7358 0.0251, -2.027 1.736 0.0253, -1.8827 0.2743 0.2008, -1.8827 0.2811 0.149, -1.878 0.2762 0.2008, -1.878 0.283 0.1495, -1.8739 0.2794 0.2008, -1.8739 0.286 0.1503, -1.8707 0.2834 0.2008, -1.8707 0.29 0.1514, -1.8688 0.2882 0.2008, -1.8688 0.2945 0.1526, -1.8827 0.3011 0.1007, -1.878 0.3028 0.1017, -1.8739 0.3055 0.1033, -1.8707 0.309 0.1053, -1.8688 0.3131 0.1077, -1.8827 0.3329 0.0593, -1.878 0.3343 0.0607, -1.8739 0.3365 0.0629, -1.8707 0.3394 0.0658, -1.8688 0.3427 0.0691, -1.8827 0.3743 0.0275, -1.878 0.3753 0.0292, -1.8739 0.3769 0.0319, -1.8707 0.3789 0.0354, -1.8688 0.3813 0.0395, -1.8827 0.4226 0.0075, -1.878 0.4231 0.0094, -1.8739 0.4239 0.0124, -1.8707 0.425 0.0163, -1.8688 0.4262 0.0209, -1.8827 0.4744 0.0007, -1.878 0.4744 0.0026, -1.8739 0.4744 0.0058, -1.8707 0.4744 0.0098, -1.8688 0.4744 0.0146, -1.8827 1.1417 0.2001, -1.8827 1.5948 0.2001, -1.8825 1.5949 0.2001, -1.878 1.1417 0.1981, -1.878 1.5951 0.1981, -1.8779 1.5951 0.1981, -1.8739 1.1417 0.195, -1.8739 1.5952 0.195, -1.8708 1.5951 0.191, -1.8707 1.1417 0.1909, -1.8708 1.5951 0.1909, -1.8688 1.5949 0.1864, -1.8688 1.1417 0.1862, -1.8688 1.5948 0.1862, -2.0291 1.7509 0.1611, -2.0333 1.7494 0.1611, -2.037 1.7469 0.1611, -2.04 1.7436 0.1611, -2.0422 1.7397 0.1611, -2.0264 1.7397 0.1746, -2.034 1.7392 0.1724, -2.0308 1.7368 0.1746, -2.0367 1.7412 0.1692, -2.0385 1.7381 0.1692, -2.0408 1.7391 0.1654, -2.0246 1.7399 0.1746, -2.0246 1.7401 0.1746, -2.0273 1.7436 0.1724, -2.0246 1.7439 0.1724, -2.0246 1.744 0.1723, -2.0281 1.7469 0.1692, -2.0246 1.7473 0.1692, -2.0246 1.7473 0.1691, -2.0287 1.7494 0.1654, -2.0246 1.7498 0.1654, -2.0246 1.7499 0.1653, -2.0388 1.7427 0.1654, -2.036 1.7457 0.1654, -2.0343 1.7437 0.1692, -2.0321 1.7412 0.1724, -2.0296 1.7381 0.1746, -2.0325 1.7479 0.1654, -2.0314 1.7457 0.1692, -2.0299 1.7427 0.1724, -2.0281 1.7391 0.1746, -2.0246 1.7514 0.161, -2.0246 1.7514 0.1611, -2.0422 1.7397 0.0397, -2.0385 1.7381 0.0316, -2.034 1.7392 0.0284, -2.0308 1.7368 0.0262, -2.0296 1.7381 0.0262, -2.0281 1.7391 0.0262, -2.0264 1.7397 0.0262, -2.0246 1.7399 0.0262, -2.04 1.7436 0.0397, -2.037 1.7469 0.0397, -2.0333 1.7494 0.0397, -2.0291 1.7509 0.0397, -2.0246 1.7514 0.0397, -2.0408 1.7391 0.0354, -2.0388 1.7427 0.0354, -2.036 1.7457 0.0354, -2.0325 1.7479 0.0354, -2.0287 1.7494 0.0354, -2.0246 1.7514 0.0397, -2.0246 1.7499 0.0355, -2.0246 1.7498 0.0354, -2.0246 1.7473 0.0316, -2.0281 1.7469 0.0316, -2.0314 1.7457 0.0316, -2.0343 1.7437 0.0316, -2.0367 1.7412 0.0316, -2.0321 1.7412 0.0284, -2.0299 1.7427 0.0284, -2.0273 1.7436 0.0284, -2.0246 1.7473 0.0316, -2.0246 1.744 0.0285, -2.0246 1.7439 0.0284, -2.0246 1.7401 0.0262, -1.8688 1.5948 0.0146, -1.8688 1.5949 0.0144, -1.8708 1.5951 0.0098, -1.8708 1.5951 0.0098, -1.8739 1.5952 0.0058, -1.8779 1.5951 0.0027, -1.878 1.5951 0.0026, -1.8825 1.5949 0.0007, -1.8827 1.5948 0.0007, -1.8937 1.7364 0.1611, -1.8938 1.7364 0.1614, -1.8958 1.7369 0.166, -1.8982 1.737 0.1692, -1.8989 1.737 0.17, -1.9011 1.7369 0.1717, -1.9018 1.7369 0.1723, -1.9029 1.7369 0.1731, -1.9062 1.7365 0.1746, -1.9063 1.7365 0.1746, -1.9075 1.7364 0.1751, -1.9113 1.7358 0.1757, -1.91 1.736 0.1755, -1.9124 1.7399 0.1746, -1.9124 1.7401 0.1746, -1.9124 1.7439 0.1724, -1.9124 1.744 0.1723, -1.9124 1.7473 0.1692, -1.9124 1.7473 0.1691, -1.9124 1.7498 0.1654, -1.9124 1.7499 0.1653, -1.9124 1.7514 0.1611, -1.9124 1.7514 0.161, -1.9124 1.7514 0.0397, -1.9124 1.7399 0.0262, -1.9124 1.7401 0.0262, -1.9124 1.7439 0.0284, -1.9124 1.744 0.0285, -1.9124 1.7473 0.0316, -1.9124 1.7473 0.0316, -1.9124 1.7498 0.0354, -1.9124 1.7499 0.0355, -1.9124 1.7514 0.0397, -1.9113 1.7358 0.0251, -1.91 1.736 0.0253, -1.9075 1.7364 0.0257, -1.9063 1.7365 0.0262, -1.9062 1.7365 0.0262, -1.9029 1.7369 0.0277, -1.9018 1.7369 0.0285, -1.9011 1.7369 0.0291, -1.8989 1.737 0.0308, -1.8982 1.737 0.0316, -1.8958 1.7369 0.0348, -1.8938 1.7364 0.0394, -1.8937 1.7364 0.0397, -1.8943 1.7401 0.1565, -1.8965 1.7439 0.1565, -1.897 1.7436 0.1611, -1.8966 1.744 0.1565, -1.8997 1.7473 0.1565, -1.9 1.7469 0.1611, -1.8997 1.7473 0.1565, -1.9035 1.7498 0.1565, -1.9038 1.7494 0.1611, -1.8943 1.7399 0.1565, -1.8948 1.7397 0.1611, -1.8986 1.7381 0.1692, -1.8962 1.7391 0.1654, -1.903 1.7392 0.1724, -1.9062 1.7368 0.1746, -1.9106 1.7397 0.1746, -1.9097 1.7436 0.1724, -1.9089 1.7469 0.1692, -1.9083 1.7494 0.1654, -1.908 1.7509 0.1611, -1.9079 1.7514 0.1565, -1.9078 1.7514 0.1565, -1.9036 1.7499 0.1565, -1.9045 1.7479 0.1654, -1.9056 1.7457 0.1692, -1.9071 1.7427 0.1724, -1.9089 1.7391 0.1746, -1.901 1.7457 0.1654, -1.9027 1.7437 0.1692, -1.9049 1.7412 0.1724, -1.9074 1.7381 0.1746, -1.8982 1.7427 0.1654, -1.9003 1.7412 0.1692, -1.8943 1.7401 0.0443, -1.8943 1.7399 0.0443, -1.8948 1.7397 0.0397, -1.8966 1.744 0.0443, -1.8965 1.7439 0.0443, -1.897 1.7436 0.0397, -1.8997 1.7473 0.0443, -1.8997 1.7473 0.0443, -1.9 1.7469 0.0397, -1.9036 1.7499 0.0443, -1.9035 1.7498 0.0443, -1.9038 1.7494 0.0397, -1.9106 1.7397 0.0262, -1.903 1.7392 0.0284, -1.9062 1.7368 0.0262, -1.9003 1.7412 0.0316, -1.8986 1.7381 0.0316, -1.8962 1.7391 0.0354, -1.9078 1.7514 0.0443, -1.908 1.7509 0.0397, -1.9079 1.7514 0.0443, -1.9083 1.7494 0.0354, -1.9089 1.7469 0.0316, -1.8982 1.7427 0.0354, -1.9097 1.7436 0.0284, -1.9045 1.7479 0.0354, -1.9056 1.7457 0.0316, -1.9071 1.7427 0.0284, -1.9089 1.7391 0.0262, -1.901 1.7457 0.0354, -1.9027 1.7437 0.0316, -1.9049 1.7412 0.0284, -1.9074 1.7381 0.0262, -2.0682 -0.5138 0.0146, -2.0682 -0.4656 0.0209, -2.0663 -0.5138 0.0098, -2.0663 -0.4644 0.0163, -2.0631 -0.5138 0.0058, -2.0631 -0.4633 0.0124, -2.0591 -0.5138 0.0026, -2.0591 -0.4625 0.0094, -2.0543 -0.5138 0.0007, -2.0543 -0.462 0.0075, -2.0682 -0.4207 0.0395, -2.0663 -0.4183 0.0354, -2.0631 -0.4163 0.0319, -2.0591 -0.4147 0.0292, -2.0543 -0.4137 0.0275, -2.0682 -0.3821 0.0691, -2.0663 -0.3788 0.0658, -2.0631 -0.3759 0.0629, -2.0591 -0.3737 0.0607, -2.0543 -0.3723 0.0593, -2.0682 -0.3525 0.1077, -2.0663 -0.3484 0.1053, -2.0631 -0.3449 0.1033, -2.0591 -0.3422 0.1017, -2.0543 -0.3405 0.1007, -2.0682 -0.3339 0.1526, -2.0663 -0.3294 0.1514, -2.0631 -0.3254 0.1503, -2.0591 -0.3224 0.1495, -2.0543 -0.3205 0.149, -2.0682 -0.3276 0.2008, -2.0663 -0.3228 0.2008, -2.0631 -0.3188 0.2008, -2.0591 -0.3156 0.2008, -2.0543 -0.3137 0.2008, -2.0682 -1.6342 0.0146, -2.0682 -1.6343 0.0144, -2.0662 -1.6345 0.0098, -2.0662 -1.6345 0.0098, -2.0631 -1.6346 0.0058, -2.0591 -1.6345 0.0027, -2.0591 -1.6345 0.0026, -2.0545 -1.6343 0.0007, -2.0543 -1.6342 0.0007, -2.0543 -0.9843 0.2001, -2.0543 -1.6342 0.2001, -2.0545 -1.6343 0.2001, -2.0591 -0.9843 0.1981, -2.0591 -1.6345 0.1981, -2.0591 -1.6345 0.1981, -2.0631 -0.9843 0.195, -2.0631 -1.6346 0.195, -2.0662 -1.6345 0.191, -2.0663 -0.9843 0.1909, -2.0662 -1.6345 0.1909, -2.0682 -1.6343 0.1864, -2.0682 -0.9843 0.1862, -2.0682 -1.6342 0.1862, -1.8827 -0.5138 0.0007, -1.8827 -0.462 0.0075, -1.878 -0.5138 0.0026, -1.878 -0.4625 0.0094, -1.8739 -0.5138 0.0058, -1.8739 -0.4633 0.0124, -1.8707 -0.5138 0.0098, -1.8707 -0.4644 0.0163, -1.8688 -0.5138 0.0146, -1.8688 -0.4656 0.0209, -1.8827 -0.4137 0.0275, -1.878 -0.4147 0.0292, -1.8739 -0.4163 0.0319, -1.8707 -0.4183 0.0354, -1.8688 -0.4207 0.0395, -1.8827 -0.3723 0.0593, -1.878 -0.3737 0.0607, -1.8739 -0.3759 0.0629, -1.8707 -0.3788 0.0658, -1.8688 -0.3821 0.0691, -1.8827 -0.3405 0.1007, -1.878 -0.3422 0.1017, -1.8739 -0.3449 0.1033, -1.8707 -0.3484 0.1053, -1.8688 -0.3525 0.1077, -1.8827 -0.3205 0.149, -1.878 -0.3224 0.1495, -1.8739 -0.3254 0.1503, -1.8707 -0.3294 0.1514, -1.8688 -0.3339 0.1526, -1.8827 -0.3137 0.2008, -1.878 -0.3156 0.2008, -1.8739 -0.3188 0.2008, -1.8707 -0.3228 0.2008, -1.8688 -0.3276 0.2008, -2.0257 -1.7752 0.0251, -2.027 -1.7754 0.0253, -2.0295 -1.7758 0.0257, -2.0307 -1.7759 0.0262, -2.0308 -1.7759 0.0262, -2.0341 -1.7763 0.0277, -2.0352 -1.7763 0.0285, -2.0359 -1.7763 0.0291, -2.0381 -1.7764 0.0308, -2.0388 -1.7764 0.0316, -2.0412 -1.7763 0.0348, -2.0432 -1.7758 0.0394, -2.0433 -1.7758 0.0397, -2.0292 -1.7908 0.1565, -2.0427 -1.7793 0.1565, -2.0427 -1.7793 0.0443, -2.0427 -1.7795 0.1565, -2.0427 -1.7795 0.0443, -2.0405 -1.7833 0.1565, -2.0405 -1.7833 0.0443, -2.0404 -1.7834 0.1565, -2.0404 -1.7834 0.0443, -2.0373 -1.7867 0.1565, -2.0373 -1.7867 0.0443, -2.0373 -1.7867 0.1565, -2.0373 -1.7867 0.0443, -2.0335 -1.7892 0.1565, -2.0335 -1.7892 0.0443, -2.0334 -1.7893 0.1565, -2.0334 -1.7893 0.0443, -2.0292 -1.7908 0.1565, -2.0292 -1.7908 0.0443, -2.0292 -1.7908 0.0443, -2.0433 -1.7758 0.1611, -2.0432 -1.7758 0.1614, -2.0412 -1.7763 0.166, -2.0388 -1.7764 0.1692, -2.0381 -1.7764 0.17, -2.0359 -1.7763 0.1717, -2.0352 -1.7763 0.1723, -2.0341 -1.7763 0.1731, -2.0308 -1.7759 0.1746, -2.0307 -1.7759 0.1746, -2.0295 -1.7758 0.1751, -2.0257 -1.7752 0.1757, -2.027 -1.7754 0.1755, -1.8827 -1.6342 0.0007, -1.8825 -1.6343 0.0007, -1.878 -1.6345 0.0026, -1.8779 -1.6345 0.0027, -1.8739 -1.6346 0.0058, -1.8708 -1.6345 0.0098, -1.8708 -1.6345 0.0098, -1.8688 -1.6343 0.0144, -1.8688 -1.6342 0.0146, -2.0422 -1.7791 0.0397, -2.04 -1.783 0.0397, -2.037 -1.7863 0.0397, -2.0333 -1.7888 0.0397, -2.0264 -1.7791 0.0262, -2.034 -1.7786 0.0284, -2.0308 -1.7762 0.0262, -2.0367 -1.7806 0.0316, -2.0385 -1.7775 0.0316, -2.0408 -1.7785 0.0354, -2.0291 -1.7903 0.0397, -2.0246 -1.7908 0.0397, -2.0287 -1.7888 0.0354, -2.0246 -1.7893 0.0355, -2.0246 -1.7908 0.0397, -2.0281 -1.7863 0.0316, -2.0246 -1.7867 0.0316, -2.0246 -1.7892 0.0354, -2.0388 -1.7821 0.0354, -2.0273 -1.783 0.0284, -2.0246 -1.7834 0.0285, -2.0246 -1.7867 0.0316, -2.0246 -1.7793 0.0262, -2.0246 -1.7795 0.0262, -2.0246 -1.7833 0.0284, -2.0325 -1.7873 0.0354, -2.0314 -1.7851 0.0316, -2.0299 -1.7821 0.0284, -2.0281 -1.7785 0.0262, -2.036 -1.7851 0.0354, -2.0343 -1.7831 0.0316, -2.0321 -1.7806 0.0284, -2.0296 -1.7775 0.0262, -2.04 -1.783 0.1611, -2.037 -1.7863 0.1611, -2.0333 -1.7888 0.1611, -2.0422 -1.7791 0.1611, -2.0385 -1.7775 0.1692, -2.0408 -1.7785 0.1654, -2.034 -1.7786 0.1724, -2.0308 -1.7762 0.1746, -2.0246 -1.7793 0.1746, -2.0264 -1.7791 0.1746, -2.0246 -1.7795 0.1746, -2.0273 -1.783 0.1724, -2.0281 -1.7863 0.1692, -2.0246 -1.7834 0.1723, -2.0246 -1.7833 0.1724, -2.0287 -1.7888 0.1654, -2.0246 -1.7867 0.1691, -2.0246 -1.7867 0.1692, -2.0246 -1.7908 0.161, -2.0246 -1.7908 0.1611, -2.0291 -1.7903 0.1611, -2.0246 -1.7893 0.1653, -2.0246 -1.7892 0.1654, -2.0325 -1.7873 0.1654, -2.0314 -1.7851 0.1692, -2.0299 -1.7821 0.1724, -2.0281 -1.7785 0.1746, -2.036 -1.7851 0.1654, -2.0343 -1.7831 0.1692, -2.0321 -1.7806 0.1724, -2.0296 -1.7775 0.1746, -2.0388 -1.7821 0.1654, -2.0367 -1.7806 0.1692, -1.8688 -0.9843 0.1862, -1.8688 -1.6342 0.1862, -1.8688 -1.6343 0.1864, -1.8707 -0.9843 0.1909, -1.8708 -1.6345 0.1909, -1.8708 -1.6345 0.191, -1.8739 -0.9843 0.195, -1.8739 -1.6346 0.195, -1.8779 -1.6345 0.1981, -1.878 -0.9843 0.1981, -1.878 -1.6345 0.1981, -1.8825 -1.6343 0.2001, -1.8827 -0.9843 0.2001, -1.8827 -1.6342 0.2001, -1.8937 -1.7758 0.0397, -1.8938 -1.7758 0.0394, -1.8958 -1.7763 0.0348, -1.8982 -1.7764 0.0316, -1.8989 -1.7764 0.0308, -1.9011 -1.7763 0.0291, -1.9018 -1.7763 0.0285, -1.9029 -1.7763 0.0277, -1.9062 -1.7759 0.0262, -1.9063 -1.7759 0.0262, -1.9075 -1.7758 0.0257, -1.9113 -1.7752 0.0251, -1.91 -1.7754 0.0253, -1.9124 -1.7793 0.0262, -1.9124 -1.7795 0.0262, -1.9124 -1.7833 0.0284, -1.9124 -1.7834 0.0285, -1.9124 -1.7867 0.0316, -1.9124 -1.7867 0.0316, -1.9124 -1.7892 0.0354, -1.9124 -1.7893 0.0355, -1.9124 -1.7908 0.0397, -1.9124 -1.7908 0.0397, -1.9124 -1.7908 0.161, -1.9124 -1.7793 0.1746, -1.9124 -1.7795 0.1746, -1.9124 -1.7833 0.1724, -1.9124 -1.7834 0.1723, -1.9124 -1.7867 0.1692, -1.9124 -1.7867 0.1691, -1.9124 -1.7892 0.1654, -1.9124 -1.7893 0.1653, -1.9124 -1.7908 0.1611, -1.9113 -1.7752 0.1757, -1.91 -1.7754 0.1755, -1.9075 -1.7758 0.1751, -1.9063 -1.7759 0.1746, -1.9062 -1.7759 0.1746, -1.9029 -1.7763 0.1731, -1.9018 -1.7763 0.1723, -1.9011 -1.7763 0.1717, -1.8989 -1.7764 0.17, -1.8982 -1.7764 0.1692, -1.8958 -1.7763 0.166, -1.8938 -1.7758 0.1614, -1.8937 -1.7758 0.1611, -1.8948 -1.7791 0.0397, -1.8986 -1.7775 0.0316, -1.903 -1.7786 0.0284, -1.9062 -1.7762 0.0262, -1.9074 -1.7775 0.0262, -1.9089 -1.7785 0.0262, -1.9106 -1.7791 0.0262, -1.8943 -1.7793 0.0443, -1.8943 -1.7795 0.0443, -1.897 -1.783 0.0397, -1.8965 -1.7833 0.0443, -1.8966 -1.7834 0.0443, -1.9 -1.7863 0.0397, -1.8997 -1.7867 0.0443, -1.8997 -1.7867 0.0443, -1.9038 -1.7888 0.0397, -1.9035 -1.7892 0.0443, -1.9036 -1.7893 0.0443, -1.908 -1.7903 0.0397, -1.9079 -1.7908 0.0443, -1.9078 -1.7908 0.0443, -1.8962 -1.7785 0.0354, -1.8982 -1.7821 0.0354, -1.901 -1.7851 0.0354, -1.9045 -1.7873 0.0354, -1.9083 -1.7888 0.0354, -1.9089 -1.7863 0.0316, -1.9056 -1.7851 0.0316, -1.9027 -1.7831 0.0316, -1.9003 -1.7806 0.0316, -1.9049 -1.7806 0.0284, -1.9071 -1.7821 0.0284, -1.9097 -1.783 0.0284, -1.9079 -1.7908 0.1565, -1.9078 -1.7908 0.1565, -1.908 -1.7903 0.1611, -1.9036 -1.7893 0.1565, -1.9035 -1.7892 0.1565, -1.9038 -1.7888 0.1611, -1.8997 -1.7867 0.1565, -1.8997 -1.7867 0.1565, -1.9 -1.7863 0.1611, -1.8966 -1.7834 0.1565, -1.8965 -1.7833 0.1565, -1.897 -1.783 0.1611, -1.8943 -1.7795 0.1565, -1.8943 -1.7793 0.1565, -1.8948 -1.7791 0.1611, -1.9106 -1.7791 0.1746, -1.903 -1.7786 0.1724, -1.9062 -1.7762 0.1746, -1.9003 -1.7806 0.1692, -1.8986 -1.7775 0.1692, -1.8962 -1.7785 0.1654, -1.9097 -1.783 0.1724, -1.9089 -1.7863 0.1692, -1.9083 -1.7888 0.1654, -1.8982 -1.7821 0.1654, -1.901 -1.7851 0.1654, -1.9027 -1.7831 0.1692, -1.9049 -1.7806 0.1724, -1.9074 -1.7775 0.1746, -1.9045 -1.7873 0.1654, -1.9056 -1.7851 0.1692, -1.9071 -1.7821 0.1724, -1.9089 -1.7785 0.1746, -2.0682 -0.4992 2.2051, -2.0682 -0.4992 0.8661, -2.0682 -0.4994 2.2051, -2.0663 -0.504 0.8661, -2.0662 -0.5039 2.2053, -2.0662 -0.504 2.2053, -2.0631 -0.508 0.8661, -2.0631 -0.508 2.2054, -2.0591 -0.5111 2.2053, -2.0591 -0.5112 0.8661, -2.0591 -0.5111 2.2053, -2.0545 -0.5131 2.2051, -2.0543 -0.5131 0.8661, -2.0543 -0.5131 2.2051, -2.0543 -0.3137 2.2051, -2.0543 -0.3137 0.8661, -2.0545 -0.3137 2.2051, -2.0591 -0.3156 0.8661, -2.0591 -0.3157 2.2053, -2.0591 -0.3157 2.2053, -2.0631 -0.3188 0.8661, -2.0631 -0.3188 2.2054, -2.0662 -0.3228 2.2053, -2.0663 -0.3228 0.8661, -2.0662 -0.3229 2.2053, -2.0682 -0.3274 2.2051, -2.0682 -0.3276 0.8661, -2.0682 -0.3276 2.2051, -2.0289 -0.4882 2.3466, -2.0295 -0.4881 2.3467, -2.0329 -0.4867 2.347, -2.0341 -0.4861 2.3471, -2.0381 -0.483 2.3473, -2.0394 -0.4813 2.3472, -2.0412 -0.479 2.3471, -2.0432 -0.4744 2.3467, -2.0433 -0.4738 2.3466, -2.0292 -0.3573 2.3617, -2.0427 -0.3573 2.3502, -2.0427 -0.4695 2.3502, -2.0427 -0.3573 2.3503, -2.0427 -0.4695 2.3503, -2.0405 -0.3573 2.3542, -2.0405 -0.4695 2.3542, -2.0404 -0.3573 2.3543, -2.0404 -0.4695 2.3543, -2.0373 -0.3573 2.3575, -2.0373 -0.4695 2.3575, -2.0373 -0.3573 2.3576, -2.0373 -0.4695 2.3576, -2.0335 -0.3573 2.3601, -2.0335 -0.4695 2.3601, -2.0334 -0.3573 2.3601, -2.0334 -0.4695 2.3601, -2.0292 -0.3573 2.3617, -2.0292 -0.4695 2.3617, -2.0292 -0.4695 2.3617, -2.0432 -0.3524 2.3467, -2.0432 -0.3523 2.3467, -2.0412 -0.3478 2.3471, -2.0412 -0.3477 2.3471, -2.0381 -0.3438 2.3473, -2.0342 -0.3407 2.3471, -2.0341 -0.3407 2.3471, -2.0296 -0.3387 2.3467, -2.0295 -0.3387 2.3467, -1.8834 -0.5132 2.205, -1.8834 -0.5133 0.8661, -1.8825 -0.5131 2.2051, -1.8793 -0.5118 0.8661, -1.8793 -0.5117 2.2053, -1.8779 -0.5111 2.2053, -1.8755 -0.5095 0.8661, -1.8756 -0.5094 2.2054, -1.8739 -0.508 2.2054, -1.8724 -0.5064 0.8661, -1.8725 -0.5063 2.2054, -1.8708 -0.504 2.2053, -1.8701 -0.5027 0.8661, -1.8702 -0.5026 2.2053, -1.8688 -0.4994 2.2051, -1.8686 -0.4985 0.8661, -1.8687 -0.4985 2.205, -2.0246 -0.4876 2.3503, -2.0246 -0.4854 2.3542, -2.0281 -0.485 2.3542, -2.0246 -0.4853 2.3543, -2.0246 -0.4822 2.3575, -2.0274 -0.4819 2.3575, -2.0266 -0.4782 2.3601, -2.0256 -0.474 2.3617, -2.0266 -0.4736 2.3617, -2.0287 -0.4715 2.3617, -2.0282 -0.4724 2.3617, -2.0291 -0.4705 2.3617, -2.0246 -0.474 2.3617, -2.0286 -0.4872 2.3502, -2.0325 -0.4858 2.3502, -2.0359 -0.4837 2.3502, -2.0388 -0.4808 2.3502, -2.0409 -0.4774 2.3502, -2.0423 -0.4735 2.3502, -2.0246 -0.4822 2.3576, -2.0246 -0.4784 2.3601, -2.0246 -0.4783 2.3601, -2.0246 -0.4741 2.3617, -2.0302 -0.4765 2.3601, -2.0316 -0.475 2.3601, -2.0326 -0.4734 2.3601, -2.0333 -0.4715 2.3601, -2.0285 -0.4775 2.3601, -2.0275 -0.4731 2.3617, -2.0301 -0.481 2.3575, -2.0325 -0.4795 2.3575, -2.0346 -0.4774 2.3575, -2.0361 -0.475 2.3575, -2.037 -0.4723 2.3575, -2.0315 -0.4838 2.3542, -2.0345 -0.4819 2.3542, -2.037 -0.4794 2.3542, -2.0389 -0.4764 2.3542, -2.0401 -0.473 2.3542, -2.0246 -0.4876 2.3502, -2.0369 -0.354 2.3575, -2.0332 -0.355 2.3601, -2.029 -0.3561 2.3617, -2.0286 -0.355 2.3617, -2.0269 -0.3533 2.3617, -2.0278 -0.3541 2.3617, -2.0258 -0.3529 2.3617, -2.0421 -0.3526 2.3502, -2.0403 -0.3482 2.3502, -2.0374 -0.3445 2.3502, -2.0337 -0.3416 2.3502, -2.0293 -0.3398 2.3502, -2.0246 -0.3392 2.3502, -2.0246 -0.3528 2.3617, -2.0323 -0.3529 2.3601, -2.0309 -0.351 2.3601, -2.0291 -0.3496 2.3601, -2.0269 -0.3487 2.3601, -2.0246 -0.3527 2.3617, -2.0246 -0.3485 2.3601, -2.0246 -0.3484 2.3601, -2.0246 -0.3446 2.3576, -2.0356 -0.3509 2.3575, -2.0336 -0.3483 2.3575, -2.031 -0.3463 2.3575, -2.0279 -0.345 2.3575, -2.0399 -0.3532 2.3542, -2.0383 -0.3494 2.3542, -2.0358 -0.3461 2.3542, -2.0325 -0.3436 2.3542, -2.0287 -0.342 2.3542, -2.0246 -0.3446 2.3575, -2.0246 -0.3415 2.3543, -2.0246 -0.3414 2.3542, -2.0246 -0.3392 2.3503, -1.8688 -0.3276 2.2051, -1.8688 -0.3276 0.8661, -1.8688 -0.3274 2.2051, -1.8707 -0.3228 0.8661, -1.8708 -0.3229 2.2053, -1.8708 -0.3228 2.2053, -1.8739 -0.3188 0.8661, -1.8739 -0.3188 2.2054, -1.8779 -0.3157 2.2053, -1.878 -0.3156 0.8661, -1.878 -0.3157 2.2053, -1.8825 -0.3137 2.2051, -1.8827 -0.3137 0.8661, -1.8827 -0.3137 2.2051, -1.8937 -0.4738 2.3466, -1.8938 -0.4744 2.3467, -1.8952 -0.4778 2.347, -1.8958 -0.479 2.3471, -1.8989 -0.483 2.3473, -1.9075 -0.4881 2.3467, -1.9029 -0.4861 2.3471, -1.9006 -0.4843 2.3472, -1.9081 -0.4882 2.3466, -1.9124 -0.4876 2.3502, -1.9124 -0.4876 2.3503, -1.9124 -0.4854 2.3542, -1.9124 -0.4853 2.3543, -1.9124 -0.4822 2.3575, -1.9124 -0.4822 2.3576, -1.9124 -0.4784 2.3601, -1.9124 -0.4783 2.3601, -1.9124 -0.4741 2.3617, -1.9124 -0.474 2.3617, -1.9124 -0.3528 2.3617, -1.9124 -0.3392 2.3502, -1.9124 -0.3392 2.3503, -1.9124 -0.3414 2.3542, -1.9124 -0.3415 2.3543, -1.9124 -0.3446 2.3575, -1.9124 -0.3446 2.3576, -1.9124 -0.3484 2.3601, -1.9124 -0.3485 2.3601, -1.9124 -0.3527 2.3617, -1.9075 -0.3387 2.3467, -1.9074 -0.3387 2.3467, -1.9029 -0.3407 2.3471, -1.9028 -0.3407 2.3471, -1.8989 -0.3438 2.3473, -1.8958 -0.3477 2.3471, -1.8958 -0.3478 2.3471, -1.8938 -0.3523 2.3467, -1.8938 -0.3524 2.3467, -1.8943 -0.4695 2.3503, -1.8965 -0.4695 2.3542, -1.8969 -0.473 2.3542, -1.8966 -0.4695 2.3543, -1.8997 -0.4695 2.3575, -1.9 -0.4723 2.3575, -1.9037 -0.4715 2.3601, -1.9079 -0.4705 2.3617, -1.9083 -0.4715 2.3617, -1.9104 -0.4736 2.3617, -1.9095 -0.4731 2.3617, -1.9114 -0.474 2.3617, -1.9079 -0.4695 2.3617, -1.8947 -0.4735 2.3502, -1.8961 -0.4774 2.3502, -1.8982 -0.4808 2.3502, -1.9011 -0.4837 2.3502, -1.9045 -0.4858 2.3502, -1.9084 -0.4872 2.3502, -1.8997 -0.4695 2.3576, -1.9035 -0.4695 2.3601, -1.9036 -0.4695 2.3601, -1.9078 -0.4695 2.3617, -1.9055 -0.475 2.3601, -1.9069 -0.4765 2.3601, -1.9085 -0.4775 2.3601, -1.9104 -0.4782 2.3601, -1.9044 -0.4734 2.3601, -1.9088 -0.4724 2.3617, -1.9009 -0.475 2.3575, -1.9025 -0.4774 2.3575, -1.9045 -0.4795 2.3575, -1.9069 -0.481 2.3575, -1.9096 -0.4819 2.3575, -1.8981 -0.4764 2.3542, -1.9 -0.4794 2.3542, -1.9025 -0.4819 2.3542, -1.9055 -0.4838 2.3542, -1.9089 -0.485 2.3542, -1.8943 -0.4695 2.3502, -1.9091 -0.345 2.3575, -1.9101 -0.3487 2.3601, -1.9112 -0.3529 2.3617, -1.9101 -0.3533 2.3617, -1.9084 -0.355 2.3617, -1.9092 -0.3541 2.3617, -1.908 -0.3561 2.3617, -1.9077 -0.3398 2.3502, -1.9033 -0.3416 2.3502, -1.8996 -0.3445 2.3502, -1.8967 -0.3482 2.3502, -1.8949 -0.3526 2.3502, -1.8943 -0.3573 2.3502, -1.9079 -0.3573 2.3617, -1.908 -0.3496 2.3601, -1.9061 -0.351 2.3601, -1.9047 -0.3529 2.3601, -1.9038 -0.355 2.3601, -1.9078 -0.3573 2.3617, -1.9036 -0.3573 2.3601, -1.9035 -0.3573 2.3601, -1.8997 -0.3573 2.3576, -1.906 -0.3463 2.3575, -1.9034 -0.3483 2.3575, -1.9014 -0.3509 2.3575, -1.9001 -0.354 2.3575, -1.9083 -0.342 2.3542, -1.9045 -0.3436 2.3542, -1.9012 -0.3461 2.3542, -1.8987 -0.3494 2.3542, -1.8971 -0.3532 2.3542, -1.8997 -0.3573 2.3575, -1.8966 -0.3573 2.3543, -1.8965 -0.3573 2.3542, -1.8943 -0.3573 2.3503, -2.0682 0.2882 2.2051, -2.0682 0.2882 0.8661, -2.0682 0.288 2.2051, -2.0663 0.2834 0.8661, -2.0662 0.2835 2.2053, -2.0662 0.2834 2.2053, -2.0631 0.2794 0.8661, -2.0631 0.2794 2.2054, -2.0591 0.2763 2.2053, -2.0591 0.2762 0.8661, -2.0591 0.2763 2.2053, -2.0545 0.2743 2.2051, -2.0543 0.2743 0.8661, -2.0543 0.2743 2.2051, -2.0543 0.4737 2.2051, -2.0543 0.4737 0.8661, -2.0545 0.4737 2.2051, -2.0591 0.4718 0.8661, -2.0591 0.4717 2.2053, -2.0591 0.4717 2.2053, -2.0631 0.4686 0.8661, -2.0631 0.4686 2.2054, -2.0662 0.4646 2.2053, -2.0663 0.4646 0.8661, -2.0662 0.4645 2.2053, -2.0682 0.46 2.2051, -2.0682 0.4598 0.8661, -2.0682 0.4598 2.2051, -2.0295 0.2993 2.3467, -2.0296 0.2993 2.3467, -2.0341 0.3013 2.3471, -2.0342 0.3013 2.3471, -2.0381 0.3044 2.3473, -2.0412 0.3083 2.3471, -2.0412 0.3084 2.3471, -2.0432 0.3129 2.3467, -2.0432 0.313 2.3467, -2.0292 0.4301 2.3617, -2.0427 0.4301 2.3502, -2.0427 0.3179 2.3502, -2.0427 0.4301 2.3503, -2.0427 0.3179 2.3503, -2.0405 0.4301 2.3542, -2.0405 0.3179 2.3542, -2.0404 0.4301 2.3543, -2.0404 0.3179 2.3543, -2.0373 0.4301 2.3575, -2.0373 0.3179 2.3575, -2.0373 0.4301 2.3576, -2.0373 0.3179 2.3576, -2.0335 0.4301 2.3601, -2.0335 0.3179 2.3601, -2.0334 0.4301 2.3601, -2.0334 0.3179 2.3601, -2.0292 0.4301 2.3617, -2.0292 0.3179 2.3617, -2.0292 0.3179 2.3617, -2.0433 0.4344 2.3466, -2.0432 0.435 2.3467, -2.0418 0.4384 2.347, -2.0412 0.4396 2.3471, -2.0381 0.4436 2.3473, -2.0364 0.4449 2.3472, -2.0341 0.4467 2.3471, -2.0295 0.4487 2.3467, -2.0289 0.4488 2.3466, -1.8827 0.2743 2.2051, -1.8827 0.2743 0.8661, -1.8825 0.2743 2.2051, -1.878 0.2762 0.8661, -1.878 0.2763 2.2053, -1.8779 0.2763 2.2053, -1.8739 0.2794 0.8661, -1.8739 0.2794 2.2054, -1.8708 0.2834 2.2053, -1.8707 0.2834 0.8661, -1.8708 0.2835 2.2053, -1.8688 0.288 2.2051, -1.8688 0.2882 0.8661, -1.8688 0.2882 2.2051, -2.0246 0.3021 2.3543, -2.0246 0.3052 2.3575, -2.0279 0.3056 2.3575, -2.0269 0.3093 2.3601, -2.0258 0.3135 2.3617, -2.0269 0.3139 2.3617, -2.0286 0.3156 2.3617, -2.0278 0.3147 2.3617, -2.029 0.3167 2.3617, -2.0246 0.3134 2.3617, -2.0293 0.3004 2.3502, -2.0337 0.3022 2.3502, -2.0374 0.3051 2.3502, -2.0403 0.3088 2.3502, -2.0421 0.3132 2.3502, -2.0246 0.3052 2.3576, -2.0246 0.309 2.3601, -2.0246 0.3091 2.3601, -2.0246 0.3133 2.3617, -2.0291 0.3102 2.3601, -2.0309 0.3116 2.3601, -2.0323 0.3135 2.3601, -2.0332 0.3156 2.3601, -2.031 0.3069 2.3575, -2.0336 0.3089 2.3575, -2.0356 0.3115 2.3575, -2.0369 0.3146 2.3575, -2.0246 0.2998 2.3503, -2.0246 0.302 2.3542, -2.0287 0.3026 2.3542, -2.0325 0.3042 2.3542, -2.0358 0.3067 2.3542, -2.0383 0.31 2.3542, -2.0399 0.3138 2.3542, -2.0246 0.2998 2.3502, -2.0401 0.4336 2.3542, -2.037 0.4329 2.3575, -2.0333 0.4321 2.3601, -2.0291 0.4311 2.3617, -2.0287 0.4321 2.3617, -2.0266 0.4342 2.3617, -2.0275 0.4337 2.3617, -2.0256 0.4346 2.3617, -2.0423 0.4341 2.3502, -2.0409 0.438 2.3502, -2.0388 0.4414 2.3502, -2.0359 0.4443 2.3502, -2.0325 0.4464 2.3502, -2.0286 0.4478 2.3502, -2.0246 0.4482 2.3502, -2.0246 0.4346 2.3617, -2.0316 0.4356 2.3601, -2.0302 0.4371 2.3601, -2.0285 0.4381 2.3601, -2.0266 0.4388 2.3601, -2.0326 0.434 2.3601, -2.0282 0.433 2.3617, -2.0246 0.4347 2.3617, -2.0246 0.4389 2.3601, -2.0246 0.439 2.3601, -2.0246 0.4428 2.3576, -2.0361 0.4356 2.3575, -2.0346 0.438 2.3575, -2.0325 0.4401 2.3575, -2.0301 0.4416 2.3575, -2.0274 0.4425 2.3575, -2.0389 0.437 2.3542, -2.037 0.44 2.3542, -2.0345 0.4425 2.3542, -2.0315 0.4444 2.3542, -2.0281 0.4456 2.3542, -2.0246 0.4428 2.3575, -2.0246 0.4459 2.3543, -2.0246 0.446 2.3542, -2.0246 0.4482 2.3503, -1.8688 0.4598 2.2051, -1.8688 0.4598 0.8661, -1.8688 0.46 2.2051, -1.8707 0.4646 0.8661, -1.8708 0.4645 2.2053, -1.8708 0.4646 2.2053, -1.8739 0.4686 0.8661, -1.8739 0.4686 2.2054, -1.8779 0.4717 2.2053, -1.878 0.4718 0.8661, -1.878 0.4717 2.2053, -1.8825 0.4737 2.2051, -1.8827 0.4737 0.8661, -1.8827 0.4737 2.2051, -1.8938 0.313 2.3467, -1.8938 0.3129 2.3467, -1.8958 0.3084 2.3471, -1.8958 0.3083 2.3471, -1.8989 0.3044 2.3473, -1.9028 0.3013 2.3471, -1.9029 0.3013 2.3471, -1.9074 0.2993 2.3467, -1.9075 0.2993 2.3467, -1.9124 0.2998 2.3502, -1.9124 0.2998 2.3503, -1.9124 0.302 2.3542, -1.9124 0.3021 2.3543, -1.9124 0.3052 2.3575, -1.9124 0.3052 2.3576, -1.9124 0.309 2.3601, -1.9124 0.3091 2.3601, -1.9124 0.3133 2.3617, -1.9124 0.3134 2.3617, -1.9124 0.4346 2.3617, -1.9124 0.4482 2.3502, -1.9124 0.4482 2.3503, -1.9124 0.446 2.3542, -1.9124 0.4459 2.3543, -1.9124 0.4428 2.3575, -1.9124 0.4428 2.3576, -1.9124 0.439 2.3601, -1.9124 0.4389 2.3601, -1.9124 0.4347 2.3617, -1.9081 0.4488 2.3466, -1.9075 0.4487 2.3467, -1.9041 0.4473 2.347, -1.9029 0.4467 2.3471, -1.8989 0.4436 2.3473, -1.8976 0.4419 2.3472, -1.8958 0.4396 2.3471, -1.8938 0.435 2.3467, -1.8937 0.4344 2.3466, -1.8966 0.3179 2.3543, -1.8997 0.3179 2.3575, -1.9001 0.3146 2.3575, -1.9038 0.3156 2.3601, -1.908 0.3167 2.3617, -1.9084 0.3156 2.3617, -1.9101 0.3139 2.3617, -1.9092 0.3147 2.3617, -1.9112 0.3135 2.3617, -1.9079 0.3179 2.3617, -1.8949 0.3132 2.3502, -1.8967 0.3088 2.3502, -1.8996 0.3051 2.3502, -1.9033 0.3022 2.3502, -1.9077 0.3004 2.3502, -1.8997 0.3179 2.3576, -1.9035 0.3179 2.3601, -1.9036 0.3179 2.3601, -1.9078 0.3179 2.3617, -1.9047 0.3135 2.3601, -1.9061 0.3116 2.3601, -1.908 0.3102 2.3601, -1.9101 0.3093 2.3601, -1.9014 0.3115 2.3575, -1.9034 0.3089 2.3575, -1.906 0.3069 2.3575, -1.9091 0.3056 2.3575, -1.8943 0.3179 2.3503, -1.8965 0.3179 2.3542, -1.8971 0.3138 2.3542, -1.8987 0.31 2.3542, -1.9012 0.3067 2.3542, -1.9045 0.3042 2.3542, -1.9083 0.3026 2.3542, -1.8943 0.3179 2.3502, -1.9089 0.4456 2.3542, -1.9096 0.4425 2.3575, -1.9104 0.4388 2.3601, -1.9114 0.4346 2.3617, -1.9104 0.4342 2.3617, -1.9083 0.4321 2.3617, -1.9088 0.433 2.3617, -1.9079 0.4311 2.3617, -1.9084 0.4478 2.3502, -1.9045 0.4464 2.3502, -1.9011 0.4443 2.3502, -1.8982 0.4414 2.3502, -1.8961 0.438 2.3502, -1.8947 0.4341 2.3502, -1.8943 0.4301 2.3502, -1.9079 0.4301 2.3617, -1.9069 0.4371 2.3601, -1.9055 0.4356 2.3601, -1.9044 0.434 2.3601, -1.9037 0.4321 2.3601, -1.9085 0.4381 2.3601, -1.9095 0.4337 2.3617, -1.9078 0.4301 2.3617, -1.9036 0.4301 2.3601, -1.9035 0.4301 2.3601, -1.8997 0.4301 2.3576, -1.9069 0.4416 2.3575, -1.9045 0.4401 2.3575, -1.9025 0.438 2.3575, -1.9009 0.4356 2.3575, -1.9 0.4329 2.3575, -1.9055 0.4444 2.3542, -1.9025 0.4425 2.3542, -1.9 0.44 2.3542, -1.8981 0.437 2.3542, -1.8969 0.4336 2.3542, -1.8997 0.4301 2.3575, -1.8966 0.4301 2.3543, -1.8965 0.4301 2.3542, -1.8943 0.4301 2.3503
            ]
        }
        coordIndex [
            0,1,2,-1,2,1,3,-1,4,5,6,-1,6,5,7,-1,8,9,10,-1,10,9,11,-1,12,13,14,-1,14,13,15,-1,14,15,16,-1,16,15,9,-1,8,17,9,-1,9,17,18,-1,9,18,16,-1,19,20,21,-1,22,23,21,-1,21,23,24,-1,21,24,19,-1,25,26,27,-1,27,26,28,-1,27,28,21,-1,21,28,29,-1,21,29,22,-1,30,31,32,-1,30,32,33,-1,33,32,34,-1,33,34,35,-1,35,34,36,-1,35,36,37,-1,37,36,38,-1,37,38,39,-1,39,38,40,-1,39,40,41,-1,41,40,2,-1,41,2,3,-1,42,43,44,-1,44,43,45,-1,46,47,48,-1,48,47,49,-1,50,51,52,-1,52,51,53,-1,54,55,56,-1,56,55,57,-1,58,59,60,-1,60,59,61,-1,62,63,64,-1,64,63,65,-1,66,67,68,-1,68,67,69,-1,70,71,72,-1,72,71,73,-1,74,75,76,-1,77,78,79,-1,79,78,80,-1,79,80,76,-1,76,80,81,-1,76,81,74,-1,75,82,76,-1,76,82,83,-1,76,83,84,-1,85,86,87,-1,88,89,90,-1,90,89,91,-1,90,91,92,-1,92,93,90,-1,90,93,94,-1,90,94,87,-1,87,94,95,-1,87,95,85,-1,71,70,96,-1,71,96,97,-1,97,96,98,-1,97,98,99,-1,99,98,100,-1,99,100,101,-1,101,100,102,-1,101,102,103,-1,103,102,104,-1,103,104,105,-1,105,104,106,-1,105,106,107,-1,108,109,110,-1,110,109,111,-1,112,113,114,-1,114,113,115,-1,116,117,118,-1,118,117,119,-1,120,121,122,-1,122,121,123,-1,124,125,126,-1,126,125,127,-1,128,129,130,-1,130,129,131,-1,132,133,134,-1,134,133,135,-1,136,137,138,-1,138,137,139,-1,140,141,142,-1,142,141,143,-1,144,145,146,-1,147,148,146,-1,146,148,149,-1,146,149,144,-1,150,151,152,-1,152,151,153,-1,152,153,146,-1,146,153,154,-1,146,154,147,-1,155,156,157,-1,157,156,158,-1,157,158,159,-1,160,161,162,-1,162,161,163,-1,162,163,164,-1,164,163,157,-1,164,157,165,-1,165,157,159,-1,166,167,168,-1,166,168,169,-1,169,168,170,-1,169,170,171,-1,171,170,172,-1,171,172,173,-1,173,172,174,-1,173,174,175,-1,175,174,176,-1,175,176,177,-1,177,176,134,-1,177,134,135,-1,178,179,180,-1,180,179,181,-1,180,181,182,-1,183,184,185,-1,185,184,186,-1,185,186,187,-1,188,189,190,-1,190,189,191,-1,192,193,194,-1,194,193,195,-1,196,197,198,-1,198,197,199,-1,200,201,202,-1,202,201,203,-1,204,205,206,-1,206,205,207,-1,208,209,210,-1,211,212,213,-1,213,212,214,-1,213,214,210,-1,210,214,215,-1,210,215,208,-1,209,216,210,-1,210,216,217,-1,210,217,218,-1,219,220,221,-1,222,223,224,-1,224,223,225,-1,224,225,226,-1,226,227,224,-1,224,227,228,-1,224,228,221,-1,221,228,229,-1,221,229,219,-1,205,204,230,-1,205,230,231,-1,231,230,232,-1,231,232,233,-1,233,232,234,-1,233,234,235,-1,235,234,236,-1,235,236,237,-1,237,236,238,-1,237,238,239,-1,239,238,240,-1,239,240,241,-1,242,243,244,-1,244,243,245,-1,246,247,248,-1,248,247,249,-1,248,249,250,-1,251,252,253,-1,253,252,254,-1,253,254,255,-1,256,257,258,-1,258,257,259,-1,260,261,262,-1,262,261,263,-1,264,265,266,-1,266,265,267,-1,268,269,270,-1,270,269,271,-1,272,273,274,-1,274,273,275,-1,276,277,278,-1,278,277,279,-1,280,281,282,-1,283,284,282,-1,282,284,285,-1,282,285,280,-1,286,287,288,-1,288,287,289,-1,288,289,282,-1,282,289,290,-1,282,290,283,-1,291,292,293,-1,293,292,294,-1,293,294,295,-1,296,297,298,-1,298,297,299,-1,298,299,300,-1,300,299,293,-1,300,293,301,-1,301,293,295,-1,302,303,304,-1,302,304,305,-1,305,304,306,-1,305,306,307,-1,307,306,308,-1,307,308,309,-1,309,308,310,-1,309,310,311,-1,311,310,312,-1,311,312,313,-1,313,312,270,-1,313,270,271,-1,314,315,316,-1,316,315,317,-1,318,319,320,-1,320,319,321,-1,322,323,324,-1,324,323,325,-1,326,327,328,-1,328,327,329,-1,330,331,332,-1,332,331,333,-1,334,335,336,-1,336,335,337,-1,338,339,340,-1,340,339,341,-1,342,343,344,-1,345,346,347,-1,347,346,348,-1,347,348,344,-1,344,348,349,-1,344,349,342,-1,343,350,344,-1,344,350,351,-1,344,351,352,-1,353,354,355,-1,356,357,358,-1,358,357,359,-1,358,359,360,-1,360,361,358,-1,358,361,362,-1,358,362,355,-1,355,362,363,-1,355,363,353,-1,339,338,364,-1,339,364,365,-1,365,364,366,-1,365,366,367,-1,367,366,368,-1,367,368,369,-1,369,368,370,-1,369,370,371,-1,371,370,372,-1,371,372,373,-1,373,372,374,-1,373,374,375,-1,376,377,378,-1,378,377,379,-1,380,381,382,-1,382,381,383,-1,384,385,386,-1,386,385,387,-1,388,389,390,-1,390,389,391,-1,392,393,394,-1,394,393,395,-1,396,397,398,-1,398,397,399,-1,400,401,402,-1,402,401,403,-1,404,405,406,-1,406,405,407,-1,408,409,410,-1,410,409,411,-1,410,411,412,-1,413,414,415,-1,415,414,416,-1,415,416,417,-1,417,416,410,-1,417,410,418,-1,418,410,412,-1,419,420,421,-1,422,423,421,-1,421,423,424,-1,421,424,419,-1,425,426,427,-1,427,426,428,-1,427,428,421,-1,421,428,429,-1,421,429,422,-1,430,431,432,-1,430,432,433,-1,433,432,434,-1,433,434,435,-1,435,434,436,-1,435,436,437,-1,437,436,438,-1,437,438,439,-1,439,438,440,-1,439,440,441,-1,441,440,402,-1,441,402,403,-1,442,443,444,-1,444,443,445,-1,446,447,448,-1,448,447,449,-1,450,451,452,-1,452,451,453,-1,454,455,456,-1,456,455,457,-1,458,459,460,-1,460,459,461,-1,462,463,464,-1,464,463,465,-1,466,467,468,-1,468,467,469,-1,470,471,472,-1,472,471,473,-1,474,475,476,-1,477,478,479,-1,479,478,480,-1,479,480,476,-1,476,480,481,-1,476,481,474,-1,475,482,476,-1,476,482,483,-1,476,483,484,-1,485,486,487,-1,488,489,490,-1,490,489,491,-1,490,491,492,-1,492,493,490,-1,490,493,494,-1,490,494,487,-1,487,494,495,-1,487,495,485,-1,471,470,496,-1,471,496,497,-1,497,496,498,-1,497,498,499,-1,499,498,500,-1,499,500,501,-1,501,500,502,-1,501,502,503,-1,503,502,504,-1,503,504,505,-1,505,504,506,-1,505,506,507,-1,508,509,510,-1,510,509,511,-1,512,513,514,-1,514,513,515,-1,516,517,518,-1,518,517,519,-1,520,521,522,-1,522,521,523,-1,524,525,526,-1,526,525,527,-1,528,529,530,-1,530,529,531,-1,532,533,534,-1,534,533,535,-1,536,537,538,-1,538,537,539,-1,540,541,542,-1,542,541,543,-1,542,543,544,-1,545,546,547,-1,547,546,548,-1,547,548,549,-1,549,548,542,-1,549,542,550,-1,550,542,544,-1,551,552,553,-1,554,555,553,-1,553,555,556,-1,553,556,551,-1,557,558,559,-1,559,558,560,-1,559,560,553,-1,553,560,561,-1,553,561,554,-1,562,563,564,-1,562,564,565,-1,565,564,566,-1,565,566,567,-1,567,566,568,-1,567,568,569,-1,569,568,570,-1,569,570,571,-1,571,570,572,-1,571,572,573,-1,573,572,534,-1,573,534,535,-1,574,575,576,-1,576,575,577,-1,578,579,580,-1,580,579,581,-1,582,583,584,-1,584,583,585,-1,586,587,588,-1,588,587,589,-1,590,591,592,-1,592,591,593,-1,594,595,596,-1,596,595,597,-1,598,599,600,-1,600,599,601,-1,602,603,604,-1,604,603,605,-1,606,607,608,-1,609,610,611,-1,611,610,612,-1,611,612,608,-1,608,612,613,-1,608,613,606,-1,607,614,608,-1,608,614,615,-1,608,615,616,-1,617,618,619,-1,620,621,622,-1,622,621,623,-1,622,623,624,-1,624,625,622,-1,622,625,626,-1,622,626,619,-1,619,626,627,-1,619,627,617,-1,603,602,628,-1,603,628,629,-1,629,628,630,-1,629,630,631,-1,631,630,632,-1,631,632,633,-1,633,632,634,-1,633,634,635,-1,635,634,636,-1,635,636,637,-1,637,636,638,-1,637,638,639,-1,640,641,642,-1,642,641,643,-1,644,645,646,-1,646,645,647,-1,648,649,650,-1,650,649,651,-1,652,653,654,-1,654,653,655,-1,656,657,658,-1,658,657,659,-1,660,661,662,-1,662,661,663,-1,664,665,25,-1,25,665,666,-1,25,666,26,-1,26,666,667,-1,45,668,669,-1,45,669,44,-1,44,669,670,-1,44,670,671,-1,672,673,0,-1,0,673,674,-1,0,674,1,-1,1,674,675,-1,12,676,677,-1,12,677,13,-1,13,677,678,-1,13,678,679,-1,85,680,681,-1,85,681,86,-1,86,681,682,-1,86,682,683,-1,684,685,73,-1,73,685,686,-1,73,686,72,-1,72,686,687,-1,108,688,689,-1,108,689,109,-1,109,689,690,-1,109,690,691,-1,77,692,693,-1,77,693,78,-1,78,693,694,-1,78,694,695,-1,124,696,697,-1,124,697,125,-1,125,697,698,-1,125,698,699,-1,115,700,701,-1,115,701,114,-1,114,701,702,-1,114,702,703,-1,704,705,116,-1,116,705,706,-1,116,706,117,-1,117,706,707,-1,123,708,709,-1,123,709,122,-1,122,709,710,-1,122,710,711,-1,58,712,713,-1,58,713,59,-1,59,713,714,-1,59,714,715,-1,53,716,717,-1,53,717,52,-1,52,717,718,-1,52,718,719,-1,49,720,721,-1,49,721,48,-1,48,721,722,-1,48,722,723,-1,54,724,725,-1,54,725,55,-1,55,725,726,-1,55,726,727,-1,728,729,150,-1,150,729,730,-1,150,730,151,-1,151,730,731,-1,143,732,733,-1,143,733,142,-1,142,733,734,-1,142,734,735,-1,736,737,132,-1,132,737,738,-1,132,738,133,-1,133,738,739,-1,740,741,160,-1,160,741,742,-1,160,742,161,-1,161,742,743,-1,219,744,745,-1,219,745,220,-1,220,745,746,-1,220,746,747,-1,748,749,207,-1,207,749,750,-1,207,750,206,-1,206,750,751,-1,242,752,753,-1,242,753,243,-1,243,753,754,-1,243,754,755,-1,756,757,211,-1,211,757,758,-1,211,758,212,-1,212,758,759,-1,260,760,761,-1,260,761,261,-1,261,761,762,-1,261,762,763,-1,247,764,765,-1,247,765,249,-1,249,765,766,-1,249,766,767,-1,768,769,252,-1,252,769,770,-1,252,770,254,-1,254,770,771,-1,772,773,259,-1,259,773,774,-1,259,774,258,-1,258,774,775,-1,192,776,777,-1,192,777,193,-1,193,777,778,-1,193,778,779,-1,184,780,781,-1,184,781,186,-1,186,781,782,-1,186,782,783,-1,179,784,785,-1,179,785,181,-1,181,785,786,-1,181,786,787,-1,788,789,188,-1,188,789,790,-1,188,790,189,-1,189,790,791,-1,792,793,286,-1,286,793,794,-1,286,794,287,-1,287,794,795,-1,279,796,797,-1,279,797,278,-1,278,797,798,-1,278,798,799,-1,268,800,801,-1,268,801,269,-1,269,801,802,-1,269,802,803,-1,804,805,296,-1,296,805,806,-1,296,806,297,-1,297,806,807,-1,808,809,353,-1,353,809,810,-1,353,810,354,-1,354,810,811,-1,812,813,341,-1,341,813,814,-1,341,814,340,-1,340,814,815,-1,376,816,817,-1,376,817,377,-1,377,817,818,-1,377,818,819,-1,820,821,345,-1,345,821,822,-1,345,822,346,-1,346,822,823,-1,392,824,825,-1,392,825,393,-1,393,825,826,-1,393,826,827,-1,383,828,829,-1,383,829,382,-1,382,829,830,-1,382,830,831,-1,832,833,384,-1,384,833,834,-1,384,834,385,-1,385,834,835,-1,836,837,391,-1,391,837,838,-1,391,838,390,-1,390,838,839,-1,326,840,841,-1,326,841,327,-1,327,841,842,-1,327,842,843,-1,321,844,845,-1,321,845,320,-1,320,845,846,-1,320,846,847,-1,317,848,849,-1,317,849,316,-1,316,849,850,-1,316,850,851,-1,852,853,322,-1,322,853,854,-1,322,854,323,-1,323,854,855,-1,856,857,425,-1,425,857,858,-1,425,858,426,-1,426,858,859,-1,445,860,861,-1,445,861,444,-1,444,861,862,-1,444,862,863,-1,400,864,865,-1,400,865,401,-1,401,865,866,-1,401,866,867,-1,868,869,413,-1,413,869,870,-1,413,870,414,-1,414,870,871,-1,485,872,873,-1,485,873,486,-1,486,873,874,-1,486,874,875,-1,473,876,877,-1,473,877,472,-1,472,877,878,-1,472,878,879,-1,508,880,881,-1,508,881,509,-1,509,881,882,-1,509,882,883,-1,884,885,477,-1,477,885,886,-1,477,886,478,-1,478,886,887,-1,888,889,524,-1,524,889,890,-1,524,890,525,-1,525,890,891,-1,515,892,893,-1,515,893,514,-1,514,893,894,-1,514,894,895,-1,516,896,897,-1,516,897,517,-1,517,897,898,-1,517,898,899,-1,900,901,523,-1,523,901,902,-1,523,902,522,-1,522,902,903,-1,458,904,905,-1,458,905,459,-1,459,905,906,-1,459,906,907,-1,453,908,909,-1,453,909,452,-1,452,909,910,-1,452,910,911,-1,449,912,913,-1,449,913,448,-1,448,913,914,-1,448,914,915,-1,916,917,454,-1,454,917,918,-1,454,918,455,-1,455,918,919,-1,920,921,557,-1,557,921,922,-1,557,922,558,-1,558,922,923,-1,577,924,925,-1,577,925,576,-1,576,925,926,-1,576,926,927,-1,532,928,929,-1,532,929,533,-1,533,929,930,-1,533,930,931,-1,932,933,545,-1,545,933,934,-1,545,934,546,-1,546,934,935,-1,936,937,617,-1,617,937,938,-1,617,938,618,-1,618,938,939,-1,940,941,605,-1,605,941,942,-1,605,942,604,-1,604,942,943,-1,640,944,945,-1,640,945,641,-1,641,945,946,-1,641,946,947,-1,948,949,609,-1,609,949,950,-1,609,950,610,-1,610,950,951,-1,952,953,656,-1,656,953,954,-1,656,954,657,-1,657,954,955,-1,647,956,957,-1,647,957,646,-1,646,957,958,-1,646,958,959,-1,960,961,648,-1,648,961,962,-1,648,962,649,-1,649,962,963,-1,964,965,655,-1,655,965,966,-1,655,966,654,-1,654,966,967,-1,590,968,969,-1,590,969,591,-1,591,969,970,-1,591,970,971,-1,585,972,973,-1,585,973,584,-1,584,973,974,-1,584,974,975,-1,581,976,977,-1,581,977,580,-1,580,977,978,-1,580,978,979,-1,980,981,586,-1,586,981,982,-1,586,982,587,-1,587,982,983,-1,84,83,984,-1,984,83,985,-1,984,985,986,-1,986,985,987,-1,986,987,988,-1,988,987,989,-1,988,989,990,-1,990,989,991,-1,990,991,992,-1,992,991,993,-1,992,993,107,-1,107,993,105,-1,83,82,985,-1,985,82,994,-1,985,994,987,-1,987,994,995,-1,987,995,989,-1,989,995,996,-1,989,996,991,-1,991,996,997,-1,991,997,993,-1,993,997,998,-1,993,998,105,-1,105,998,103,-1,82,75,994,-1,994,75,999,-1,994,999,995,-1,995,999,1000,-1,995,1000,996,-1,996,1000,1001,-1,996,1001,997,-1,997,1001,1002,-1,997,1002,998,-1,998,1002,1003,-1,998,1003,103,-1,103,1003,101,-1,75,74,999,-1,999,74,1004,-1,999,1004,1000,-1,1000,1004,1005,-1,1000,1005,1001,-1,1001,1005,1006,-1,1001,1006,1002,-1,1002,1006,1007,-1,1002,1007,1003,-1,1003,1007,1008,-1,1003,1008,101,-1,101,1008,99,-1,74,81,1004,-1,1004,81,1009,-1,1004,1009,1005,-1,1005,1009,1010,-1,1005,1010,1006,-1,1006,1010,1011,-1,1006,1011,1007,-1,1007,1011,1012,-1,1007,1012,1008,-1,1008,1012,1013,-1,1008,1013,99,-1,99,1013,97,-1,81,80,1009,-1,1009,80,1014,-1,1009,1014,1010,-1,1010,1014,1015,-1,1010,1015,1011,-1,1011,1015,1016,-1,1011,1016,1012,-1,1012,1016,1017,-1,1012,1017,1013,-1,1013,1017,1018,-1,1013,1018,97,-1,97,1018,71,-1,77,79,692,-1,692,79,1019,-1,692,1019,1020,-1,1020,1019,1021,-1,1021,1019,1022,-1,1021,1022,1023,-1,1023,1022,1024,-1,1024,1022,1025,-1,1024,1025,1026,-1,1026,1025,1027,-1,1027,1025,1028,-1,1027,1028,1029,-1,1029,1028,1030,-1,1030,1028,1031,-1,1030,1031,1032,-1,1032,1031,1033,-1,1033,1031,1034,-1,1033,1034,1035,-1,111,109,1034,-1,1034,109,691,-1,1034,691,1035,-1,684,73,71,-1,684,71,1036,-1,1036,71,1018,-1,1036,1018,1037,-1,1037,1018,1017,-1,1037,1017,1038,-1,1038,1017,1039,-1,1039,1017,1016,-1,1039,1016,1040,-1,1040,1016,1041,-1,1041,1016,1015,-1,1041,1015,1042,-1,1042,1015,1043,-1,1043,1015,1014,-1,1043,1014,1044,-1,80,78,1014,-1,1014,78,695,-1,1014,695,1044,-1,691,690,1045,-1,691,1045,1035,-1,1035,1045,1046,-1,1035,1046,1033,-1,1046,1047,1033,-1,1033,1047,1048,-1,1033,1048,1032,-1,1048,1049,1032,-1,1032,1049,1050,-1,1032,1050,1030,-1,1030,1050,1051,-1,1030,1051,1029,-1,1029,1051,1052,-1,1029,1052,1027,-1,1052,1053,1027,-1,1027,1053,1054,-1,1027,1054,1026,-1,1026,1054,1055,-1,1020,1021,1056,-1,1056,1021,1023,-1,1056,1023,1055,-1,1055,1023,1024,-1,1055,1024,1026,-1,1020,1056,692,-1,692,1056,1057,-1,692,1057,693,-1,69,67,1058,-1,694,693,1059,-1,1059,693,1060,-1,1059,1060,1061,-1,1061,1060,1062,-1,1061,1062,1063,-1,1063,1062,1064,-1,1063,1064,1065,-1,1065,1064,1066,-1,1065,1066,1067,-1,1067,1066,1068,-1,1067,1068,1069,-1,1069,1068,1070,-1,1069,1070,1071,-1,1071,1070,1072,-1,1071,1072,1073,-1,1073,1072,1074,-1,1073,1074,1075,-1,1075,1074,1076,-1,1075,1076,1058,-1,1058,1076,1077,-1,1058,1077,69,-1,695,694,1044,-1,1044,694,1078,-1,1044,1078,1043,-1,1043,1078,1079,-1,1043,1079,1042,-1,1042,1079,1041,-1,1079,1080,1041,-1,1041,1080,1081,-1,1041,1081,1040,-1,1040,1081,1082,-1,1040,1082,1039,-1,1039,1082,1083,-1,1083,1084,1039,-1,1039,1084,1085,-1,1039,1085,1038,-1,1038,1085,1086,-1,1038,1086,1037,-1,1086,1087,1037,-1,1037,1087,1088,-1,1037,1088,1036,-1,685,684,1089,-1,1089,684,1036,-1,1089,1036,1090,-1,1090,1036,1088,-1,106,104,1091,-1,1091,104,1092,-1,1091,1092,1093,-1,1093,1092,1094,-1,1093,1094,1095,-1,1095,1094,1096,-1,1095,1096,1097,-1,1097,1096,1098,-1,1097,1098,1099,-1,1099,1098,1100,-1,1099,1100,88,-1,88,1100,89,-1,104,102,1092,-1,1092,102,1101,-1,1092,1101,1094,-1,1094,1101,1102,-1,1094,1102,1096,-1,1096,1102,1103,-1,1096,1103,1098,-1,1098,1103,1104,-1,1098,1104,1100,-1,1100,1104,1105,-1,1100,1105,89,-1,89,1105,91,-1,102,100,1101,-1,1101,100,1106,-1,1101,1106,1102,-1,1102,1106,1107,-1,1102,1107,1103,-1,1103,1107,1108,-1,1103,1108,1104,-1,1104,1108,1109,-1,1104,1109,1105,-1,1105,1109,1110,-1,1105,1110,91,-1,91,1110,92,-1,100,98,1106,-1,1106,98,1111,-1,1106,1111,1107,-1,1107,1111,1112,-1,1107,1112,1108,-1,1108,1112,1113,-1,1108,1113,1109,-1,1109,1113,1114,-1,1109,1114,1110,-1,1110,1114,1115,-1,1110,1115,92,-1,92,1115,93,-1,98,96,1111,-1,1111,96,1116,-1,1111,1116,1112,-1,1112,1116,1117,-1,1112,1117,1113,-1,1113,1117,1118,-1,1113,1118,1114,-1,1114,1118,1119,-1,1114,1119,1115,-1,1115,1119,1120,-1,1115,1120,93,-1,93,1120,94,-1,96,70,1116,-1,1116,70,1121,-1,1116,1121,1117,-1,1117,1121,1122,-1,1117,1122,1118,-1,1118,1122,1123,-1,1118,1123,1119,-1,1119,1123,1124,-1,1119,1124,1120,-1,1120,1124,1125,-1,1120,1125,94,-1,94,1125,95,-1,108,110,688,-1,688,110,1126,-1,688,1126,1127,-1,1127,1126,1128,-1,1128,1126,1129,-1,1128,1129,1130,-1,1130,1129,1131,-1,1131,1129,1132,-1,1131,1132,1133,-1,1133,1132,1134,-1,1134,1132,1135,-1,1134,1135,1136,-1,1136,1135,1137,-1,1137,1135,1138,-1,1137,1138,1139,-1,87,86,1138,-1,1138,86,683,-1,1138,683,1139,-1,1077,1076,1140,-1,1074,1072,1141,-1,1070,1068,1142,-1,1066,1064,1143,-1,1062,1060,1144,-1,1145,1045,690,-1,1146,1050,1147,-1,1147,1050,1049,-1,1147,1049,1048,-1,1148,1052,1146,-1,1146,1052,1051,-1,1146,1051,1050,-1,1053,1149,1054,-1,1054,1149,1150,-1,1054,1150,1055,-1,1055,1150,1056,-1,1056,1150,1144,-1,1056,1144,1057,-1,1057,1144,1060,-1,1057,1060,693,-1,690,1151,1145,-1,1145,1151,1152,-1,1145,1152,1153,-1,1152,1154,1153,-1,1153,1154,1155,-1,1153,1155,1156,-1,1155,1157,1156,-1,1156,1157,1158,-1,1156,1158,1159,-1,1158,1160,1159,-1,1159,1160,1161,-1,1159,1161,1140,-1,1064,1062,1143,-1,1143,1062,1144,-1,1143,1144,1162,-1,1162,1144,1150,-1,1162,1150,1148,-1,1148,1150,1149,-1,1148,1149,1052,-1,1052,1149,1053,-1,1068,1066,1142,-1,1142,1066,1143,-1,1142,1143,1163,-1,1163,1143,1162,-1,1163,1162,1164,-1,1164,1162,1148,-1,1164,1148,1165,-1,1165,1148,1146,-1,1165,1146,1166,-1,1166,1146,1147,-1,1166,1147,1047,-1,1047,1147,1048,-1,1072,1070,1141,-1,1141,1070,1142,-1,1141,1142,1167,-1,1167,1142,1163,-1,1167,1163,1168,-1,1168,1163,1164,-1,1168,1164,1169,-1,1169,1164,1165,-1,1169,1165,1170,-1,1170,1165,1166,-1,1170,1166,1046,-1,1046,1166,1047,-1,1076,1074,1140,-1,1140,1074,1141,-1,1140,1141,1159,-1,1159,1141,1167,-1,1159,1167,1156,-1,1156,1167,1168,-1,1156,1168,1153,-1,1153,1168,1169,-1,1153,1169,1145,-1,1145,1169,1170,-1,1145,1170,1045,-1,1045,1170,1046,-1,69,1077,1171,-1,1171,1077,1140,-1,1171,1140,1172,-1,1172,1140,1161,-1,1079,1078,1173,-1,1173,1078,694,-1,1082,1081,1174,-1,1174,1081,1080,-1,1085,1084,1175,-1,1175,1084,1083,-1,1088,1087,1176,-1,1176,1087,1086,-1,1176,1086,1085,-1,1176,1177,1088,-1,1088,1177,1178,-1,1088,1178,1090,-1,1090,1178,1179,-1,1090,1179,1089,-1,1089,1179,1180,-1,1089,1180,685,-1,694,1059,1173,-1,1173,1059,1061,-1,1173,1061,1181,-1,1061,1063,1181,-1,1181,1063,1065,-1,1181,1065,1182,-1,1065,1067,1182,-1,1182,1067,1069,-1,1182,1069,1183,-1,1069,1071,1183,-1,1183,1071,1073,-1,1183,1073,1184,-1,67,1185,1058,-1,1058,1185,1184,-1,1058,1184,1075,-1,1075,1184,1073,-1,1079,1173,1186,-1,1186,1173,1181,-1,1186,1181,1187,-1,1187,1181,1182,-1,1187,1182,1188,-1,1188,1182,1183,-1,1188,1183,1189,-1,1189,1183,1184,-1,1189,1184,1190,-1,1185,1191,1184,-1,1184,1191,1192,-1,1184,1192,1190,-1,1190,1192,1193,-1,1190,1193,1194,-1,1194,1195,1190,-1,1190,1195,1196,-1,1190,1196,1189,-1,1189,1196,1197,-1,1189,1197,1188,-1,1188,1197,1198,-1,1188,1198,1187,-1,1187,1198,1174,-1,1187,1174,1186,-1,1186,1174,1080,-1,1186,1080,1079,-1,1082,1174,1083,-1,1083,1174,1198,-1,1083,1198,1175,-1,1175,1198,1197,-1,1175,1197,1199,-1,1199,1197,1196,-1,1199,1196,1200,-1,1200,1196,1195,-1,1200,1195,1201,-1,1194,1202,1195,-1,1195,1202,1203,-1,1195,1203,1201,-1,1201,1203,1204,-1,1201,1204,1205,-1,1085,1175,1176,-1,1176,1175,1199,-1,1176,1199,1177,-1,1177,1199,1200,-1,1177,1200,1178,-1,1178,1200,1201,-1,1178,1201,1179,-1,1179,1201,1205,-1,1179,1205,1180,-1,680,85,95,-1,680,95,1206,-1,1206,95,1125,-1,1206,1125,1207,-1,1207,1125,1124,-1,1207,1124,1208,-1,1208,1124,1209,-1,1209,1124,1123,-1,1209,1123,1210,-1,1210,1123,1211,-1,1211,1123,1122,-1,1211,1122,1212,-1,1212,1122,1213,-1,1213,1122,1121,-1,1213,1121,1214,-1,70,72,1121,-1,1121,72,687,-1,1121,687,1214,-1,683,682,1139,-1,1139,682,1215,-1,1139,1215,1137,-1,1137,1215,1216,-1,1137,1216,1136,-1,1136,1216,1134,-1,1216,1217,1134,-1,1134,1217,1218,-1,1134,1218,1133,-1,1133,1218,1219,-1,1133,1219,1131,-1,1131,1219,1220,-1,1220,1221,1131,-1,1131,1221,1222,-1,1131,1222,1130,-1,1130,1222,1223,-1,1130,1223,1128,-1,1223,1224,1128,-1,1128,1224,1225,-1,1128,1225,1127,-1,689,688,1226,-1,1226,688,1127,-1,1226,1127,1227,-1,1227,1127,1225,-1,68,69,1171,-1,690,689,1151,-1,1151,689,1228,-1,1151,1228,1152,-1,1152,1228,1229,-1,1152,1229,1154,-1,1154,1229,1230,-1,1154,1230,1155,-1,1155,1230,1231,-1,1155,1231,1157,-1,1157,1231,1232,-1,1157,1232,1158,-1,1158,1232,1233,-1,1158,1233,1160,-1,1160,1233,1234,-1,1160,1234,1161,-1,1161,1234,1235,-1,1161,1235,1172,-1,1172,1235,1236,-1,1172,1236,1171,-1,1171,1236,1237,-1,1171,1237,68,-1,67,66,1238,-1,686,685,1239,-1,1239,685,1180,-1,1239,1180,1240,-1,1240,1180,1205,-1,1240,1205,1241,-1,1241,1205,1204,-1,1241,1204,1242,-1,1242,1204,1203,-1,1242,1203,1243,-1,1243,1203,1202,-1,1243,1202,1244,-1,1244,1202,1194,-1,1244,1194,1245,-1,1245,1194,1193,-1,1245,1193,1246,-1,1246,1193,1192,-1,1246,1192,1247,-1,1247,1192,1191,-1,1247,1191,1238,-1,1238,1191,1185,-1,1238,1185,67,-1,687,686,1248,-1,687,1248,1214,-1,1214,1248,1249,-1,1214,1249,1213,-1,1249,1250,1213,-1,1213,1250,1251,-1,1213,1251,1212,-1,1212,1251,1211,-1,1211,1251,1252,-1,1211,1252,1253,-1,1253,1254,1211,-1,1211,1254,1255,-1,1211,1255,1210,-1,1255,1256,1210,-1,1210,1256,1257,-1,1210,1257,1209,-1,1209,1257,1258,-1,1209,1258,1208,-1,1208,1258,1259,-1,681,680,1260,-1,1260,680,1206,-1,1260,1206,1259,-1,1259,1206,1207,-1,1259,1207,1208,-1,1261,1262,1263,-1,1264,1265,1266,-1,1267,1268,1269,-1,682,1270,1271,-1,1272,1217,1273,-1,1273,1217,1216,-1,1273,1216,1271,-1,1271,1216,1215,-1,1271,1215,682,-1,1220,1219,1272,-1,1272,1219,1218,-1,1272,1218,1217,-1,1222,1274,1275,-1,1225,1224,1275,-1,1275,1224,1223,-1,1275,1223,1222,-1,1228,1276,1229,-1,1229,1276,1277,-1,1278,1231,1277,-1,1277,1231,1230,-1,1277,1230,1229,-1,1279,1233,1278,-1,1278,1233,1232,-1,1278,1232,1231,-1,1237,1236,1280,-1,1280,1236,1235,-1,1280,1235,1279,-1,1279,1235,1234,-1,1279,1234,1233,-1,68,1237,1281,-1,1281,1237,1280,-1,1281,1280,1282,-1,1282,1280,1283,-1,1268,1283,1269,-1,1269,1283,1280,-1,1269,1280,1284,-1,1284,1280,1279,-1,1284,1279,1285,-1,1285,1279,1278,-1,1285,1278,1286,-1,1286,1278,1277,-1,1286,1277,1287,-1,1287,1277,1276,-1,1265,1267,1266,-1,1266,1267,1269,-1,1266,1269,1288,-1,1288,1269,1284,-1,1288,1284,1289,-1,1289,1284,1285,-1,1289,1285,1290,-1,1290,1285,1286,-1,1290,1286,1291,-1,1291,1286,1287,-1,1262,1264,1263,-1,1263,1264,1266,-1,1263,1266,1292,-1,1292,1266,1288,-1,1292,1288,1293,-1,1293,1288,1289,-1,1293,1289,1274,-1,1274,1289,1290,-1,1274,1290,1275,-1,1275,1290,1291,-1,1275,1291,1225,-1,1225,1291,1287,-1,1225,1287,1227,-1,1227,1287,1276,-1,1227,1276,1226,-1,1226,1276,1228,-1,1226,1228,689,-1,1270,1261,1271,-1,1271,1261,1263,-1,1271,1263,1273,-1,1273,1263,1292,-1,1273,1292,1272,-1,1272,1292,1293,-1,1272,1293,1220,-1,1220,1293,1274,-1,1220,1274,1221,-1,1221,1274,1222,-1,1294,1295,1296,-1,1297,1298,1299,-1,1300,1301,1302,-1,1303,1304,1305,-1,1306,1248,686,-1,1307,1253,1308,-1,1308,1253,1252,-1,1308,1252,1251,-1,1309,1255,1307,-1,1307,1255,1254,-1,1307,1254,1253,-1,1256,1310,1257,-1,1257,1310,1311,-1,1257,1311,1258,-1,1258,1311,1259,-1,1259,1311,1296,-1,1259,1296,1260,-1,1260,1296,1295,-1,1260,1295,681,-1,1312,1313,1314,-1,1314,1313,1238,-1,1314,1238,66,-1,1315,1246,1313,-1,1313,1246,1247,-1,1313,1247,1238,-1,1316,1244,1315,-1,1315,1244,1245,-1,1315,1245,1246,-1,1298,1294,1299,-1,1299,1294,1296,-1,1299,1296,1317,-1,1317,1296,1311,-1,1317,1311,1309,-1,1309,1311,1310,-1,1309,1310,1255,-1,1255,1310,1256,-1,1318,1242,1316,-1,1316,1242,1243,-1,1316,1243,1244,-1,686,1239,1306,-1,1306,1239,1240,-1,1306,1240,1318,-1,1318,1240,1241,-1,1318,1241,1242,-1,1312,1303,1313,-1,1313,1303,1305,-1,1313,1305,1315,-1,1315,1305,1319,-1,1315,1319,1316,-1,1316,1319,1320,-1,1316,1320,1318,-1,1318,1320,1321,-1,1318,1321,1306,-1,1306,1321,1322,-1,1306,1322,1248,-1,1248,1322,1249,-1,1304,1300,1305,-1,1305,1300,1302,-1,1305,1302,1319,-1,1319,1302,1323,-1,1319,1323,1320,-1,1320,1323,1324,-1,1320,1324,1321,-1,1321,1324,1325,-1,1321,1325,1322,-1,1322,1325,1326,-1,1322,1326,1249,-1,1249,1326,1250,-1,1301,1297,1302,-1,1302,1297,1299,-1,1302,1299,1323,-1,1323,1299,1317,-1,1323,1317,1324,-1,1324,1317,1309,-1,1324,1309,1325,-1,1325,1309,1307,-1,1325,1307,1326,-1,1326,1307,1308,-1,1326,1308,1250,-1,1250,1308,1251,-1,682,681,1270,-1,1270,681,1295,-1,1270,1295,1261,-1,1261,1295,1294,-1,1261,1294,1262,-1,1262,1294,1298,-1,1262,1298,1264,-1,1264,1298,1297,-1,1264,1297,1265,-1,1265,1297,1301,-1,1265,1301,1267,-1,1267,1301,1300,-1,1267,1300,1268,-1,1268,1300,1304,-1,1268,1304,1283,-1,1283,1304,1303,-1,1283,1303,1282,-1,1282,1303,1312,-1,1282,1312,1281,-1,1312,1314,1281,-1,1281,1314,66,-1,1281,66,68,-1,14,16,1327,-1,1327,16,1328,-1,1327,1328,1329,-1,1329,1328,1330,-1,1329,1330,1331,-1,1331,1330,1332,-1,1331,1332,1333,-1,1333,1332,1334,-1,1333,1334,1335,-1,1335,1334,1336,-1,1335,1336,3,-1,3,1336,41,-1,16,18,1328,-1,1328,18,1337,-1,1328,1337,1330,-1,1330,1337,1338,-1,1330,1338,1332,-1,1332,1338,1339,-1,1332,1339,1334,-1,1334,1339,1340,-1,1334,1340,1336,-1,1336,1340,1341,-1,1336,1341,41,-1,41,1341,39,-1,18,17,1337,-1,1337,17,1342,-1,1337,1342,1338,-1,1338,1342,1343,-1,1338,1343,1339,-1,1339,1343,1344,-1,1339,1344,1340,-1,1340,1344,1345,-1,1340,1345,1341,-1,1341,1345,1346,-1,1341,1346,39,-1,39,1346,37,-1,17,8,1342,-1,1342,8,1347,-1,1342,1347,1343,-1,1343,1347,1348,-1,1343,1348,1344,-1,1344,1348,1349,-1,1344,1349,1345,-1,1345,1349,1350,-1,1345,1350,1346,-1,1346,1350,1351,-1,1346,1351,37,-1,37,1351,35,-1,8,10,1347,-1,1347,10,1352,-1,1347,1352,1348,-1,1348,1352,1353,-1,1348,1353,1349,-1,1349,1353,1354,-1,1349,1354,1350,-1,1350,1354,1355,-1,1350,1355,1351,-1,1351,1355,1356,-1,1351,1356,35,-1,35,1356,33,-1,10,11,1352,-1,1352,11,1357,-1,1352,1357,1353,-1,1353,1357,1358,-1,1353,1358,1354,-1,1354,1358,1359,-1,1354,1359,1355,-1,1355,1359,1360,-1,1355,1360,1356,-1,1356,1360,1361,-1,1356,1361,33,-1,33,1361,30,-1,676,12,14,-1,676,14,1362,-1,1362,14,1327,-1,1362,1327,1363,-1,1363,1327,1329,-1,1363,1329,1364,-1,1364,1329,1365,-1,1365,1329,1331,-1,1365,1331,1366,-1,1366,1331,1367,-1,1367,1331,1333,-1,1367,1333,1368,-1,1368,1333,1369,-1,1369,1333,1335,-1,1369,1335,1370,-1,3,1,1335,-1,1335,1,675,-1,1335,675,1370,-1,45,43,668,-1,668,43,1371,-1,668,1371,1372,-1,1372,1371,1373,-1,1373,1371,1374,-1,1373,1374,1375,-1,1375,1374,1376,-1,1376,1374,1377,-1,1376,1377,1378,-1,1378,1377,1379,-1,1379,1377,1380,-1,1379,1380,1381,-1,1381,1380,1382,-1,1382,1380,1383,-1,1382,1383,1384,-1,15,13,1383,-1,1383,13,679,-1,1383,679,1384,-1,2,40,1385,-1,1385,40,1386,-1,1385,1386,1387,-1,1387,1386,1388,-1,1387,1388,1389,-1,1389,1388,1390,-1,1389,1390,1391,-1,1391,1390,1392,-1,1391,1392,1393,-1,1393,1392,1394,-1,1393,1394,28,-1,28,1394,29,-1,40,38,1386,-1,1386,38,1395,-1,1386,1395,1388,-1,1388,1395,1396,-1,1388,1396,1390,-1,1390,1396,1397,-1,1390,1397,1392,-1,1392,1397,1398,-1,1392,1398,1394,-1,1394,1398,1399,-1,1394,1399,29,-1,29,1399,22,-1,38,36,1395,-1,1395,36,1400,-1,1395,1400,1396,-1,1396,1400,1401,-1,1396,1401,1397,-1,1397,1401,1402,-1,1397,1402,1398,-1,1398,1402,1403,-1,1398,1403,1399,-1,1399,1403,1404,-1,1399,1404,22,-1,22,1404,23,-1,36,34,1400,-1,1400,34,1405,-1,1400,1405,1401,-1,1401,1405,1406,-1,1401,1406,1402,-1,1402,1406,1407,-1,1402,1407,1403,-1,1403,1407,1408,-1,1403,1408,1404,-1,1404,1408,1409,-1,1404,1409,23,-1,23,1409,24,-1,34,32,1405,-1,1405,32,1410,-1,1405,1410,1406,-1,1406,1410,1411,-1,1406,1411,1407,-1,1407,1411,1412,-1,1407,1412,1408,-1,1408,1412,1413,-1,1408,1413,1409,-1,1409,1413,1414,-1,1409,1414,24,-1,24,1414,19,-1,32,31,1410,-1,1410,31,1415,-1,1410,1415,1411,-1,1411,1415,1416,-1,1411,1416,1412,-1,1412,1416,1417,-1,1412,1417,1413,-1,1413,1417,1418,-1,1413,1418,1414,-1,1414,1418,1419,-1,1414,1419,19,-1,19,1419,20,-1,675,674,1420,-1,675,1420,1370,-1,1370,1420,1421,-1,1370,1421,1369,-1,1369,1421,1422,-1,1369,1422,1368,-1,1368,1422,1423,-1,1368,1423,1367,-1,1367,1423,1424,-1,1367,1424,1425,-1,1425,1426,1367,-1,1367,1426,1427,-1,1367,1427,1366,-1,1427,1428,1366,-1,1366,1428,1429,-1,1366,1429,1365,-1,1365,1429,1430,-1,1365,1430,1364,-1,1364,1430,1431,-1,677,676,1432,-1,1432,676,1362,-1,1432,1362,1431,-1,1431,1362,1363,-1,1431,1363,1364,-1,7,5,1433,-1,678,677,1434,-1,1434,677,1435,-1,1434,1435,1436,-1,1436,1435,1437,-1,1436,1437,1438,-1,1438,1437,1439,-1,1438,1439,1440,-1,1440,1439,1441,-1,1440,1441,1442,-1,1442,1441,1443,-1,1442,1443,1444,-1,1444,1443,1445,-1,1444,1445,1446,-1,1446,1445,1447,-1,1446,1447,1448,-1,1448,1447,1449,-1,1448,1449,1450,-1,1450,1449,1451,-1,1450,1451,1433,-1,1433,1451,1452,-1,1433,1452,7,-1,679,678,1384,-1,1384,678,1453,-1,1384,1453,1382,-1,1382,1453,1454,-1,1382,1454,1381,-1,1381,1454,1379,-1,1454,1455,1379,-1,1379,1455,1456,-1,1379,1456,1378,-1,1378,1456,1457,-1,1378,1457,1376,-1,1376,1457,1458,-1,1458,1459,1376,-1,1376,1459,1460,-1,1376,1460,1375,-1,1375,1460,1461,-1,1375,1461,1373,-1,1461,1462,1373,-1,1373,1462,1463,-1,1373,1463,1372,-1,669,668,1464,-1,1464,668,1372,-1,1464,1372,1465,-1,1465,1372,1463,-1,672,0,2,-1,672,2,1466,-1,1466,2,1385,-1,1466,1385,1467,-1,1467,1385,1387,-1,1467,1387,1468,-1,1468,1387,1469,-1,1469,1387,1389,-1,1469,1389,1470,-1,1470,1389,1471,-1,1471,1389,1391,-1,1471,1391,1472,-1,1472,1391,1473,-1,1473,1391,1393,-1,1473,1393,1474,-1,28,26,1393,-1,1393,26,667,-1,1393,667,1474,-1,1437,1435,1475,-1,1441,1439,1476,-1,1445,1443,1477,-1,1449,1447,1478,-1,1479,1420,674,-1,1480,1425,1481,-1,1481,1425,1424,-1,1481,1424,1423,-1,1482,1427,1480,-1,1480,1427,1426,-1,1480,1426,1425,-1,1428,1483,1429,-1,1429,1483,1484,-1,1429,1484,1430,-1,1430,1484,1431,-1,1431,1484,1475,-1,1431,1475,1432,-1,1432,1475,1435,-1,1432,1435,677,-1,1451,1485,1452,-1,1452,1485,1486,-1,1452,1486,7,-1,1487,1488,1485,-1,1485,1488,1489,-1,1485,1489,1486,-1,1490,1491,1487,-1,1487,1491,1492,-1,1487,1492,1488,-1,1439,1437,1476,-1,1476,1437,1475,-1,1476,1475,1493,-1,1493,1475,1484,-1,1493,1484,1482,-1,1482,1484,1483,-1,1482,1483,1427,-1,1427,1483,1428,-1,1494,1495,1490,-1,1490,1495,1496,-1,1490,1496,1491,-1,674,1497,1479,-1,1479,1497,1498,-1,1479,1498,1494,-1,1494,1498,1499,-1,1494,1499,1495,-1,1451,1449,1485,-1,1485,1449,1478,-1,1485,1478,1487,-1,1487,1478,1500,-1,1487,1500,1490,-1,1490,1500,1501,-1,1490,1501,1494,-1,1494,1501,1502,-1,1494,1502,1479,-1,1479,1502,1503,-1,1479,1503,1420,-1,1420,1503,1421,-1,1447,1445,1478,-1,1478,1445,1477,-1,1478,1477,1500,-1,1500,1477,1504,-1,1500,1504,1501,-1,1501,1504,1505,-1,1501,1505,1502,-1,1502,1505,1506,-1,1502,1506,1503,-1,1503,1506,1507,-1,1503,1507,1421,-1,1421,1507,1422,-1,1443,1441,1477,-1,1477,1441,1476,-1,1477,1476,1504,-1,1504,1476,1493,-1,1504,1493,1505,-1,1505,1493,1482,-1,1505,1482,1506,-1,1506,1482,1480,-1,1506,1480,1507,-1,1507,1480,1481,-1,1507,1481,1422,-1,1422,1481,1423,-1,1436,1438,1508,-1,1440,1442,1509,-1,1444,1446,1510,-1,678,1434,1511,-1,1512,1455,1513,-1,1513,1455,1454,-1,1513,1454,1511,-1,1511,1454,1453,-1,1511,1453,678,-1,1458,1457,1512,-1,1512,1457,1456,-1,1512,1456,1455,-1,1460,1514,1515,-1,1463,1462,1515,-1,1515,1462,1461,-1,1515,1461,1460,-1,1516,1517,1518,-1,1518,1517,1519,-1,1520,1521,1519,-1,1519,1521,1522,-1,1519,1522,1518,-1,1523,1524,1525,-1,1525,1524,1526,-1,1525,1526,1520,-1,1520,1526,1527,-1,1520,1527,1521,-1,1448,1450,1528,-1,1528,1450,1433,-1,1523,1525,1529,-1,1529,1525,1528,-1,1529,1528,1530,-1,1530,1528,1433,-1,1530,1433,5,-1,1446,1448,1510,-1,1510,1448,1528,-1,1510,1528,1531,-1,1531,1528,1525,-1,1531,1525,1532,-1,1532,1525,1520,-1,1532,1520,1533,-1,1533,1520,1519,-1,1533,1519,1534,-1,1534,1519,1517,-1,1442,1444,1509,-1,1509,1444,1510,-1,1509,1510,1535,-1,1535,1510,1531,-1,1535,1531,1536,-1,1536,1531,1532,-1,1536,1532,1537,-1,1537,1532,1533,-1,1537,1533,1538,-1,1538,1533,1534,-1,1438,1440,1508,-1,1508,1440,1509,-1,1508,1509,1539,-1,1539,1509,1535,-1,1539,1535,1540,-1,1540,1535,1536,-1,1540,1536,1514,-1,1514,1536,1537,-1,1514,1537,1515,-1,1515,1537,1538,-1,1515,1538,1463,-1,1463,1538,1534,-1,1463,1534,1465,-1,1465,1534,1517,-1,1465,1517,1464,-1,1464,1517,1516,-1,1464,1516,669,-1,1434,1436,1511,-1,1511,1436,1508,-1,1511,1508,1513,-1,1513,1508,1539,-1,1513,1539,1512,-1,1512,1539,1540,-1,1512,1540,1458,-1,1458,1540,1514,-1,1458,1514,1459,-1,1459,1514,1460,-1,25,27,664,-1,664,27,1541,-1,664,1541,1542,-1,1542,1541,1543,-1,1543,1541,1544,-1,1543,1544,1545,-1,1545,1544,1546,-1,1546,1544,1547,-1,1546,1547,1548,-1,1548,1547,1549,-1,1549,1547,1550,-1,1549,1550,1551,-1,1551,1550,1552,-1,1552,1550,1553,-1,1552,1553,1554,-1,42,44,1553,-1,1553,44,671,-1,1553,671,1554,-1,667,666,1474,-1,1474,666,1555,-1,1474,1555,1473,-1,1473,1555,1556,-1,1473,1556,1472,-1,1472,1556,1471,-1,1556,1557,1471,-1,1471,1557,1558,-1,1471,1558,1470,-1,1470,1558,1559,-1,1470,1559,1469,-1,1469,1559,1560,-1,1560,1561,1469,-1,1469,1561,1562,-1,1469,1562,1468,-1,1468,1562,1563,-1,1468,1563,1467,-1,1563,1564,1467,-1,1467,1564,1565,-1,1467,1565,1466,-1,673,672,1566,-1,1566,672,1466,-1,1566,1466,1567,-1,1567,1466,1565,-1,6,7,1486,-1,674,673,1497,-1,1497,673,1568,-1,1497,1568,1498,-1,1498,1568,1569,-1,1498,1569,1499,-1,1499,1569,1570,-1,1499,1570,1495,-1,1495,1570,1571,-1,1495,1571,1496,-1,1496,1571,1572,-1,1496,1572,1491,-1,1491,1572,1573,-1,1491,1573,1492,-1,1492,1573,1574,-1,1492,1574,1488,-1,1488,1574,1575,-1,1488,1575,1489,-1,1489,1575,1576,-1,1489,1576,1486,-1,1486,1576,1577,-1,1486,1577,6,-1,5,4,1578,-1,670,669,1579,-1,1579,669,1516,-1,1579,1516,1580,-1,1580,1516,1518,-1,1580,1518,1581,-1,1581,1518,1522,-1,1581,1522,1582,-1,1582,1522,1521,-1,1582,1521,1583,-1,1583,1521,1527,-1,1583,1527,1584,-1,1584,1527,1526,-1,1584,1526,1585,-1,1585,1526,1524,-1,1585,1524,1586,-1,1586,1524,1523,-1,1586,1523,1587,-1,1587,1523,1529,-1,1587,1529,1578,-1,1578,1529,1530,-1,1578,1530,5,-1,671,670,1588,-1,671,1588,1554,-1,1554,1588,1589,-1,1554,1589,1552,-1,1552,1589,1590,-1,1552,1590,1551,-1,1551,1590,1591,-1,1551,1591,1549,-1,1549,1591,1592,-1,1549,1592,1593,-1,1593,1594,1549,-1,1549,1594,1595,-1,1549,1595,1548,-1,1595,1596,1548,-1,1548,1596,1597,-1,1548,1597,1546,-1,1546,1597,1598,-1,1546,1598,1545,-1,1545,1598,1599,-1,665,664,1600,-1,1600,664,1542,-1,1600,1542,1599,-1,1599,1542,1543,-1,1599,1543,1545,-1,1556,1555,1601,-1,1601,1555,666,-1,1559,1558,1602,-1,1602,1558,1557,-1,1562,1561,1603,-1,1603,1561,1560,-1,1565,1564,1604,-1,1604,1564,1563,-1,1604,1563,1562,-1,1604,1605,1565,-1,1565,1605,1606,-1,1565,1606,1567,-1,1567,1606,1607,-1,1567,1607,1566,-1,1566,1607,1568,-1,1566,1568,673,-1,666,1608,1601,-1,1601,1608,1609,-1,1601,1609,1610,-1,1609,1611,1610,-1,1610,1611,1612,-1,1610,1612,1613,-1,1612,1614,1613,-1,1613,1614,1615,-1,1613,1615,1616,-1,1615,1617,1616,-1,1616,1617,1618,-1,1616,1618,1619,-1,6,1577,1620,-1,1620,1577,1619,-1,1620,1619,1621,-1,1621,1619,1618,-1,1556,1601,1622,-1,1622,1601,1610,-1,1622,1610,1623,-1,1623,1610,1613,-1,1623,1613,1624,-1,1624,1613,1616,-1,1624,1616,1625,-1,1625,1616,1619,-1,1625,1619,1626,-1,1577,1576,1619,-1,1619,1576,1575,-1,1619,1575,1626,-1,1626,1575,1574,-1,1626,1574,1573,-1,1573,1627,1626,-1,1626,1627,1628,-1,1626,1628,1625,-1,1625,1628,1629,-1,1625,1629,1624,-1,1624,1629,1630,-1,1624,1630,1623,-1,1623,1630,1602,-1,1623,1602,1622,-1,1622,1602,1557,-1,1622,1557,1556,-1,1559,1602,1560,-1,1560,1602,1630,-1,1560,1630,1603,-1,1603,1630,1629,-1,1603,1629,1631,-1,1631,1629,1628,-1,1631,1628,1632,-1,1632,1628,1627,-1,1632,1627,1633,-1,1573,1572,1627,-1,1627,1572,1571,-1,1627,1571,1633,-1,1633,1571,1570,-1,1633,1570,1569,-1,1562,1603,1604,-1,1604,1603,1631,-1,1604,1631,1605,-1,1605,1631,1632,-1,1605,1632,1606,-1,1606,1632,1633,-1,1606,1633,1607,-1,1607,1633,1569,-1,1607,1569,1568,-1,1634,1635,1636,-1,1637,1638,1639,-1,1640,1641,1642,-1,1643,1644,1645,-1,1646,1647,1648,-1,1649,1588,670,-1,1650,1593,1651,-1,1651,1593,1592,-1,1651,1592,1591,-1,1652,1595,1650,-1,1650,1595,1594,-1,1650,1594,1593,-1,1596,1653,1597,-1,1597,1653,1654,-1,1597,1654,1598,-1,1598,1654,1599,-1,1599,1654,1648,-1,1599,1648,1600,-1,1600,1648,1647,-1,1600,1647,665,-1,670,1579,1649,-1,1649,1579,1580,-1,1649,1580,1655,-1,1580,1581,1655,-1,1655,1581,1582,-1,1655,1582,1656,-1,1582,1583,1656,-1,1656,1583,1584,-1,1656,1584,1657,-1,1584,1585,1657,-1,1657,1585,1586,-1,1657,1586,1636,-1,1644,1646,1645,-1,1645,1646,1648,-1,1645,1648,1658,-1,1658,1648,1654,-1,1658,1654,1652,-1,1652,1654,1653,-1,1652,1653,1595,-1,1595,1653,1596,-1,1641,1643,1642,-1,1642,1643,1645,-1,1642,1645,1659,-1,1659,1645,1658,-1,1659,1658,1660,-1,1660,1658,1652,-1,1660,1652,1661,-1,1661,1652,1650,-1,1661,1650,1662,-1,1662,1650,1651,-1,1662,1651,1590,-1,1590,1651,1591,-1,1638,1640,1639,-1,1639,1640,1642,-1,1639,1642,1663,-1,1663,1642,1659,-1,1663,1659,1664,-1,1664,1659,1660,-1,1664,1660,1665,-1,1665,1660,1661,-1,1665,1661,1666,-1,1666,1661,1662,-1,1666,1662,1589,-1,1589,1662,1590,-1,1635,1637,1636,-1,1636,1637,1639,-1,1636,1639,1657,-1,1657,1639,1663,-1,1657,1663,1656,-1,1656,1663,1664,-1,1656,1664,1655,-1,1655,1664,1665,-1,1655,1665,1649,-1,1649,1665,1666,-1,1649,1666,1588,-1,1588,1666,1589,-1,4,1634,1578,-1,1578,1634,1636,-1,1578,1636,1587,-1,1587,1636,1586,-1,666,665,1608,-1,1608,665,1647,-1,1608,1647,1609,-1,1609,1647,1646,-1,1609,1646,1611,-1,1611,1646,1644,-1,1611,1644,1612,-1,1612,1644,1643,-1,1612,1643,1614,-1,1614,1643,1641,-1,1614,1641,1615,-1,1615,1641,1640,-1,1615,1640,1617,-1,1617,1640,1638,-1,1617,1638,1618,-1,1618,1638,1637,-1,1618,1637,1621,-1,1621,1637,1635,-1,1621,1635,1620,-1,1635,1634,1620,-1,1620,1634,4,-1,1620,4,6,-1,724,54,56,-1,724,56,1667,-1,1667,56,1668,-1,1667,1668,1669,-1,1669,1668,1670,-1,1669,1670,1671,-1,1671,1670,1672,-1,1672,1670,1673,-1,1672,1673,1674,-1,1674,1673,1675,-1,1675,1673,1676,-1,1675,1676,1677,-1,1677,1676,1678,-1,1678,1676,1679,-1,1678,1679,1680,-1,46,48,1679,-1,1679,48,723,-1,1679,723,1680,-1,716,53,51,-1,716,51,1681,-1,1681,51,1682,-1,1681,1682,1683,-1,1683,1682,1684,-1,1683,1684,1685,-1,1685,1684,1686,-1,1686,1684,1687,-1,1686,1687,1688,-1,1688,1687,1689,-1,1689,1687,1690,-1,1689,1690,1691,-1,1691,1690,1692,-1,1692,1690,1693,-1,1692,1693,1694,-1,57,55,1693,-1,1693,55,727,-1,1693,727,1694,-1,723,722,1680,-1,1680,722,1695,-1,1680,1695,1678,-1,1678,1695,1696,-1,1678,1696,1677,-1,1677,1696,1697,-1,1677,1697,1675,-1,1697,1698,1675,-1,1675,1698,1699,-1,1675,1699,1674,-1,1674,1699,1700,-1,1674,1700,1672,-1,1672,1700,1701,-1,1672,1701,1671,-1,1671,1701,1702,-1,725,724,1703,-1,1703,724,1667,-1,1703,1667,1702,-1,1702,1667,1669,-1,1702,1669,1671,-1,65,63,1704,-1,726,725,1705,-1,1705,725,1706,-1,1705,1706,1707,-1,1707,1706,1708,-1,1707,1708,1709,-1,1709,1708,1710,-1,1709,1710,1711,-1,1711,1710,1712,-1,1711,1712,1713,-1,1713,1712,1714,-1,1713,1714,1715,-1,1715,1714,1716,-1,1715,1716,1717,-1,1717,1716,1718,-1,1717,1718,1719,-1,1719,1718,1720,-1,1719,1720,1721,-1,1721,1720,1722,-1,1721,1722,1704,-1,1704,1722,1723,-1,1704,1723,65,-1,1689,1691,1724,-1,1724,1691,1692,-1,1724,1692,726,-1,726,1692,1694,-1,726,1694,727,-1,1724,1725,1689,-1,1689,1725,1726,-1,1689,1726,1688,-1,1688,1726,1727,-1,1727,1728,1688,-1,1688,1728,1729,-1,1688,1729,1686,-1,1686,1729,1730,-1,1686,1730,1685,-1,1685,1730,1731,-1,1685,1731,1683,-1,1683,1731,1732,-1,1683,1732,1681,-1,1681,1732,717,-1,1681,717,716,-1,720,49,47,-1,720,47,1733,-1,1733,47,1734,-1,1733,1734,1735,-1,1735,1734,1736,-1,1735,1736,1737,-1,1737,1736,1738,-1,1738,1736,1739,-1,1738,1739,1740,-1,1740,1739,1741,-1,1741,1739,1742,-1,1741,1742,1743,-1,1743,1742,1744,-1,1744,1742,1745,-1,1744,1745,1746,-1,1746,1745,1747,-1,1747,1745,1748,-1,1747,1748,1749,-1,61,59,1748,-1,1748,59,715,-1,1748,715,1749,-1,1750,1751,1752,-1,1753,1754,1755,-1,1756,1757,1758,-1,65,1759,1760,-1,1761,1759,65,-1,1758,1757,65,-1,1762,65,1757,-1,1695,1763,1696,-1,1696,1763,1764,-1,1699,1698,1764,-1,1764,1698,1697,-1,1764,1697,1696,-1,1764,1765,1699,-1,1699,1765,1766,-1,1699,1766,1700,-1,1700,1766,1767,-1,1700,1767,1701,-1,1701,1767,1702,-1,1702,1767,1768,-1,1702,1768,1703,-1,1703,1768,1706,-1,1703,1706,725,-1,1723,1761,65,-1,1769,1770,1756,-1,1756,1770,1771,-1,1756,1771,1757,-1,1757,1771,1772,-1,1757,1772,1762,-1,1773,1760,1774,-1,1774,1760,1759,-1,1774,1759,1775,-1,1775,1759,1761,-1,1775,1761,1776,-1,1754,1769,1755,-1,1755,1769,1756,-1,1755,1756,1777,-1,1777,1756,1758,-1,1777,1758,1778,-1,1778,1758,65,-1,1723,1722,1761,-1,1761,1722,1720,-1,1761,1720,1776,-1,1776,1720,1718,-1,1776,1718,1716,-1,1779,1773,1780,-1,1780,1773,1774,-1,1780,1774,1781,-1,1781,1774,1775,-1,1781,1775,1782,-1,1782,1775,1776,-1,1782,1776,1783,-1,1783,1776,1716,-1,1752,1779,1784,-1,1784,1779,1780,-1,1784,1780,1785,-1,1785,1780,1781,-1,1785,1781,1786,-1,1786,1781,1782,-1,1786,1782,1787,-1,1787,1782,1783,-1,1787,1783,1788,-1,1751,1753,1752,-1,1752,1753,1755,-1,1752,1755,1779,-1,1779,1755,1777,-1,1779,1777,1773,-1,1773,1777,1778,-1,1773,1778,1760,-1,1760,1778,65,-1,1695,722,1763,-1,1763,722,1789,-1,1763,1789,1750,-1,1716,1714,1783,-1,1783,1714,1712,-1,1783,1712,1788,-1,1788,1712,1710,-1,1788,1710,1708,-1,1750,1752,1763,-1,1763,1752,1784,-1,1763,1784,1764,-1,1764,1784,1785,-1,1764,1785,1765,-1,1765,1785,1786,-1,1765,1786,1766,-1,1766,1786,1787,-1,1766,1787,1767,-1,1767,1787,1788,-1,1767,1788,1768,-1,1768,1788,1708,-1,1768,1708,1706,-1,1711,1713,1790,-1,1791,1792,1793,-1,63,1794,1795,-1,1796,1794,63,-1,1793,1792,63,-1,1704,63,1792,-1,1797,1725,1724,-1,1725,1797,1726,-1,1726,1797,1798,-1,1726,1798,1727,-1,1727,1798,1799,-1,1727,1799,1728,-1,1728,1799,1800,-1,1728,1800,1729,-1,1729,1800,1730,-1,1730,1800,1801,-1,1730,1801,1731,-1,1731,1801,1732,-1,1732,1801,1802,-1,1732,1802,717,-1,1803,1796,63,-1,1715,1717,1791,-1,1791,1717,1719,-1,1791,1719,1792,-1,1792,1719,1721,-1,1792,1721,1704,-1,1804,1795,1805,-1,1805,1795,1794,-1,1805,1794,1806,-1,1806,1794,1796,-1,1806,1796,1807,-1,1803,1808,1796,-1,1796,1808,1809,-1,1796,1809,1807,-1,1807,1809,1810,-1,1807,1810,1811,-1,1790,1804,1812,-1,1812,1804,1805,-1,1812,1805,1813,-1,1813,1805,1806,-1,1813,1806,1814,-1,1814,1806,1807,-1,1814,1807,1815,-1,1815,1807,1811,-1,1707,1709,1816,-1,1816,1709,1711,-1,1711,1790,1816,-1,1816,1790,1812,-1,1816,1812,1817,-1,1817,1812,1813,-1,1817,1813,1818,-1,1818,1813,1814,-1,1818,1814,1819,-1,1819,1814,1815,-1,1819,1815,1820,-1,1713,1715,1790,-1,1790,1715,1791,-1,1790,1791,1804,-1,1804,1791,1793,-1,1804,1793,1795,-1,1795,1793,63,-1,1707,1797,1705,-1,1705,1797,1724,-1,1705,1724,726,-1,1811,1821,1815,-1,1815,1821,1822,-1,1815,1822,1820,-1,1820,1822,1823,-1,1820,1823,1824,-1,1707,1816,1797,-1,1797,1816,1817,-1,1797,1817,1798,-1,1798,1817,1818,-1,1798,1818,1799,-1,1799,1818,1819,-1,1799,1819,1800,-1,1800,1819,1820,-1,1800,1820,1801,-1,1801,1820,1824,-1,1801,1824,1802,-1,712,58,60,-1,712,60,1825,-1,1825,60,1826,-1,1825,1826,1827,-1,1827,1826,1828,-1,1827,1828,1829,-1,1829,1828,1830,-1,1830,1828,1831,-1,1830,1831,1832,-1,1832,1831,1833,-1,1833,1831,1834,-1,1833,1834,1835,-1,1835,1834,1836,-1,1836,1834,1837,-1,1836,1837,1838,-1,50,52,1837,-1,1837,52,719,-1,1837,719,1838,-1,715,714,1749,-1,1749,714,1839,-1,1749,1839,1747,-1,1840,1744,1746,-1,1747,1839,1746,-1,1746,1839,1841,-1,1746,1841,1840,-1,1744,1840,1743,-1,1743,1840,1842,-1,1743,1842,1741,-1,1741,1842,1843,-1,1741,1843,1740,-1,1740,1843,1844,-1,1740,1844,1738,-1,1738,1844,1845,-1,1738,1845,1737,-1,1737,1845,1846,-1,1737,1846,1735,-1,1735,1846,1847,-1,1735,1847,1733,-1,1733,1847,721,-1,1733,721,720,-1,64,65,1762,-1,722,721,1789,-1,1789,721,1848,-1,1789,1848,1750,-1,1750,1848,1849,-1,1750,1849,1751,-1,1751,1849,1850,-1,1751,1850,1753,-1,1753,1850,1851,-1,1753,1851,1754,-1,1754,1851,1852,-1,1754,1852,1769,-1,1769,1852,1853,-1,1769,1853,1770,-1,1770,1853,1854,-1,1770,1854,1771,-1,1771,1854,1855,-1,1771,1855,1772,-1,1772,1855,1856,-1,1772,1856,1762,-1,1762,1856,1857,-1,1762,1857,64,-1,63,62,1858,-1,718,717,1859,-1,1859,717,1802,-1,1859,1802,1860,-1,1860,1802,1824,-1,1860,1824,1861,-1,1861,1824,1823,-1,1861,1823,1862,-1,1862,1823,1822,-1,1862,1822,1863,-1,1863,1822,1821,-1,1863,1821,1864,-1,1864,1821,1811,-1,1864,1811,1865,-1,1865,1811,1810,-1,1865,1810,1866,-1,1866,1810,1809,-1,1866,1809,1867,-1,1867,1809,1808,-1,1867,1808,1858,-1,1858,1808,1803,-1,1858,1803,63,-1,1833,1835,1868,-1,1868,1835,1836,-1,1868,1836,718,-1,718,1836,1838,-1,718,1838,719,-1,1868,1869,1833,-1,1833,1869,1870,-1,1833,1870,1832,-1,1832,1870,1871,-1,1871,1872,1832,-1,1832,1872,1873,-1,1832,1873,1830,-1,1830,1873,1874,-1,1830,1874,1829,-1,1829,1874,1875,-1,1829,1875,1827,-1,1827,1875,1876,-1,1827,1876,1825,-1,1825,1876,713,-1,1825,713,712,-1,1877,1878,1879,-1,1880,1881,1882,-1,64,1883,1884,-1,1885,1883,64,-1,1882,1881,64,-1,1886,64,1881,-1,1887,1841,1839,-1,1841,1887,1840,-1,1840,1887,1888,-1,1840,1888,1842,-1,1842,1888,1889,-1,1842,1889,1843,-1,1843,1889,1890,-1,1843,1890,1844,-1,1844,1890,1845,-1,1845,1890,1891,-1,1845,1891,1846,-1,1846,1891,1847,-1,1847,1891,1848,-1,1847,1848,721,-1,1857,1885,64,-1,1892,1893,1880,-1,1880,1893,1894,-1,1880,1894,1881,-1,1881,1894,1895,-1,1881,1895,1886,-1,1896,1884,1897,-1,1897,1884,1883,-1,1897,1883,1898,-1,1898,1883,1885,-1,1898,1885,1899,-1,1857,1856,1885,-1,1885,1856,1855,-1,1885,1855,1899,-1,1899,1855,1854,-1,1899,1854,1853,-1,1879,1896,1900,-1,1900,1896,1897,-1,1900,1897,1901,-1,1901,1897,1898,-1,1901,1898,1902,-1,1902,1898,1899,-1,1902,1899,1903,-1,1903,1899,1853,-1,1904,1905,1906,-1,1906,1905,1877,-1,1877,1879,1906,-1,1906,1879,1900,-1,1906,1900,1907,-1,1907,1900,1901,-1,1907,1901,1908,-1,1908,1901,1902,-1,1908,1902,1909,-1,1909,1902,1903,-1,1909,1903,1910,-1,1878,1892,1879,-1,1879,1892,1880,-1,1879,1880,1896,-1,1896,1880,1882,-1,1896,1882,1884,-1,1884,1882,64,-1,1904,1887,1911,-1,1911,1887,1839,-1,1911,1839,714,-1,1853,1852,1903,-1,1903,1852,1851,-1,1903,1851,1910,-1,1910,1851,1850,-1,1910,1850,1849,-1,1904,1906,1887,-1,1887,1906,1907,-1,1887,1907,1888,-1,1888,1907,1908,-1,1888,1908,1889,-1,1889,1908,1909,-1,1889,1909,1890,-1,1890,1909,1910,-1,1890,1910,1891,-1,1891,1910,1849,-1,1891,1849,1848,-1,1862,1863,1912,-1,1913,1914,1915,-1,62,1916,1917,-1,1918,1916,62,-1,1915,1914,62,-1,1858,62,1914,-1,1919,1869,1868,-1,1869,1919,1870,-1,1870,1919,1920,-1,1870,1920,1871,-1,1871,1920,1921,-1,1871,1921,1872,-1,1872,1921,1922,-1,1872,1922,1873,-1,1873,1922,1874,-1,1874,1922,1923,-1,1874,1923,1875,-1,1875,1923,1876,-1,1876,1923,1924,-1,1876,1924,713,-1,1925,1918,62,-1,1864,1865,1913,-1,1913,1865,1866,-1,1913,1866,1914,-1,1914,1866,1867,-1,1914,1867,1858,-1,1926,1917,1927,-1,1927,1917,1916,-1,1927,1916,1928,-1,1928,1916,1918,-1,1928,1918,1929,-1,1925,1930,1918,-1,1918,1930,1931,-1,1918,1931,1929,-1,1929,1931,1932,-1,1929,1932,1933,-1,1912,1926,1934,-1,1934,1926,1927,-1,1934,1927,1935,-1,1935,1927,1928,-1,1935,1928,1936,-1,1936,1928,1929,-1,1936,1929,1937,-1,1937,1929,1933,-1,1860,1861,1938,-1,1938,1861,1862,-1,1862,1912,1938,-1,1938,1912,1934,-1,1938,1934,1939,-1,1939,1934,1935,-1,1939,1935,1940,-1,1940,1935,1936,-1,1940,1936,1941,-1,1941,1936,1937,-1,1941,1937,1942,-1,1863,1864,1912,-1,1912,1864,1913,-1,1912,1913,1926,-1,1926,1913,1915,-1,1926,1915,1917,-1,1917,1915,62,-1,1860,1919,1859,-1,1859,1919,1868,-1,1859,1868,718,-1,1933,1943,1937,-1,1937,1943,1944,-1,1937,1944,1942,-1,1942,1944,1945,-1,1942,1945,1946,-1,1860,1938,1919,-1,1919,1938,1939,-1,1919,1939,1920,-1,1920,1939,1940,-1,1920,1940,1921,-1,1921,1940,1941,-1,1921,1941,1922,-1,1922,1941,1942,-1,1922,1942,1923,-1,1923,1942,1946,-1,1923,1946,1924,-1,714,713,1911,-1,1911,713,1924,-1,1911,1924,1904,-1,1904,1924,1946,-1,1904,1946,1905,-1,1905,1946,1945,-1,1905,1945,1877,-1,1877,1945,1944,-1,1877,1944,1878,-1,1878,1944,1943,-1,1878,1943,1892,-1,1892,1943,1933,-1,1892,1933,1893,-1,1893,1933,1932,-1,1893,1932,1894,-1,1894,1932,1931,-1,1894,1931,1895,-1,1895,1931,1930,-1,1895,1930,1886,-1,1930,1925,1886,-1,1886,1925,62,-1,1886,62,64,-1,708,123,121,-1,708,121,1947,-1,1947,121,1948,-1,1947,1948,1949,-1,1949,1948,1950,-1,1949,1950,1951,-1,1951,1950,1952,-1,1952,1950,1953,-1,1952,1953,1954,-1,1954,1953,1955,-1,1955,1953,1956,-1,1955,1956,1957,-1,1957,1956,1958,-1,1958,1956,1959,-1,1958,1959,1960,-1,119,117,1959,-1,1959,117,707,-1,1959,707,1960,-1,700,115,113,-1,700,113,1961,-1,1961,113,1962,-1,1961,1962,1963,-1,1963,1962,1964,-1,1963,1964,1965,-1,1965,1964,1966,-1,1966,1964,1967,-1,1966,1967,1968,-1,1968,1967,1969,-1,1969,1967,1970,-1,1969,1970,1971,-1,1971,1970,1972,-1,1972,1970,1973,-1,1972,1973,1974,-1,120,122,1973,-1,1973,122,711,-1,1973,711,1974,-1,1955,1957,1975,-1,1975,1957,1958,-1,1975,1958,706,-1,706,1958,1960,-1,706,1960,707,-1,1975,1976,1955,-1,1955,1976,1977,-1,1955,1977,1954,-1,1954,1977,1978,-1,1978,1979,1954,-1,1954,1979,1980,-1,1954,1980,1952,-1,1952,1980,1981,-1,1952,1981,1951,-1,1951,1981,1982,-1,1951,1982,1949,-1,1949,1982,1983,-1,1949,1983,1947,-1,1947,1983,709,-1,1947,709,708,-1,131,129,1984,-1,710,709,1985,-1,1985,709,1986,-1,1985,1986,1987,-1,1987,1986,1988,-1,1987,1988,1989,-1,1989,1988,1990,-1,1989,1990,1991,-1,1991,1990,1992,-1,1991,1992,1993,-1,1993,1992,1994,-1,1993,1994,1995,-1,1995,1994,1996,-1,1995,1996,1997,-1,1997,1996,1998,-1,1997,1998,1999,-1,1999,1998,2000,-1,1999,2000,2001,-1,2001,2000,2002,-1,2001,2002,1984,-1,1984,2002,2003,-1,1984,2003,131,-1,1969,1971,2004,-1,2004,1971,1972,-1,2004,1972,710,-1,710,1972,1974,-1,710,1974,711,-1,2004,2005,1969,-1,1969,2005,2006,-1,1969,2006,1968,-1,1968,2006,2007,-1,2007,2008,1968,-1,1968,2008,2009,-1,1968,2009,1966,-1,1966,2009,2010,-1,1966,2010,1965,-1,1965,2010,2011,-1,1965,2011,1963,-1,1963,2011,2012,-1,1963,2012,1961,-1,1961,2012,701,-1,1961,701,700,-1,704,116,118,-1,704,118,2013,-1,2013,118,2014,-1,2013,2014,2015,-1,2015,2014,2016,-1,2015,2016,2017,-1,2017,2016,2018,-1,2018,2016,2019,-1,2018,2019,2020,-1,2020,2019,2021,-1,2021,2019,2022,-1,2021,2022,2023,-1,2023,2022,2024,-1,2024,2022,2025,-1,2024,2025,2026,-1,127,125,2025,-1,2025,125,699,-1,2025,699,2026,-1,2027,2028,2029,-1,2030,2031,2032,-1,131,2033,2034,-1,2035,2033,131,-1,2032,2031,131,-1,2036,131,2031,-1,2037,1976,1975,-1,1976,2037,1977,-1,1977,2037,2038,-1,1977,2038,1978,-1,1978,2038,2039,-1,1978,2039,1979,-1,1979,2039,2040,-1,1979,2040,1980,-1,1980,2040,1981,-1,1981,2040,2041,-1,1981,2041,1982,-1,1982,2041,1983,-1,1983,2041,1986,-1,1983,1986,709,-1,2003,2035,131,-1,2042,2043,2030,-1,2030,2043,2044,-1,2030,2044,2031,-1,2031,2044,2045,-1,2031,2045,2036,-1,2046,2034,2047,-1,2047,2034,2033,-1,2047,2033,2048,-1,2048,2033,2035,-1,2048,2035,2049,-1,2003,2002,2035,-1,2035,2002,2000,-1,2035,2000,2049,-1,2049,2000,1998,-1,2049,1998,1996,-1,2029,2046,2050,-1,2050,2046,2047,-1,2050,2047,2051,-1,2051,2047,2048,-1,2051,2048,2052,-1,2052,2048,2049,-1,2052,2049,2053,-1,2053,2049,1996,-1,2054,2055,2056,-1,2056,2055,2027,-1,2027,2029,2056,-1,2056,2029,2050,-1,2056,2050,2057,-1,2057,2050,2051,-1,2057,2051,2058,-1,2058,2051,2052,-1,2058,2052,2059,-1,2059,2052,2053,-1,2059,2053,2060,-1,2028,2042,2029,-1,2029,2042,2030,-1,2029,2030,2046,-1,2046,2030,2032,-1,2046,2032,2034,-1,2034,2032,131,-1,2054,2037,2061,-1,2061,2037,1975,-1,2061,1975,706,-1,1996,1994,2053,-1,2053,1994,1992,-1,2053,1992,2060,-1,2060,1992,1990,-1,2060,1990,1988,-1,2054,2056,2037,-1,2037,2056,2057,-1,2037,2057,2038,-1,2038,2057,2058,-1,2038,2058,2039,-1,2039,2058,2059,-1,2039,2059,2040,-1,2040,2059,2060,-1,2040,2060,2041,-1,2041,2060,1988,-1,2041,1988,1986,-1,1991,1993,2062,-1,2063,2064,2065,-1,129,2066,2067,-1,2068,2066,129,-1,2065,2064,129,-1,1984,129,2064,-1,2069,2005,2004,-1,2005,2069,2006,-1,2006,2069,2070,-1,2006,2070,2007,-1,2007,2070,2071,-1,2007,2071,2008,-1,2008,2071,2072,-1,2008,2072,2009,-1,2009,2072,2010,-1,2010,2072,2073,-1,2010,2073,2011,-1,2011,2073,2012,-1,2012,2073,2074,-1,2012,2074,701,-1,2075,2068,129,-1,1995,1997,2063,-1,2063,1997,1999,-1,2063,1999,2064,-1,2064,1999,2001,-1,2064,2001,1984,-1,2076,2067,2077,-1,2077,2067,2066,-1,2077,2066,2078,-1,2078,2066,2068,-1,2078,2068,2079,-1,2075,2080,2068,-1,2068,2080,2081,-1,2068,2081,2079,-1,2079,2081,2082,-1,2079,2082,2083,-1,2062,2076,2084,-1,2084,2076,2077,-1,2084,2077,2085,-1,2085,2077,2078,-1,2085,2078,2086,-1,2086,2078,2079,-1,2086,2079,2087,-1,2087,2079,2083,-1,1987,1989,2088,-1,2088,1989,1991,-1,1991,2062,2088,-1,2088,2062,2084,-1,2088,2084,2089,-1,2089,2084,2085,-1,2089,2085,2090,-1,2090,2085,2086,-1,2090,2086,2091,-1,2091,2086,2087,-1,2091,2087,2092,-1,1993,1995,2062,-1,2062,1995,2063,-1,2062,2063,2076,-1,2076,2063,2065,-1,2076,2065,2067,-1,2067,2065,129,-1,1987,2069,1985,-1,1985,2069,2004,-1,1985,2004,710,-1,2083,2093,2087,-1,2087,2093,2094,-1,2087,2094,2092,-1,2092,2094,2095,-1,2092,2095,2096,-1,1987,2088,2069,-1,2069,2088,2089,-1,2069,2089,2070,-1,2070,2089,2090,-1,2070,2090,2071,-1,2071,2090,2091,-1,2071,2091,2072,-1,2072,2091,2092,-1,2072,2092,2073,-1,2073,2092,2096,-1,2073,2096,2074,-1,696,124,126,-1,696,126,2097,-1,2097,126,2098,-1,2097,2098,2099,-1,2099,2098,2100,-1,2099,2100,2101,-1,2101,2100,2102,-1,2102,2100,2103,-1,2102,2103,2104,-1,2104,2103,2105,-1,2105,2103,2106,-1,2105,2106,2107,-1,2107,2106,2108,-1,2108,2106,2109,-1,2108,2109,2110,-1,112,114,2109,-1,2109,114,703,-1,2109,703,2110,-1,699,698,2026,-1,2026,698,2111,-1,2026,2111,2024,-1,2024,2111,2112,-1,2024,2112,2023,-1,2023,2112,2113,-1,2023,2113,2021,-1,2113,2114,2021,-1,2021,2114,2115,-1,2021,2115,2020,-1,2020,2115,2116,-1,2020,2116,2018,-1,2018,2116,2117,-1,2018,2117,2017,-1,2017,2117,2118,-1,705,704,2119,-1,2119,704,2013,-1,2119,2013,2118,-1,2118,2013,2015,-1,2118,2015,2017,-1,130,131,2036,-1,706,705,2061,-1,2061,705,2120,-1,2061,2120,2054,-1,2054,2120,2121,-1,2054,2121,2055,-1,2055,2121,2122,-1,2055,2122,2027,-1,2027,2122,2123,-1,2027,2123,2028,-1,2028,2123,2124,-1,2028,2124,2042,-1,2042,2124,2125,-1,2042,2125,2043,-1,2043,2125,2126,-1,2043,2126,2044,-1,2044,2126,2127,-1,2044,2127,2045,-1,2045,2127,2128,-1,2045,2128,2036,-1,2036,2128,2129,-1,2036,2129,130,-1,129,128,2130,-1,702,701,2131,-1,2131,701,2074,-1,2131,2074,2132,-1,2132,2074,2096,-1,2132,2096,2133,-1,2133,2096,2095,-1,2133,2095,2134,-1,2134,2095,2094,-1,2134,2094,2135,-1,2135,2094,2093,-1,2135,2093,2136,-1,2136,2093,2083,-1,2136,2083,2137,-1,2137,2083,2082,-1,2137,2082,2138,-1,2138,2082,2081,-1,2138,2081,2139,-1,2139,2081,2080,-1,2139,2080,2130,-1,2130,2080,2075,-1,2130,2075,129,-1,2105,2107,2140,-1,2140,2107,2108,-1,2140,2108,702,-1,702,2108,2110,-1,702,2110,703,-1,2140,2141,2105,-1,2105,2141,2142,-1,2105,2142,2104,-1,2104,2142,2143,-1,2143,2144,2104,-1,2104,2144,2145,-1,2104,2145,2102,-1,2102,2145,2146,-1,2102,2146,2101,-1,2101,2146,2147,-1,2101,2147,2099,-1,2099,2147,2148,-1,2099,2148,2097,-1,2097,2148,697,-1,2097,697,696,-1,2149,2150,2151,-1,2152,2153,2154,-1,2155,2156,2157,-1,130,2158,2159,-1,2160,2158,130,-1,2157,2156,130,-1,2161,130,2156,-1,2111,2162,2112,-1,2112,2162,2163,-1,2115,2114,2163,-1,2163,2114,2113,-1,2163,2113,2112,-1,2163,2164,2115,-1,2115,2164,2165,-1,2115,2165,2116,-1,2116,2165,2166,-1,2116,2166,2117,-1,2117,2166,2118,-1,2118,2166,2167,-1,2118,2167,2119,-1,2119,2167,2120,-1,2119,2120,705,-1,2129,2160,130,-1,2168,2169,2155,-1,2155,2169,2170,-1,2155,2170,2156,-1,2156,2170,2171,-1,2156,2171,2161,-1,2172,2159,2173,-1,2173,2159,2158,-1,2173,2158,2174,-1,2174,2158,2160,-1,2174,2160,2175,-1,2153,2168,2154,-1,2154,2168,2155,-1,2154,2155,2176,-1,2176,2155,2157,-1,2176,2157,2177,-1,2177,2157,130,-1,2129,2128,2160,-1,2160,2128,2127,-1,2160,2127,2175,-1,2175,2127,2126,-1,2175,2126,2125,-1,2178,2172,2179,-1,2179,2172,2173,-1,2179,2173,2180,-1,2180,2173,2174,-1,2180,2174,2181,-1,2181,2174,2175,-1,2181,2175,2182,-1,2182,2175,2125,-1,2151,2178,2183,-1,2183,2178,2179,-1,2183,2179,2184,-1,2184,2179,2180,-1,2184,2180,2185,-1,2185,2180,2181,-1,2185,2181,2186,-1,2186,2181,2182,-1,2186,2182,2187,-1,2150,2152,2151,-1,2151,2152,2154,-1,2151,2154,2178,-1,2178,2154,2176,-1,2178,2176,2172,-1,2172,2176,2177,-1,2172,2177,2159,-1,2159,2177,130,-1,2111,698,2162,-1,2162,698,2188,-1,2162,2188,2149,-1,2125,2124,2182,-1,2182,2124,2123,-1,2182,2123,2187,-1,2187,2123,2122,-1,2187,2122,2121,-1,2149,2151,2162,-1,2162,2151,2183,-1,2162,2183,2163,-1,2163,2183,2184,-1,2163,2184,2164,-1,2164,2184,2185,-1,2164,2185,2165,-1,2165,2185,2186,-1,2165,2186,2166,-1,2166,2186,2187,-1,2166,2187,2167,-1,2167,2187,2121,-1,2167,2121,2120,-1,2134,2135,2189,-1,2190,2191,2192,-1,128,2193,2194,-1,2195,2193,128,-1,2192,2191,128,-1,2130,128,2191,-1,2196,2141,2140,-1,2141,2196,2142,-1,2142,2196,2197,-1,2142,2197,2143,-1,2143,2197,2198,-1,2143,2198,2144,-1,2144,2198,2199,-1,2144,2199,2145,-1,2145,2199,2146,-1,2146,2199,2200,-1,2146,2200,2147,-1,2147,2200,2148,-1,2148,2200,2201,-1,2148,2201,697,-1,2202,2195,128,-1,2136,2137,2190,-1,2190,2137,2138,-1,2190,2138,2191,-1,2191,2138,2139,-1,2191,2139,2130,-1,2203,2194,2204,-1,2204,2194,2193,-1,2204,2193,2205,-1,2205,2193,2195,-1,2205,2195,2206,-1,2202,2207,2195,-1,2195,2207,2208,-1,2195,2208,2206,-1,2206,2208,2209,-1,2206,2209,2210,-1,2189,2203,2211,-1,2211,2203,2204,-1,2211,2204,2212,-1,2212,2204,2205,-1,2212,2205,2213,-1,2213,2205,2206,-1,2213,2206,2214,-1,2214,2206,2210,-1,2132,2133,2215,-1,2215,2133,2134,-1,2134,2189,2215,-1,2215,2189,2211,-1,2215,2211,2216,-1,2216,2211,2212,-1,2216,2212,2217,-1,2217,2212,2213,-1,2217,2213,2218,-1,2218,2213,2214,-1,2218,2214,2219,-1,2135,2136,2189,-1,2189,2136,2190,-1,2189,2190,2203,-1,2203,2190,2192,-1,2203,2192,2194,-1,2194,2192,128,-1,2132,2196,2131,-1,2131,2196,2140,-1,2131,2140,702,-1,2210,2220,2214,-1,2214,2220,2221,-1,2214,2221,2219,-1,2219,2221,2222,-1,2219,2222,2223,-1,2132,2215,2196,-1,2196,2215,2216,-1,2196,2216,2197,-1,2197,2216,2217,-1,2197,2217,2198,-1,2198,2217,2218,-1,2198,2218,2199,-1,2199,2218,2219,-1,2199,2219,2200,-1,2200,2219,2223,-1,2200,2223,2201,-1,698,697,2188,-1,2188,697,2201,-1,2188,2201,2149,-1,2149,2201,2223,-1,2149,2223,2150,-1,2150,2223,2222,-1,2150,2222,2152,-1,2152,2222,2221,-1,2152,2221,2153,-1,2153,2221,2220,-1,2153,2220,2168,-1,2168,2220,2210,-1,2168,2210,2169,-1,2169,2210,2209,-1,2169,2209,2170,-1,2170,2209,2208,-1,2170,2208,2171,-1,2171,2208,2207,-1,2171,2207,2161,-1,2207,2202,2161,-1,2161,2202,128,-1,2161,128,130,-1,218,217,2224,-1,2224,217,2225,-1,2224,2225,2226,-1,2226,2225,2227,-1,2226,2227,2228,-1,2228,2227,2229,-1,2228,2229,2230,-1,2230,2229,2231,-1,2230,2231,2232,-1,2232,2231,2233,-1,2232,2233,241,-1,241,2233,239,-1,217,216,2225,-1,2225,216,2234,-1,2225,2234,2227,-1,2227,2234,2235,-1,2227,2235,2229,-1,2229,2235,2236,-1,2229,2236,2231,-1,2231,2236,2237,-1,2231,2237,2233,-1,2233,2237,2238,-1,2233,2238,239,-1,239,2238,237,-1,216,209,2234,-1,2234,209,2239,-1,2234,2239,2235,-1,2235,2239,2240,-1,2235,2240,2236,-1,2236,2240,2241,-1,2236,2241,2237,-1,2237,2241,2242,-1,2237,2242,2238,-1,2238,2242,2243,-1,2238,2243,237,-1,237,2243,235,-1,209,208,2239,-1,2239,208,2244,-1,2239,2244,2240,-1,2240,2244,2245,-1,2240,2245,2241,-1,2241,2245,2246,-1,2241,2246,2242,-1,2242,2246,2247,-1,2242,2247,2243,-1,2243,2247,2248,-1,2243,2248,235,-1,235,2248,233,-1,208,215,2244,-1,2244,215,2249,-1,2244,2249,2245,-1,2245,2249,2250,-1,2245,2250,2246,-1,2246,2250,2251,-1,2246,2251,2247,-1,2247,2251,2252,-1,2247,2252,2248,-1,2248,2252,2253,-1,2248,2253,233,-1,233,2253,231,-1,215,214,2249,-1,2249,214,2254,-1,2249,2254,2250,-1,2250,2254,2255,-1,2250,2255,2251,-1,2251,2255,2256,-1,2251,2256,2252,-1,2252,2256,2257,-1,2252,2257,2253,-1,2253,2257,2258,-1,2253,2258,231,-1,231,2258,205,-1,211,213,756,-1,756,213,2259,-1,756,2259,2260,-1,2260,2259,2261,-1,2261,2259,2262,-1,2261,2262,2263,-1,2263,2262,2264,-1,2264,2262,2265,-1,2264,2265,2266,-1,2266,2265,2267,-1,2267,2265,2268,-1,2267,2268,2269,-1,2269,2268,2270,-1,2270,2268,2271,-1,2270,2271,2272,-1,245,243,2271,-1,2271,243,755,-1,2271,755,2272,-1,748,207,205,-1,748,205,2273,-1,2273,205,2258,-1,2273,2258,2274,-1,2274,2258,2257,-1,2274,2257,2275,-1,2275,2257,2276,-1,2276,2257,2256,-1,2276,2256,2277,-1,2277,2256,2278,-1,2278,2256,2255,-1,2278,2255,2279,-1,2279,2255,2280,-1,2280,2255,2254,-1,2280,2254,2281,-1,214,212,2254,-1,2254,212,759,-1,2254,759,2281,-1,755,754,2282,-1,755,2282,2272,-1,2272,2282,2283,-1,2272,2283,2270,-1,2283,2284,2270,-1,2270,2284,2285,-1,2270,2285,2269,-1,2269,2285,2267,-1,2267,2285,2286,-1,2267,2286,2287,-1,2287,2288,2267,-1,2267,2288,2289,-1,2267,2289,2266,-1,2289,2290,2266,-1,2266,2290,2291,-1,2266,2291,2264,-1,2264,2291,2292,-1,2264,2292,2263,-1,2263,2292,2293,-1,757,756,2294,-1,2294,756,2260,-1,2294,2260,2293,-1,2293,2260,2261,-1,2293,2261,2263,-1,203,201,2295,-1,758,757,2296,-1,2296,757,2297,-1,2296,2297,2298,-1,2298,2297,2299,-1,2298,2299,2300,-1,2300,2299,2301,-1,2300,2301,2302,-1,2302,2301,2303,-1,2302,2303,2304,-1,2304,2303,2305,-1,2304,2305,2306,-1,2306,2305,2307,-1,2306,2307,2308,-1,2308,2307,2309,-1,2308,2309,2310,-1,2310,2309,2311,-1,2310,2311,2312,-1,2312,2311,2313,-1,2312,2313,2295,-1,2295,2313,2314,-1,2295,2314,203,-1,759,758,2281,-1,2281,758,2315,-1,2281,2315,2280,-1,2280,2315,2316,-1,2280,2316,2279,-1,2279,2316,2278,-1,2316,2317,2278,-1,2278,2317,2318,-1,2278,2318,2277,-1,2277,2318,2319,-1,2277,2319,2276,-1,2276,2319,2320,-1,2320,2321,2276,-1,2276,2321,2322,-1,2276,2322,2275,-1,2275,2322,2323,-1,2275,2323,2274,-1,2323,2324,2274,-1,2274,2324,2325,-1,2274,2325,2273,-1,749,748,2326,-1,2326,748,2273,-1,2326,2273,2327,-1,2327,2273,2325,-1,240,238,2328,-1,2328,238,2329,-1,2328,2329,2330,-1,2330,2329,2331,-1,2330,2331,2332,-1,2332,2331,2333,-1,2332,2333,2334,-1,2334,2333,2335,-1,2334,2335,2336,-1,2336,2335,2337,-1,2336,2337,222,-1,222,2337,223,-1,238,236,2329,-1,2329,236,2338,-1,2329,2338,2331,-1,2331,2338,2339,-1,2331,2339,2333,-1,2333,2339,2340,-1,2333,2340,2335,-1,2335,2340,2341,-1,2335,2341,2337,-1,2337,2341,2342,-1,2337,2342,223,-1,223,2342,225,-1,236,234,2338,-1,2338,234,2343,-1,2338,2343,2339,-1,2339,2343,2344,-1,2339,2344,2340,-1,2340,2344,2345,-1,2340,2345,2341,-1,2341,2345,2346,-1,2341,2346,2342,-1,2342,2346,2347,-1,2342,2347,225,-1,225,2347,226,-1,234,232,2343,-1,2343,232,2348,-1,2343,2348,2344,-1,2344,2348,2349,-1,2344,2349,2345,-1,2345,2349,2350,-1,2345,2350,2346,-1,2346,2350,2351,-1,2346,2351,2347,-1,2347,2351,2352,-1,2347,2352,226,-1,226,2352,227,-1,232,230,2348,-1,2348,230,2353,-1,2348,2353,2349,-1,2349,2353,2354,-1,2349,2354,2350,-1,2350,2354,2355,-1,2350,2355,2351,-1,2351,2355,2356,-1,2351,2356,2352,-1,2352,2356,2357,-1,2352,2357,227,-1,227,2357,228,-1,230,204,2353,-1,2353,204,2358,-1,2353,2358,2354,-1,2354,2358,2359,-1,2354,2359,2355,-1,2355,2359,2360,-1,2355,2360,2356,-1,2356,2360,2361,-1,2356,2361,2357,-1,2357,2361,2362,-1,2357,2362,228,-1,228,2362,229,-1,242,244,752,-1,752,244,2363,-1,752,2363,2364,-1,2364,2363,2365,-1,2365,2363,2366,-1,2365,2366,2367,-1,2367,2366,2368,-1,2368,2366,2369,-1,2368,2369,2370,-1,2370,2369,2371,-1,2371,2369,2372,-1,2371,2372,2373,-1,2373,2372,2374,-1,2374,2372,2375,-1,2374,2375,2376,-1,221,220,2375,-1,2375,220,747,-1,2375,747,2376,-1,2314,2313,2377,-1,2311,2309,2378,-1,2307,2305,2379,-1,2303,2301,2380,-1,2299,2297,2381,-1,2382,2282,754,-1,2383,2287,2384,-1,2384,2287,2286,-1,2384,2286,2285,-1,2385,2289,2383,-1,2383,2289,2288,-1,2383,2288,2287,-1,2290,2386,2291,-1,2291,2386,2387,-1,2291,2387,2292,-1,2292,2387,2293,-1,2293,2387,2381,-1,2293,2381,2294,-1,2294,2381,2297,-1,2294,2297,757,-1,754,2388,2382,-1,2382,2388,2389,-1,2382,2389,2390,-1,2389,2391,2390,-1,2390,2391,2392,-1,2390,2392,2393,-1,2392,2394,2393,-1,2393,2394,2395,-1,2393,2395,2396,-1,2395,2397,2396,-1,2396,2397,2398,-1,2396,2398,2377,-1,2301,2299,2380,-1,2380,2299,2381,-1,2380,2381,2399,-1,2399,2381,2387,-1,2399,2387,2385,-1,2385,2387,2386,-1,2385,2386,2289,-1,2289,2386,2290,-1,2305,2303,2379,-1,2379,2303,2380,-1,2379,2380,2400,-1,2400,2380,2399,-1,2400,2399,2401,-1,2401,2399,2385,-1,2401,2385,2402,-1,2402,2385,2383,-1,2402,2383,2403,-1,2403,2383,2384,-1,2403,2384,2284,-1,2284,2384,2285,-1,2309,2307,2378,-1,2378,2307,2379,-1,2378,2379,2404,-1,2404,2379,2400,-1,2404,2400,2405,-1,2405,2400,2401,-1,2405,2401,2406,-1,2406,2401,2402,-1,2406,2402,2407,-1,2407,2402,2403,-1,2407,2403,2283,-1,2283,2403,2284,-1,2313,2311,2377,-1,2377,2311,2378,-1,2377,2378,2396,-1,2396,2378,2404,-1,2396,2404,2393,-1,2393,2404,2405,-1,2393,2405,2390,-1,2390,2405,2406,-1,2390,2406,2382,-1,2382,2406,2407,-1,2382,2407,2282,-1,2282,2407,2283,-1,203,2314,2408,-1,2408,2314,2377,-1,2408,2377,2409,-1,2409,2377,2398,-1,2316,2315,2410,-1,2410,2315,758,-1,2319,2318,2411,-1,2411,2318,2317,-1,2322,2321,2412,-1,2412,2321,2320,-1,2325,2324,2413,-1,2413,2324,2323,-1,2413,2323,2322,-1,2413,2414,2325,-1,2325,2414,2415,-1,2325,2415,2327,-1,2327,2415,2416,-1,2327,2416,2326,-1,2326,2416,2417,-1,2326,2417,749,-1,758,2296,2410,-1,2410,2296,2298,-1,2410,2298,2418,-1,2298,2300,2418,-1,2418,2300,2302,-1,2418,2302,2419,-1,2302,2304,2419,-1,2419,2304,2306,-1,2419,2306,2420,-1,2306,2308,2420,-1,2420,2308,2310,-1,2420,2310,2421,-1,201,2422,2295,-1,2295,2422,2421,-1,2295,2421,2312,-1,2312,2421,2310,-1,2316,2410,2423,-1,2423,2410,2418,-1,2423,2418,2424,-1,2424,2418,2419,-1,2424,2419,2425,-1,2425,2419,2420,-1,2425,2420,2426,-1,2426,2420,2421,-1,2426,2421,2427,-1,2422,2428,2421,-1,2421,2428,2429,-1,2421,2429,2427,-1,2427,2429,2430,-1,2427,2430,2431,-1,2431,2432,2427,-1,2427,2432,2433,-1,2427,2433,2426,-1,2426,2433,2434,-1,2426,2434,2425,-1,2425,2434,2435,-1,2425,2435,2424,-1,2424,2435,2411,-1,2424,2411,2423,-1,2423,2411,2317,-1,2423,2317,2316,-1,2319,2411,2320,-1,2320,2411,2435,-1,2320,2435,2412,-1,2412,2435,2434,-1,2412,2434,2436,-1,2436,2434,2433,-1,2436,2433,2437,-1,2437,2433,2432,-1,2437,2432,2438,-1,2431,2439,2432,-1,2432,2439,2440,-1,2432,2440,2438,-1,2438,2440,2441,-1,2438,2441,2442,-1,2322,2412,2413,-1,2413,2412,2436,-1,2413,2436,2414,-1,2414,2436,2437,-1,2414,2437,2415,-1,2415,2437,2438,-1,2415,2438,2416,-1,2416,2438,2442,-1,2416,2442,2417,-1,744,219,229,-1,744,229,2443,-1,2443,229,2362,-1,2443,2362,2444,-1,2444,2362,2361,-1,2444,2361,2445,-1,2445,2361,2446,-1,2446,2361,2360,-1,2446,2360,2447,-1,2447,2360,2448,-1,2448,2360,2359,-1,2448,2359,2449,-1,2449,2359,2450,-1,2450,2359,2358,-1,2450,2358,2451,-1,204,206,2358,-1,2358,206,751,-1,2358,751,2451,-1,747,746,2376,-1,2376,746,2452,-1,2376,2452,2374,-1,2374,2452,2453,-1,2374,2453,2373,-1,2373,2453,2371,-1,2453,2454,2371,-1,2371,2454,2455,-1,2371,2455,2370,-1,2370,2455,2456,-1,2370,2456,2368,-1,2368,2456,2457,-1,2457,2458,2368,-1,2368,2458,2459,-1,2368,2459,2367,-1,2367,2459,2460,-1,2367,2460,2365,-1,2460,2461,2365,-1,2365,2461,2462,-1,2365,2462,2364,-1,753,752,2463,-1,2463,752,2364,-1,2463,2364,2464,-1,2464,2364,2462,-1,202,203,2408,-1,754,753,2388,-1,2388,753,2465,-1,2388,2465,2389,-1,2389,2465,2466,-1,2389,2466,2391,-1,2391,2466,2467,-1,2391,2467,2392,-1,2392,2467,2468,-1,2392,2468,2394,-1,2394,2468,2469,-1,2394,2469,2395,-1,2395,2469,2470,-1,2395,2470,2397,-1,2397,2470,2471,-1,2397,2471,2398,-1,2398,2471,2472,-1,2398,2472,2409,-1,2409,2472,2473,-1,2409,2473,2408,-1,2408,2473,2474,-1,2408,2474,202,-1,201,200,2475,-1,750,749,2476,-1,2476,749,2417,-1,2476,2417,2477,-1,2477,2417,2442,-1,2477,2442,2478,-1,2478,2442,2441,-1,2478,2441,2479,-1,2479,2441,2440,-1,2479,2440,2480,-1,2480,2440,2439,-1,2480,2439,2481,-1,2481,2439,2431,-1,2481,2431,2482,-1,2482,2431,2430,-1,2482,2430,2483,-1,2483,2430,2429,-1,2483,2429,2484,-1,2484,2429,2428,-1,2484,2428,2475,-1,2475,2428,2422,-1,2475,2422,201,-1,2451,751,750,-1,750,2485,2451,-1,2451,2485,2486,-1,2451,2486,2450,-1,2450,2486,2487,-1,2450,2487,2488,-1,2489,2490,2448,-1,2489,2448,2488,-1,2488,2448,2449,-1,2488,2449,2450,-1,2490,2491,2448,-1,2448,2491,2492,-1,2448,2492,2447,-1,2492,2493,2447,-1,2447,2493,2494,-1,2447,2494,2446,-1,2446,2494,2495,-1,2446,2495,2445,-1,2445,2495,2496,-1,745,744,2497,-1,2497,744,2443,-1,2497,2443,2496,-1,2496,2443,2444,-1,2496,2444,2445,-1,2498,2499,2500,-1,2501,2502,2503,-1,2504,2505,2506,-1,746,2507,2508,-1,2509,2454,2510,-1,2510,2454,2453,-1,2510,2453,2508,-1,2508,2453,2452,-1,2508,2452,746,-1,2457,2456,2509,-1,2509,2456,2455,-1,2509,2455,2454,-1,2459,2511,2512,-1,2462,2461,2512,-1,2512,2461,2460,-1,2512,2460,2459,-1,2465,2513,2466,-1,2466,2513,2514,-1,2515,2468,2514,-1,2514,2468,2467,-1,2514,2467,2466,-1,2516,2470,2515,-1,2515,2470,2469,-1,2515,2469,2468,-1,2474,2473,2517,-1,2517,2473,2472,-1,2517,2472,2516,-1,2516,2472,2471,-1,2516,2471,2470,-1,202,2474,2518,-1,2518,2474,2517,-1,2518,2517,2519,-1,2519,2517,2520,-1,2505,2520,2506,-1,2506,2520,2517,-1,2506,2517,2521,-1,2521,2517,2516,-1,2521,2516,2522,-1,2522,2516,2515,-1,2522,2515,2523,-1,2523,2515,2514,-1,2523,2514,2524,-1,2524,2514,2513,-1,2502,2504,2503,-1,2503,2504,2506,-1,2503,2506,2525,-1,2525,2506,2521,-1,2525,2521,2526,-1,2526,2521,2522,-1,2526,2522,2527,-1,2527,2522,2523,-1,2527,2523,2528,-1,2528,2523,2524,-1,2499,2501,2500,-1,2500,2501,2503,-1,2500,2503,2529,-1,2529,2503,2525,-1,2529,2525,2530,-1,2530,2525,2526,-1,2530,2526,2511,-1,2511,2526,2527,-1,2511,2527,2512,-1,2512,2527,2528,-1,2512,2528,2462,-1,2462,2528,2524,-1,2462,2524,2464,-1,2464,2524,2513,-1,2464,2513,2463,-1,2463,2513,2465,-1,2463,2465,753,-1,2507,2498,2508,-1,2508,2498,2500,-1,2508,2500,2510,-1,2510,2500,2529,-1,2510,2529,2509,-1,2509,2529,2530,-1,2509,2530,2457,-1,2457,2530,2511,-1,2457,2511,2458,-1,2458,2511,2459,-1,2531,2532,2533,-1,2534,2535,2536,-1,2537,2538,2539,-1,2540,2541,2542,-1,2543,2485,750,-1,2544,2490,2545,-1,2545,2490,2489,-1,2545,2489,2488,-1,2546,2492,2544,-1,2544,2492,2491,-1,2544,2491,2490,-1,2493,2547,2494,-1,2494,2547,2548,-1,2494,2548,2495,-1,2495,2548,2496,-1,2496,2548,2533,-1,2496,2533,2497,-1,2497,2533,2532,-1,2497,2532,745,-1,2549,2550,2551,-1,2551,2550,2475,-1,2551,2475,200,-1,2552,2483,2550,-1,2550,2483,2484,-1,2550,2484,2475,-1,2553,2481,2552,-1,2552,2481,2482,-1,2552,2482,2483,-1,2535,2531,2536,-1,2536,2531,2533,-1,2536,2533,2554,-1,2554,2533,2548,-1,2554,2548,2546,-1,2546,2548,2547,-1,2546,2547,2492,-1,2492,2547,2493,-1,2555,2479,2553,-1,2553,2479,2480,-1,2553,2480,2481,-1,750,2476,2543,-1,2543,2476,2477,-1,2543,2477,2555,-1,2555,2477,2478,-1,2555,2478,2479,-1,2549,2540,2550,-1,2550,2540,2542,-1,2550,2542,2552,-1,2552,2542,2556,-1,2552,2556,2553,-1,2553,2556,2557,-1,2553,2557,2555,-1,2555,2557,2558,-1,2555,2558,2543,-1,2543,2558,2559,-1,2543,2559,2485,-1,2485,2559,2486,-1,2541,2537,2542,-1,2542,2537,2539,-1,2542,2539,2556,-1,2556,2539,2560,-1,2556,2560,2557,-1,2557,2560,2561,-1,2557,2561,2558,-1,2558,2561,2562,-1,2558,2562,2559,-1,2559,2562,2563,-1,2559,2563,2486,-1,2486,2563,2487,-1,2538,2534,2539,-1,2539,2534,2536,-1,2539,2536,2560,-1,2560,2536,2554,-1,2560,2554,2561,-1,2561,2554,2546,-1,2561,2546,2562,-1,2562,2546,2544,-1,2562,2544,2563,-1,2563,2544,2545,-1,2563,2545,2487,-1,2487,2545,2488,-1,746,745,2507,-1,2507,745,2532,-1,2507,2532,2498,-1,2498,2532,2531,-1,2498,2531,2499,-1,2499,2531,2535,-1,2499,2535,2501,-1,2501,2535,2534,-1,2501,2534,2502,-1,2502,2534,2538,-1,2502,2538,2504,-1,2504,2538,2537,-1,2504,2537,2505,-1,2505,2537,2541,-1,2505,2541,2520,-1,2520,2541,2540,-1,2520,2540,2519,-1,2519,2540,2549,-1,2519,2549,2518,-1,2549,2551,2518,-1,2518,2551,200,-1,2518,200,202,-1,162,164,2564,-1,2564,164,2565,-1,2564,2565,2566,-1,2566,2565,2567,-1,2566,2567,2568,-1,2568,2567,2569,-1,2568,2569,2570,-1,2570,2569,2571,-1,2570,2571,2572,-1,2572,2571,2573,-1,2572,2573,135,-1,135,2573,177,-1,164,165,2565,-1,2565,165,2574,-1,2565,2574,2567,-1,2567,2574,2575,-1,2567,2575,2569,-1,2569,2575,2576,-1,2569,2576,2571,-1,2571,2576,2577,-1,2571,2577,2573,-1,2573,2577,2578,-1,2573,2578,177,-1,177,2578,175,-1,165,159,2574,-1,2574,159,2579,-1,2574,2579,2575,-1,2575,2579,2580,-1,2575,2580,2576,-1,2576,2580,2581,-1,2576,2581,2577,-1,2577,2581,2582,-1,2577,2582,2578,-1,2578,2582,2583,-1,2578,2583,175,-1,175,2583,173,-1,159,158,2579,-1,2579,158,2584,-1,2579,2584,2580,-1,2580,2584,2585,-1,2580,2585,2581,-1,2581,2585,2586,-1,2581,2586,2582,-1,2582,2586,2587,-1,2582,2587,2583,-1,2583,2587,2588,-1,2583,2588,173,-1,173,2588,171,-1,158,156,2584,-1,2584,156,2589,-1,2584,2589,2585,-1,2585,2589,2590,-1,2585,2590,2586,-1,2586,2590,2591,-1,2586,2591,2587,-1,2587,2591,2592,-1,2587,2592,2588,-1,2588,2592,2593,-1,2588,2593,171,-1,171,2593,169,-1,156,155,2589,-1,2589,155,2594,-1,2589,2594,2590,-1,2590,2594,2595,-1,2590,2595,2591,-1,2591,2595,2596,-1,2591,2596,2592,-1,2592,2596,2597,-1,2592,2597,2593,-1,2593,2597,2598,-1,2593,2598,169,-1,169,2598,166,-1,740,160,162,-1,740,162,2599,-1,2599,162,2564,-1,2599,2564,2600,-1,2600,2564,2566,-1,2600,2566,2601,-1,2601,2566,2602,-1,2602,2566,2568,-1,2602,2568,2603,-1,2603,2568,2604,-1,2604,2568,2570,-1,2604,2570,2605,-1,2605,2570,2606,-1,2606,2570,2572,-1,2606,2572,2607,-1,135,133,2572,-1,2572,133,739,-1,2572,739,2607,-1,143,141,732,-1,732,141,2608,-1,732,2608,2609,-1,2609,2608,2610,-1,2610,2608,2611,-1,2610,2611,2612,-1,2612,2611,2613,-1,2613,2611,2614,-1,2613,2614,2615,-1,2615,2614,2616,-1,2616,2614,2617,-1,2616,2617,2618,-1,2618,2617,2619,-1,2619,2617,2620,-1,2619,2620,2621,-1,163,161,2620,-1,2620,161,743,-1,2620,743,2621,-1,134,176,2622,-1,2622,176,2623,-1,2622,2623,2624,-1,2624,2623,2625,-1,2624,2625,2626,-1,2626,2625,2627,-1,2626,2627,2628,-1,2628,2627,2629,-1,2628,2629,2630,-1,2630,2629,2631,-1,2630,2631,153,-1,153,2631,154,-1,176,174,2623,-1,2623,174,2632,-1,2623,2632,2625,-1,2625,2632,2633,-1,2625,2633,2627,-1,2627,2633,2634,-1,2627,2634,2629,-1,2629,2634,2635,-1,2629,2635,2631,-1,2631,2635,2636,-1,2631,2636,154,-1,154,2636,147,-1,174,172,2632,-1,2632,172,2637,-1,2632,2637,2633,-1,2633,2637,2638,-1,2633,2638,2634,-1,2634,2638,2639,-1,2634,2639,2635,-1,2635,2639,2640,-1,2635,2640,2636,-1,2636,2640,2641,-1,2636,2641,147,-1,147,2641,148,-1,172,170,2637,-1,2637,170,2642,-1,2637,2642,2638,-1,2638,2642,2643,-1,2638,2643,2639,-1,2639,2643,2644,-1,2639,2644,2640,-1,2640,2644,2645,-1,2640,2645,2641,-1,2641,2645,2646,-1,2641,2646,148,-1,148,2646,149,-1,170,168,2642,-1,2642,168,2647,-1,2642,2647,2643,-1,2643,2647,2648,-1,2643,2648,2644,-1,2644,2648,2649,-1,2644,2649,2645,-1,2645,2649,2650,-1,2645,2650,2646,-1,2646,2650,2651,-1,2646,2651,149,-1,149,2651,144,-1,168,167,2647,-1,2647,167,2652,-1,2647,2652,2648,-1,2648,2652,2653,-1,2648,2653,2649,-1,2649,2653,2654,-1,2649,2654,2650,-1,2650,2654,2655,-1,2650,2655,2651,-1,2651,2655,2656,-1,2651,2656,144,-1,144,2656,145,-1,739,738,2657,-1,739,2657,2607,-1,2607,2657,2658,-1,2607,2658,2606,-1,2606,2658,2659,-1,2606,2659,2605,-1,2605,2659,2660,-1,2605,2660,2604,-1,2604,2660,2661,-1,2604,2661,2662,-1,2662,2663,2604,-1,2604,2663,2664,-1,2604,2664,2603,-1,2664,2665,2603,-1,2603,2665,2666,-1,2603,2666,2602,-1,2602,2666,2667,-1,2602,2667,2601,-1,2601,2667,2668,-1,741,740,2669,-1,2669,740,2599,-1,2669,2599,2668,-1,2668,2599,2600,-1,2668,2600,2601,-1,139,137,2670,-1,742,741,2671,-1,2671,741,2672,-1,2671,2672,2673,-1,2673,2672,2674,-1,2673,2674,2675,-1,2675,2674,2676,-1,2675,2676,2677,-1,2677,2676,2678,-1,2677,2678,2679,-1,2679,2678,2680,-1,2679,2680,2681,-1,2681,2680,2682,-1,2681,2682,2683,-1,2683,2682,2684,-1,2683,2684,2685,-1,2685,2684,2686,-1,2685,2686,2687,-1,2687,2686,2688,-1,2687,2688,2670,-1,2670,2688,2689,-1,2670,2689,139,-1,743,742,2621,-1,2621,742,2690,-1,2621,2690,2619,-1,2619,2690,2691,-1,2619,2691,2618,-1,2618,2691,2616,-1,2691,2692,2616,-1,2616,2692,2693,-1,2616,2693,2615,-1,2615,2693,2694,-1,2615,2694,2613,-1,2613,2694,2695,-1,2695,2696,2613,-1,2613,2696,2697,-1,2613,2697,2612,-1,2612,2697,2698,-1,2612,2698,2610,-1,2698,2699,2610,-1,2610,2699,2700,-1,2610,2700,2609,-1,733,732,2701,-1,2701,732,2609,-1,2701,2609,2702,-1,2702,2609,2700,-1,736,132,134,-1,736,134,2703,-1,2703,134,2622,-1,2703,2622,2704,-1,2704,2622,2624,-1,2704,2624,2705,-1,2705,2624,2706,-1,2706,2624,2626,-1,2706,2626,2707,-1,2707,2626,2708,-1,2708,2626,2628,-1,2708,2628,2709,-1,2709,2628,2710,-1,2710,2628,2630,-1,2710,2630,2711,-1,153,151,2630,-1,2630,151,731,-1,2630,731,2711,-1,2674,2672,2712,-1,2678,2676,2713,-1,2682,2680,2714,-1,2686,2684,2715,-1,2716,2657,738,-1,2717,2662,2718,-1,2718,2662,2661,-1,2718,2661,2660,-1,2719,2664,2717,-1,2717,2664,2663,-1,2717,2663,2662,-1,2665,2720,2666,-1,2666,2720,2721,-1,2666,2721,2667,-1,2667,2721,2668,-1,2668,2721,2712,-1,2668,2712,2669,-1,2669,2712,2672,-1,2669,2672,741,-1,2688,2722,2689,-1,2689,2722,2723,-1,2689,2723,139,-1,2724,2725,2722,-1,2722,2725,2726,-1,2722,2726,2723,-1,2727,2728,2724,-1,2724,2728,2729,-1,2724,2729,2725,-1,2676,2674,2713,-1,2713,2674,2712,-1,2713,2712,2730,-1,2730,2712,2721,-1,2730,2721,2719,-1,2719,2721,2720,-1,2719,2720,2664,-1,2664,2720,2665,-1,2731,2732,2727,-1,2727,2732,2733,-1,2727,2733,2728,-1,738,2734,2716,-1,2716,2734,2735,-1,2716,2735,2731,-1,2731,2735,2736,-1,2731,2736,2732,-1,2688,2686,2722,-1,2722,2686,2715,-1,2722,2715,2724,-1,2724,2715,2737,-1,2724,2737,2727,-1,2727,2737,2738,-1,2727,2738,2731,-1,2731,2738,2739,-1,2731,2739,2716,-1,2716,2739,2740,-1,2716,2740,2657,-1,2657,2740,2658,-1,2684,2682,2715,-1,2715,2682,2714,-1,2715,2714,2737,-1,2737,2714,2741,-1,2737,2741,2738,-1,2738,2741,2742,-1,2738,2742,2739,-1,2739,2742,2743,-1,2739,2743,2740,-1,2740,2743,2744,-1,2740,2744,2658,-1,2658,2744,2659,-1,2680,2678,2714,-1,2714,2678,2713,-1,2714,2713,2741,-1,2741,2713,2730,-1,2741,2730,2742,-1,2742,2730,2719,-1,2742,2719,2743,-1,2743,2719,2717,-1,2743,2717,2744,-1,2744,2717,2718,-1,2744,2718,2659,-1,2659,2718,2660,-1,2673,2675,2745,-1,2677,2679,2746,-1,2681,2683,2747,-1,742,2671,2748,-1,2749,2692,2750,-1,2750,2692,2691,-1,2750,2691,2748,-1,2748,2691,2690,-1,2748,2690,742,-1,2695,2694,2749,-1,2749,2694,2693,-1,2749,2693,2692,-1,2697,2751,2752,-1,2700,2699,2752,-1,2752,2699,2698,-1,2752,2698,2697,-1,2753,2754,2755,-1,2755,2754,2756,-1,2757,2758,2756,-1,2756,2758,2759,-1,2756,2759,2755,-1,2760,2761,2757,-1,2757,2761,2762,-1,2757,2762,2758,-1,2763,2764,2765,-1,2765,2764,2766,-1,2765,2766,2760,-1,2760,2766,2767,-1,2760,2767,2761,-1,137,2763,2670,-1,2670,2763,2765,-1,2670,2765,2687,-1,2687,2765,2685,-1,2683,2685,2747,-1,2747,2685,2765,-1,2747,2765,2768,-1,2768,2765,2760,-1,2768,2760,2769,-1,2769,2760,2757,-1,2769,2757,2770,-1,2770,2757,2756,-1,2770,2756,2771,-1,2771,2756,2754,-1,2679,2681,2746,-1,2746,2681,2747,-1,2746,2747,2772,-1,2772,2747,2768,-1,2772,2768,2773,-1,2773,2768,2769,-1,2773,2769,2774,-1,2774,2769,2770,-1,2774,2770,2775,-1,2775,2770,2771,-1,2675,2677,2745,-1,2745,2677,2746,-1,2745,2746,2776,-1,2776,2746,2772,-1,2776,2772,2777,-1,2777,2772,2773,-1,2777,2773,2751,-1,2751,2773,2774,-1,2751,2774,2752,-1,2752,2774,2775,-1,2752,2775,2700,-1,2700,2775,2771,-1,2700,2771,2702,-1,2702,2771,2754,-1,2702,2754,2701,-1,2701,2754,2753,-1,2701,2753,733,-1,2671,2673,2748,-1,2748,2673,2745,-1,2748,2745,2750,-1,2750,2745,2776,-1,2750,2776,2749,-1,2749,2776,2777,-1,2749,2777,2695,-1,2695,2777,2751,-1,2695,2751,2696,-1,2696,2751,2697,-1,150,152,728,-1,728,152,2778,-1,728,2778,2779,-1,2779,2778,2780,-1,2780,2778,2781,-1,2780,2781,2782,-1,2782,2781,2783,-1,2783,2781,2784,-1,2783,2784,2785,-1,2785,2784,2786,-1,2786,2784,2787,-1,2786,2787,2788,-1,2788,2787,2789,-1,2789,2787,2790,-1,2789,2790,2791,-1,140,142,2790,-1,2790,142,735,-1,2790,735,2791,-1,731,730,2711,-1,2711,730,2792,-1,2711,2792,2710,-1,2710,2792,2793,-1,2710,2793,2709,-1,2709,2793,2708,-1,2793,2794,2708,-1,2708,2794,2795,-1,2708,2795,2707,-1,2707,2795,2796,-1,2707,2796,2706,-1,2706,2796,2797,-1,2797,2798,2706,-1,2706,2798,2799,-1,2706,2799,2705,-1,2705,2799,2800,-1,2705,2800,2704,-1,2800,2801,2704,-1,2704,2801,2802,-1,2704,2802,2703,-1,737,736,2803,-1,2803,736,2703,-1,2803,2703,2804,-1,2804,2703,2802,-1,138,139,2723,-1,738,737,2734,-1,2734,737,2805,-1,2734,2805,2735,-1,2735,2805,2806,-1,2735,2806,2736,-1,2736,2806,2807,-1,2736,2807,2732,-1,2732,2807,2808,-1,2732,2808,2733,-1,2733,2808,2809,-1,2733,2809,2728,-1,2728,2809,2810,-1,2728,2810,2729,-1,2729,2810,2811,-1,2729,2811,2725,-1,2725,2811,2812,-1,2725,2812,2726,-1,2726,2812,2813,-1,2726,2813,2723,-1,2723,2813,2814,-1,2723,2814,138,-1,137,136,2815,-1,734,733,2816,-1,2816,733,2753,-1,2816,2753,2817,-1,2817,2753,2755,-1,2817,2755,2818,-1,2818,2755,2759,-1,2818,2759,2819,-1,2819,2759,2758,-1,2819,2758,2820,-1,2820,2758,2762,-1,2820,2762,2821,-1,2821,2762,2761,-1,2821,2761,2822,-1,2822,2761,2767,-1,2822,2767,2823,-1,2823,2767,2766,-1,2823,2766,2824,-1,2824,2766,2764,-1,2824,2764,2815,-1,2815,2764,2763,-1,2815,2763,137,-1,735,734,2825,-1,735,2825,2791,-1,2791,2825,2826,-1,2791,2826,2789,-1,2826,2827,2789,-1,2789,2827,2828,-1,2789,2828,2788,-1,2788,2828,2786,-1,2786,2828,2829,-1,2786,2829,2830,-1,2830,2831,2786,-1,2786,2831,2832,-1,2786,2832,2785,-1,2832,2833,2785,-1,2785,2833,2834,-1,2785,2834,2783,-1,2783,2834,2835,-1,2783,2835,2782,-1,2782,2835,2836,-1,729,728,2837,-1,2837,728,2779,-1,2837,2779,2836,-1,2836,2779,2780,-1,2836,2780,2782,-1,2814,2813,2838,-1,2839,2792,730,-1,2796,2795,2840,-1,2840,2795,2794,-1,2799,2798,2841,-1,2841,2798,2797,-1,2802,2801,2842,-1,2842,2801,2800,-1,2842,2800,2799,-1,2842,2843,2802,-1,2802,2843,2844,-1,2802,2844,2804,-1,2804,2844,2845,-1,2804,2845,2803,-1,2803,2845,2805,-1,2803,2805,737,-1,730,2846,2839,-1,2839,2846,2847,-1,2839,2847,2848,-1,2847,2849,2848,-1,2848,2849,2850,-1,2848,2850,2851,-1,2850,2852,2851,-1,2851,2852,2853,-1,2851,2853,2854,-1,2853,2855,2854,-1,2854,2855,2856,-1,2854,2856,2838,-1,138,2814,2857,-1,2857,2814,2838,-1,2857,2838,2858,-1,2858,2838,2856,-1,2813,2859,2838,-1,2838,2859,2860,-1,2838,2860,2854,-1,2854,2860,2861,-1,2854,2861,2851,-1,2851,2861,2862,-1,2851,2862,2848,-1,2848,2862,2863,-1,2848,2863,2839,-1,2839,2863,2793,-1,2839,2793,2792,-1,2813,2812,2859,-1,2859,2812,2811,-1,2859,2811,2810,-1,2810,2864,2859,-1,2859,2864,2865,-1,2859,2865,2860,-1,2860,2865,2866,-1,2860,2866,2861,-1,2861,2866,2867,-1,2861,2867,2862,-1,2862,2867,2840,-1,2862,2840,2863,-1,2863,2840,2794,-1,2863,2794,2793,-1,2796,2840,2797,-1,2797,2840,2867,-1,2797,2867,2841,-1,2841,2867,2866,-1,2841,2866,2868,-1,2868,2866,2865,-1,2868,2865,2869,-1,2869,2865,2864,-1,2869,2864,2870,-1,2810,2809,2864,-1,2864,2809,2808,-1,2864,2808,2870,-1,2870,2808,2807,-1,2870,2807,2806,-1,2799,2841,2842,-1,2842,2841,2868,-1,2842,2868,2843,-1,2843,2868,2869,-1,2843,2869,2844,-1,2844,2869,2870,-1,2844,2870,2845,-1,2845,2870,2806,-1,2845,2806,2805,-1,2871,2872,2873,-1,2874,2875,2876,-1,2877,2878,2879,-1,2880,2881,2882,-1,2883,2884,2885,-1,2886,2825,734,-1,2887,2830,2888,-1,2888,2830,2829,-1,2888,2829,2828,-1,2889,2832,2887,-1,2887,2832,2831,-1,2887,2831,2830,-1,2833,2890,2834,-1,2834,2890,2891,-1,2834,2891,2835,-1,2835,2891,2836,-1,2836,2891,2885,-1,2836,2885,2837,-1,2837,2885,2884,-1,2837,2884,729,-1,734,2816,2886,-1,2886,2816,2817,-1,2886,2817,2892,-1,2817,2818,2892,-1,2892,2818,2819,-1,2892,2819,2893,-1,2819,2820,2893,-1,2893,2820,2821,-1,2893,2821,2894,-1,2821,2822,2894,-1,2894,2822,2823,-1,2894,2823,2873,-1,2881,2883,2882,-1,2882,2883,2885,-1,2882,2885,2895,-1,2895,2885,2891,-1,2895,2891,2889,-1,2889,2891,2890,-1,2889,2890,2832,-1,2832,2890,2833,-1,2878,2880,2879,-1,2879,2880,2882,-1,2879,2882,2896,-1,2896,2882,2895,-1,2896,2895,2897,-1,2897,2895,2889,-1,2897,2889,2898,-1,2898,2889,2887,-1,2898,2887,2899,-1,2899,2887,2888,-1,2899,2888,2827,-1,2827,2888,2828,-1,2875,2877,2876,-1,2876,2877,2879,-1,2876,2879,2900,-1,2900,2879,2896,-1,2900,2896,2901,-1,2901,2896,2897,-1,2901,2897,2902,-1,2902,2897,2898,-1,2902,2898,2903,-1,2903,2898,2899,-1,2903,2899,2826,-1,2826,2899,2827,-1,2872,2874,2873,-1,2873,2874,2876,-1,2873,2876,2894,-1,2894,2876,2900,-1,2894,2900,2893,-1,2893,2900,2901,-1,2893,2901,2892,-1,2892,2901,2902,-1,2892,2902,2886,-1,2886,2902,2903,-1,2886,2903,2825,-1,2825,2903,2826,-1,136,2871,2815,-1,2815,2871,2873,-1,2815,2873,2824,-1,2824,2873,2823,-1,730,729,2846,-1,2846,729,2884,-1,2846,2884,2847,-1,2847,2884,2883,-1,2847,2883,2849,-1,2849,2883,2881,-1,2849,2881,2850,-1,2850,2881,2880,-1,2850,2880,2852,-1,2852,2880,2878,-1,2852,2878,2853,-1,2853,2878,2877,-1,2853,2877,2855,-1,2855,2877,2875,-1,2855,2875,2856,-1,2856,2875,2874,-1,2856,2874,2858,-1,2858,2874,2872,-1,2858,2872,2857,-1,2872,2871,2857,-1,2857,2871,136,-1,2857,136,138,-1,788,188,190,-1,788,190,2904,-1,2904,190,2905,-1,2904,2905,2906,-1,2906,2905,2907,-1,2906,2907,2908,-1,2908,2907,2909,-1,2909,2907,2910,-1,2909,2910,2911,-1,2911,2910,2912,-1,2912,2910,2913,-1,2912,2913,2914,-1,2914,2913,2915,-1,2915,2913,2916,-1,2915,2916,2917,-1,182,181,2916,-1,2916,181,787,-1,2916,787,2917,-1,780,184,183,-1,780,183,2918,-1,2918,183,2919,-1,2918,2919,2920,-1,2920,2919,2921,-1,2920,2921,2922,-1,2922,2921,2923,-1,2923,2921,2924,-1,2923,2924,2925,-1,2925,2924,2926,-1,2926,2924,2927,-1,2926,2927,2928,-1,2928,2927,2929,-1,2929,2927,2930,-1,2929,2930,2931,-1,191,189,2930,-1,2930,189,791,-1,2930,791,2931,-1,2912,2914,2932,-1,2932,2914,2915,-1,2932,2915,786,-1,786,2915,2917,-1,786,2917,787,-1,2932,2933,2912,-1,2912,2933,2934,-1,2912,2934,2911,-1,2911,2934,2935,-1,2935,2936,2911,-1,2911,2936,2937,-1,2911,2937,2909,-1,2909,2937,2938,-1,2909,2938,2908,-1,2908,2938,2939,-1,2908,2939,2906,-1,2906,2939,2940,-1,2906,2940,2904,-1,2904,2940,789,-1,2904,789,788,-1,199,197,2941,-1,790,789,2942,-1,2942,789,2943,-1,2942,2943,2944,-1,2944,2943,2945,-1,2944,2945,2946,-1,2946,2945,2947,-1,2946,2947,2948,-1,2948,2947,2949,-1,2948,2949,2950,-1,2950,2949,2951,-1,2950,2951,2952,-1,2952,2951,2953,-1,2952,2953,2954,-1,2954,2953,2955,-1,2954,2955,2956,-1,2956,2955,2957,-1,2956,2957,2958,-1,2958,2957,2959,-1,2958,2959,2941,-1,2941,2959,2960,-1,2941,2960,199,-1,2926,2928,2961,-1,2961,2928,2929,-1,2961,2929,790,-1,790,2929,2931,-1,790,2931,791,-1,2961,2962,2926,-1,2926,2962,2963,-1,2926,2963,2925,-1,2925,2963,2964,-1,2964,2965,2925,-1,2925,2965,2966,-1,2925,2966,2923,-1,2923,2966,2967,-1,2923,2967,2922,-1,2922,2967,2968,-1,2922,2968,2920,-1,2920,2968,2969,-1,2920,2969,2918,-1,2918,2969,781,-1,2918,781,780,-1,784,179,178,-1,784,178,2970,-1,2970,178,2971,-1,2970,2971,2972,-1,2972,2971,2973,-1,2972,2973,2974,-1,2974,2973,2975,-1,2975,2973,2976,-1,2975,2976,2977,-1,2977,2976,2978,-1,2978,2976,2979,-1,2978,2979,2980,-1,2980,2979,2981,-1,2981,2979,2982,-1,2981,2982,2983,-1,2983,2982,2984,-1,2984,2982,2985,-1,2984,2985,2986,-1,195,193,2985,-1,2985,193,779,-1,2985,779,2986,-1,2987,2988,2989,-1,2990,2991,2992,-1,199,2993,2994,-1,2995,2993,199,-1,2992,2991,199,-1,2996,199,2991,-1,2997,2933,2932,-1,2933,2997,2934,-1,2934,2997,2998,-1,2934,2998,2935,-1,2935,2998,2999,-1,2935,2999,2936,-1,2936,2999,3000,-1,2936,3000,2937,-1,2937,3000,2938,-1,2938,3000,3001,-1,2938,3001,2939,-1,2939,3001,2940,-1,2940,3001,2943,-1,2940,2943,789,-1,2960,2995,199,-1,3002,3003,2990,-1,2990,3003,3004,-1,2990,3004,2991,-1,2991,3004,3005,-1,2991,3005,2996,-1,3006,2994,3007,-1,3007,2994,2993,-1,3007,2993,3008,-1,3008,2993,2995,-1,3008,2995,3009,-1,2960,2959,2995,-1,2995,2959,2957,-1,2995,2957,3009,-1,3009,2957,2955,-1,3009,2955,2953,-1,2989,3006,3010,-1,3010,3006,3007,-1,3010,3007,3011,-1,3011,3007,3008,-1,3011,3008,3012,-1,3012,3008,3009,-1,3012,3009,3013,-1,3013,3009,2953,-1,3014,3015,3016,-1,3016,3015,2987,-1,2987,2989,3016,-1,3016,2989,3010,-1,3016,3010,3017,-1,3017,3010,3011,-1,3017,3011,3018,-1,3018,3011,3012,-1,3018,3012,3019,-1,3019,3012,3013,-1,3019,3013,3020,-1,2988,3002,2989,-1,2989,3002,2990,-1,2989,2990,3006,-1,3006,2990,2992,-1,3006,2992,2994,-1,2994,2992,199,-1,3014,2997,3021,-1,3021,2997,2932,-1,3021,2932,786,-1,2953,2951,3013,-1,3013,2951,2949,-1,3013,2949,3020,-1,3020,2949,2947,-1,3020,2947,2945,-1,3014,3016,2997,-1,2997,3016,3017,-1,2997,3017,2998,-1,2998,3017,3018,-1,2998,3018,2999,-1,2999,3018,3019,-1,2999,3019,3000,-1,3000,3019,3020,-1,3000,3020,3001,-1,3001,3020,2945,-1,3001,2945,2943,-1,2948,2950,3022,-1,3023,3024,3025,-1,197,3026,3027,-1,3028,3026,197,-1,3025,3024,197,-1,2941,197,3024,-1,3029,2962,2961,-1,2962,3029,2963,-1,2963,3029,3030,-1,2963,3030,2964,-1,2964,3030,3031,-1,2964,3031,2965,-1,2965,3031,3032,-1,2965,3032,2966,-1,2966,3032,2967,-1,2967,3032,3033,-1,2967,3033,2968,-1,2968,3033,2969,-1,2969,3033,3034,-1,2969,3034,781,-1,3035,3028,197,-1,2952,2954,3023,-1,3023,2954,2956,-1,3023,2956,3024,-1,3024,2956,2958,-1,3024,2958,2941,-1,3036,3027,3037,-1,3037,3027,3026,-1,3037,3026,3038,-1,3038,3026,3028,-1,3038,3028,3039,-1,3035,3040,3028,-1,3028,3040,3041,-1,3028,3041,3039,-1,3039,3041,3042,-1,3039,3042,3043,-1,3022,3036,3044,-1,3044,3036,3037,-1,3044,3037,3045,-1,3045,3037,3038,-1,3045,3038,3046,-1,3046,3038,3039,-1,3046,3039,3047,-1,3047,3039,3043,-1,2944,2946,3048,-1,3048,2946,2948,-1,2948,3022,3048,-1,3048,3022,3044,-1,3048,3044,3049,-1,3049,3044,3045,-1,3049,3045,3050,-1,3050,3045,3046,-1,3050,3046,3051,-1,3051,3046,3047,-1,3051,3047,3052,-1,2950,2952,3022,-1,3022,2952,3023,-1,3022,3023,3036,-1,3036,3023,3025,-1,3036,3025,3027,-1,3027,3025,197,-1,2944,3029,2942,-1,2942,3029,2961,-1,2942,2961,790,-1,3043,3053,3047,-1,3047,3053,3054,-1,3047,3054,3052,-1,3052,3054,3055,-1,3052,3055,3056,-1,2944,3048,3029,-1,3029,3048,3049,-1,3029,3049,3030,-1,3030,3049,3050,-1,3030,3050,3031,-1,3031,3050,3051,-1,3031,3051,3032,-1,3032,3051,3052,-1,3032,3052,3033,-1,3033,3052,3056,-1,3033,3056,3034,-1,776,192,194,-1,776,194,3057,-1,3057,194,3058,-1,3057,3058,3059,-1,3059,3058,3060,-1,3059,3060,3061,-1,3061,3060,3062,-1,3062,3060,3063,-1,3062,3063,3064,-1,3064,3063,3065,-1,3065,3063,3066,-1,3065,3066,3067,-1,3067,3066,3068,-1,3068,3066,3069,-1,3068,3069,3070,-1,187,186,3069,-1,3069,186,783,-1,3069,783,3070,-1,3071,2986,3072,-1,3072,2986,779,-1,3072,779,778,-1,3073,2980,3074,-1,3074,2980,2981,-1,3074,2981,3075,-1,3075,2981,2983,-1,3075,2983,3071,-1,3071,2983,2984,-1,3071,2984,2986,-1,3076,2974,3077,-1,3077,2974,2975,-1,3077,2975,3078,-1,3078,2975,2977,-1,3078,2977,3073,-1,3073,2977,2978,-1,3073,2978,2980,-1,785,784,3079,-1,3079,784,2970,-1,3079,2970,3076,-1,3076,2970,2972,-1,3076,2972,2974,-1,198,199,2996,-1,786,785,3021,-1,3021,785,3080,-1,3021,3080,3014,-1,3014,3080,3081,-1,3014,3081,3015,-1,3015,3081,3082,-1,3015,3082,2987,-1,2987,3082,3083,-1,2987,3083,2988,-1,2988,3083,3084,-1,2988,3084,3002,-1,3002,3084,3085,-1,3002,3085,3003,-1,3003,3085,3086,-1,3003,3086,3004,-1,3004,3086,3087,-1,3004,3087,3005,-1,3005,3087,3088,-1,3005,3088,2996,-1,2996,3088,3089,-1,2996,3089,198,-1,197,196,3090,-1,782,781,3091,-1,3091,781,3034,-1,3091,3034,3092,-1,3092,3034,3056,-1,3092,3056,3093,-1,3093,3056,3055,-1,3093,3055,3094,-1,3094,3055,3054,-1,3094,3054,3095,-1,3095,3054,3053,-1,3095,3053,3096,-1,3096,3053,3043,-1,3096,3043,3097,-1,3097,3043,3042,-1,3097,3042,3098,-1,3098,3042,3041,-1,3098,3041,3099,-1,3099,3041,3040,-1,3099,3040,3090,-1,3090,3040,3035,-1,3090,3035,197,-1,783,782,3070,-1,3070,782,3100,-1,3070,3100,3068,-1,3068,3100,3101,-1,3068,3101,3067,-1,3067,3101,3102,-1,3067,3102,3065,-1,3102,3103,3065,-1,3065,3103,3104,-1,3065,3104,3064,-1,3064,3104,3105,-1,3064,3105,3062,-1,3062,3105,3106,-1,3062,3106,3061,-1,3061,3106,3107,-1,777,776,3108,-1,3108,776,3057,-1,3108,3057,3107,-1,3107,3057,3059,-1,3107,3059,3061,-1,3109,3110,3111,-1,3112,3113,3114,-1,3115,3116,3117,-1,198,3118,3119,-1,3120,3118,198,-1,3117,3116,198,-1,3121,198,3116,-1,3072,3122,3071,-1,3071,3122,3123,-1,3073,3074,3123,-1,3123,3074,3075,-1,3123,3075,3071,-1,3123,3124,3073,-1,3073,3124,3125,-1,3073,3125,3078,-1,3078,3125,3126,-1,3078,3126,3077,-1,3077,3126,3076,-1,3076,3126,3127,-1,3076,3127,3079,-1,3079,3127,3080,-1,3079,3080,785,-1,3089,3120,198,-1,3128,3129,3115,-1,3115,3129,3130,-1,3115,3130,3116,-1,3116,3130,3131,-1,3116,3131,3121,-1,3132,3119,3133,-1,3133,3119,3118,-1,3133,3118,3134,-1,3134,3118,3120,-1,3134,3120,3135,-1,3113,3128,3114,-1,3114,3128,3115,-1,3114,3115,3136,-1,3136,3115,3117,-1,3136,3117,3137,-1,3137,3117,198,-1,3089,3088,3120,-1,3120,3088,3087,-1,3120,3087,3135,-1,3135,3087,3086,-1,3135,3086,3085,-1,3138,3132,3139,-1,3139,3132,3133,-1,3139,3133,3140,-1,3140,3133,3134,-1,3140,3134,3141,-1,3141,3134,3135,-1,3141,3135,3142,-1,3142,3135,3085,-1,3111,3138,3143,-1,3143,3138,3139,-1,3143,3139,3144,-1,3144,3139,3140,-1,3144,3140,3145,-1,3145,3140,3141,-1,3145,3141,3146,-1,3146,3141,3142,-1,3146,3142,3147,-1,3110,3112,3111,-1,3111,3112,3114,-1,3111,3114,3138,-1,3138,3114,3136,-1,3138,3136,3132,-1,3132,3136,3137,-1,3132,3137,3119,-1,3119,3137,198,-1,3072,778,3122,-1,3122,778,3148,-1,3122,3148,3109,-1,3085,3084,3142,-1,3142,3084,3083,-1,3142,3083,3147,-1,3147,3083,3082,-1,3147,3082,3081,-1,3109,3111,3122,-1,3122,3111,3143,-1,3122,3143,3123,-1,3123,3143,3144,-1,3123,3144,3124,-1,3124,3144,3145,-1,3124,3145,3125,-1,3125,3145,3146,-1,3125,3146,3126,-1,3126,3146,3147,-1,3126,3147,3127,-1,3127,3147,3081,-1,3127,3081,3080,-1,3092,3093,3149,-1,3094,3095,3150,-1,3151,3152,3153,-1,196,3154,3155,-1,3156,3154,196,-1,3153,3152,196,-1,3090,196,3152,-1,3100,3157,3101,-1,3101,3157,3158,-1,3104,3103,3158,-1,3158,3103,3102,-1,3158,3102,3101,-1,3158,3159,3104,-1,3104,3159,3160,-1,3104,3160,3105,-1,3105,3160,3161,-1,3105,3161,3106,-1,3106,3161,3107,-1,3107,3161,3162,-1,3107,3162,3108,-1,3108,3162,3163,-1,3108,3163,777,-1,3164,3156,196,-1,3096,3097,3151,-1,3151,3097,3098,-1,3151,3098,3152,-1,3152,3098,3099,-1,3152,3099,3090,-1,3165,3155,3166,-1,3166,3155,3154,-1,3166,3154,3167,-1,3167,3154,3156,-1,3167,3156,3168,-1,3095,3096,3150,-1,3150,3096,3151,-1,3150,3151,3169,-1,3169,3151,3153,-1,3169,3153,3170,-1,3170,3153,196,-1,3164,3171,3156,-1,3156,3171,3172,-1,3156,3172,3168,-1,3168,3172,3173,-1,3168,3173,3174,-1,3175,3165,3176,-1,3176,3165,3166,-1,3176,3166,3177,-1,3177,3166,3167,-1,3177,3167,3178,-1,3178,3167,3168,-1,3178,3168,3179,-1,3179,3168,3174,-1,3149,3175,3180,-1,3180,3175,3176,-1,3180,3176,3181,-1,3181,3176,3177,-1,3181,3177,3182,-1,3182,3177,3178,-1,3182,3178,3183,-1,3183,3178,3179,-1,3183,3179,3184,-1,3093,3094,3149,-1,3149,3094,3150,-1,3149,3150,3175,-1,3175,3150,3169,-1,3175,3169,3165,-1,3165,3169,3170,-1,3165,3170,3155,-1,3155,3170,196,-1,3100,782,3157,-1,3157,782,3091,-1,3157,3091,3092,-1,3174,3185,3179,-1,3179,3185,3186,-1,3179,3186,3184,-1,3184,3186,3187,-1,3184,3187,3188,-1,3092,3149,3157,-1,3157,3149,3180,-1,3157,3180,3158,-1,3158,3180,3181,-1,3158,3181,3159,-1,3159,3181,3182,-1,3159,3182,3160,-1,3160,3182,3183,-1,3160,3183,3161,-1,3161,3183,3184,-1,3161,3184,3162,-1,3162,3184,3188,-1,3162,3188,3163,-1,778,777,3148,-1,3148,777,3163,-1,3148,3163,3109,-1,3109,3163,3188,-1,3109,3188,3110,-1,3110,3188,3187,-1,3110,3187,3112,-1,3112,3187,3186,-1,3112,3186,3113,-1,3113,3186,3185,-1,3113,3185,3128,-1,3128,3185,3174,-1,3128,3174,3129,-1,3129,3174,3173,-1,3129,3173,3130,-1,3130,3173,3172,-1,3130,3172,3131,-1,3131,3172,3171,-1,3131,3171,3121,-1,3171,3164,3121,-1,3121,3164,196,-1,3121,196,198,-1,772,259,257,-1,772,257,3189,-1,3189,257,3190,-1,3189,3190,3191,-1,3191,3190,3192,-1,3191,3192,3193,-1,3193,3192,3194,-1,3194,3192,3195,-1,3194,3195,3196,-1,3196,3195,3197,-1,3197,3195,3198,-1,3197,3198,3199,-1,3199,3198,3200,-1,3200,3198,3201,-1,3200,3201,3202,-1,255,254,3201,-1,3201,254,771,-1,3201,771,3202,-1,764,247,246,-1,764,246,3203,-1,3203,246,3204,-1,3203,3204,3205,-1,3205,3204,3206,-1,3205,3206,3207,-1,3207,3206,3208,-1,3208,3206,3209,-1,3208,3209,3210,-1,3210,3209,3211,-1,3211,3209,3212,-1,3211,3212,3213,-1,3213,3212,3214,-1,3214,3212,3215,-1,3214,3215,3216,-1,256,258,3215,-1,3215,258,775,-1,3215,775,3216,-1,3197,3199,3217,-1,3217,3199,3200,-1,3217,3200,770,-1,770,3200,3202,-1,770,3202,771,-1,3217,3218,3197,-1,3197,3218,3219,-1,3197,3219,3196,-1,3196,3219,3220,-1,3220,3221,3196,-1,3196,3221,3222,-1,3196,3222,3194,-1,3194,3222,3223,-1,3194,3223,3193,-1,3193,3223,3224,-1,3193,3224,3191,-1,3191,3224,3225,-1,3191,3225,3189,-1,3189,3225,773,-1,3189,773,772,-1,267,265,3226,-1,774,773,3227,-1,3227,773,3228,-1,3227,3228,3229,-1,3229,3228,3230,-1,3229,3230,3231,-1,3231,3230,3232,-1,3231,3232,3233,-1,3233,3232,3234,-1,3233,3234,3235,-1,3235,3234,3236,-1,3235,3236,3237,-1,3237,3236,3238,-1,3237,3238,3239,-1,3239,3238,3240,-1,3239,3240,3241,-1,3241,3240,3242,-1,3241,3242,3243,-1,3243,3242,3244,-1,3243,3244,3226,-1,3226,3244,3245,-1,3226,3245,267,-1,775,774,3216,-1,3216,774,3246,-1,3216,3246,3214,-1,3214,3246,3247,-1,3214,3247,3213,-1,3213,3247,3248,-1,3213,3248,3211,-1,3248,3249,3211,-1,3211,3249,3250,-1,3211,3250,3210,-1,3210,3250,3251,-1,3210,3251,3208,-1,3208,3251,3252,-1,3208,3252,3207,-1,3207,3252,3253,-1,765,764,3254,-1,3254,764,3203,-1,3254,3203,3253,-1,3253,3203,3205,-1,3253,3205,3207,-1,768,252,251,-1,768,251,3255,-1,3255,251,3256,-1,3255,3256,3257,-1,3257,3256,3258,-1,3257,3258,3259,-1,3259,3258,3260,-1,3260,3258,3261,-1,3260,3261,3262,-1,3262,3261,3263,-1,3263,3261,3264,-1,3263,3264,3265,-1,3265,3264,3266,-1,3266,3264,3267,-1,3266,3267,3268,-1,263,261,3267,-1,3267,261,763,-1,3267,763,3268,-1,3269,3270,3271,-1,3272,3273,3274,-1,267,3275,3276,-1,3277,3275,267,-1,3274,3273,267,-1,3278,267,3273,-1,3279,3218,3217,-1,3218,3279,3219,-1,3219,3279,3280,-1,3219,3280,3220,-1,3220,3280,3281,-1,3220,3281,3221,-1,3221,3281,3282,-1,3221,3282,3222,-1,3222,3282,3223,-1,3223,3282,3283,-1,3223,3283,3224,-1,3224,3283,3225,-1,3225,3283,3228,-1,3225,3228,773,-1,3245,3277,267,-1,3284,3285,3272,-1,3272,3285,3286,-1,3272,3286,3273,-1,3273,3286,3287,-1,3273,3287,3278,-1,3288,3276,3289,-1,3289,3276,3275,-1,3289,3275,3290,-1,3290,3275,3277,-1,3290,3277,3291,-1,3245,3244,3277,-1,3277,3244,3242,-1,3277,3242,3291,-1,3291,3242,3240,-1,3291,3240,3238,-1,3271,3288,3292,-1,3292,3288,3289,-1,3292,3289,3293,-1,3293,3289,3290,-1,3293,3290,3294,-1,3294,3290,3291,-1,3294,3291,3295,-1,3295,3291,3238,-1,3296,3297,3298,-1,3298,3297,3269,-1,3269,3271,3298,-1,3298,3271,3292,-1,3298,3292,3299,-1,3299,3292,3293,-1,3299,3293,3300,-1,3300,3293,3294,-1,3300,3294,3301,-1,3301,3294,3295,-1,3301,3295,3302,-1,3270,3284,3271,-1,3271,3284,3272,-1,3271,3272,3288,-1,3288,3272,3274,-1,3288,3274,3276,-1,3276,3274,267,-1,3296,3279,3303,-1,3303,3279,3217,-1,3303,3217,770,-1,3238,3236,3295,-1,3295,3236,3234,-1,3295,3234,3302,-1,3302,3234,3232,-1,3302,3232,3230,-1,3296,3298,3279,-1,3279,3298,3299,-1,3279,3299,3280,-1,3280,3299,3300,-1,3280,3300,3281,-1,3281,3300,3301,-1,3281,3301,3282,-1,3282,3301,3302,-1,3282,3302,3283,-1,3283,3302,3230,-1,3283,3230,3228,-1,3229,3231,3304,-1,3233,3235,3305,-1,3306,3307,3308,-1,265,3309,3310,-1,3311,3309,265,-1,3308,3307,265,-1,3226,265,3307,-1,3246,3312,3247,-1,3247,3312,3313,-1,3250,3249,3313,-1,3313,3249,3248,-1,3313,3248,3247,-1,3313,3314,3250,-1,3250,3314,3315,-1,3250,3315,3251,-1,3251,3315,3316,-1,3251,3316,3252,-1,3252,3316,3253,-1,3253,3316,3317,-1,3253,3317,3254,-1,3254,3317,3318,-1,3254,3318,765,-1,3319,3311,265,-1,3237,3239,3306,-1,3306,3239,3241,-1,3306,3241,3307,-1,3307,3241,3243,-1,3307,3243,3226,-1,3320,3310,3321,-1,3321,3310,3309,-1,3321,3309,3322,-1,3322,3309,3311,-1,3322,3311,3323,-1,3235,3237,3305,-1,3305,3237,3306,-1,3305,3306,3324,-1,3324,3306,3308,-1,3324,3308,3325,-1,3325,3308,265,-1,3319,3326,3311,-1,3311,3326,3327,-1,3311,3327,3323,-1,3323,3327,3328,-1,3323,3328,3329,-1,3330,3320,3331,-1,3331,3320,3321,-1,3331,3321,3332,-1,3332,3321,3322,-1,3332,3322,3333,-1,3333,3322,3323,-1,3333,3323,3334,-1,3334,3323,3329,-1,3304,3330,3335,-1,3335,3330,3331,-1,3335,3331,3336,-1,3336,3331,3332,-1,3336,3332,3337,-1,3337,3332,3333,-1,3337,3333,3338,-1,3338,3333,3334,-1,3338,3334,3339,-1,3231,3233,3304,-1,3304,3233,3305,-1,3304,3305,3330,-1,3330,3305,3324,-1,3330,3324,3320,-1,3320,3324,3325,-1,3320,3325,3310,-1,3310,3325,265,-1,3246,774,3312,-1,3312,774,3227,-1,3312,3227,3229,-1,3329,3340,3334,-1,3334,3340,3341,-1,3334,3341,3339,-1,3339,3341,3342,-1,3339,3342,3343,-1,3229,3304,3312,-1,3312,3304,3335,-1,3312,3335,3313,-1,3313,3335,3336,-1,3313,3336,3314,-1,3314,3336,3337,-1,3314,3337,3315,-1,3315,3337,3338,-1,3315,3338,3316,-1,3316,3338,3339,-1,3316,3339,3317,-1,3317,3339,3343,-1,3317,3343,3318,-1,760,260,262,-1,760,262,3344,-1,3344,262,3345,-1,3344,3345,3346,-1,3346,3345,3347,-1,3346,3347,3348,-1,3348,3347,3349,-1,3349,3347,3350,-1,3349,3350,3351,-1,3351,3350,3352,-1,3352,3350,3353,-1,3352,3353,3354,-1,3354,3353,3355,-1,3355,3353,3356,-1,3355,3356,3357,-1,250,249,3356,-1,3356,249,767,-1,3356,767,3357,-1,3263,3265,3358,-1,3358,3265,3266,-1,3358,3266,762,-1,762,3266,3268,-1,762,3268,763,-1,3358,3359,3263,-1,3263,3359,3360,-1,3263,3360,3262,-1,3262,3360,3361,-1,3361,3362,3262,-1,3262,3362,3363,-1,3262,3363,3260,-1,3260,3363,3364,-1,3260,3364,3259,-1,3259,3364,3365,-1,3259,3365,3257,-1,3257,3365,3366,-1,3257,3366,3255,-1,3255,3366,769,-1,3255,769,768,-1,266,267,3278,-1,770,769,3303,-1,3303,769,3367,-1,3303,3367,3296,-1,3296,3367,3368,-1,3296,3368,3297,-1,3297,3368,3369,-1,3297,3369,3269,-1,3269,3369,3370,-1,3269,3370,3270,-1,3270,3370,3371,-1,3270,3371,3284,-1,3284,3371,3372,-1,3284,3372,3285,-1,3285,3372,3373,-1,3285,3373,3286,-1,3286,3373,3374,-1,3286,3374,3287,-1,3287,3374,3375,-1,3287,3375,3278,-1,3278,3375,3376,-1,3278,3376,266,-1,265,264,3377,-1,766,765,3378,-1,3378,765,3318,-1,3378,3318,3379,-1,3379,3318,3343,-1,3379,3343,3380,-1,3380,3343,3342,-1,3380,3342,3381,-1,3381,3342,3341,-1,3381,3341,3382,-1,3382,3341,3340,-1,3382,3340,3383,-1,3383,3340,3329,-1,3383,3329,3384,-1,3384,3329,3328,-1,3384,3328,3385,-1,3385,3328,3327,-1,3385,3327,3386,-1,3386,3327,3326,-1,3386,3326,3377,-1,3377,3326,3319,-1,3377,3319,265,-1,3352,3354,3387,-1,3387,3354,3355,-1,3387,3355,766,-1,766,3355,3357,-1,766,3357,767,-1,3387,3388,3352,-1,3352,3388,3389,-1,3352,3389,3351,-1,3351,3389,3390,-1,3390,3391,3351,-1,3351,3391,3392,-1,3351,3392,3349,-1,3349,3392,3393,-1,3349,3393,3348,-1,3348,3393,3394,-1,3348,3394,3346,-1,3346,3394,3395,-1,3346,3395,3344,-1,3344,3395,761,-1,3344,761,760,-1,3396,3397,3398,-1,3399,3400,3401,-1,266,3402,3403,-1,3404,3402,266,-1,3401,3400,266,-1,3405,266,3400,-1,3406,3359,3358,-1,3359,3406,3360,-1,3360,3406,3407,-1,3360,3407,3361,-1,3361,3407,3408,-1,3361,3408,3362,-1,3362,3408,3409,-1,3362,3409,3363,-1,3363,3409,3364,-1,3364,3409,3410,-1,3364,3410,3365,-1,3365,3410,3366,-1,3366,3410,3367,-1,3366,3367,769,-1,3376,3404,266,-1,3411,3412,3399,-1,3399,3412,3413,-1,3399,3413,3400,-1,3400,3413,3414,-1,3400,3414,3405,-1,3415,3403,3416,-1,3416,3403,3402,-1,3416,3402,3417,-1,3417,3402,3404,-1,3417,3404,3418,-1,3376,3375,3404,-1,3404,3375,3374,-1,3404,3374,3418,-1,3418,3374,3373,-1,3418,3373,3372,-1,3398,3415,3419,-1,3419,3415,3416,-1,3419,3416,3420,-1,3420,3416,3417,-1,3420,3417,3421,-1,3421,3417,3418,-1,3421,3418,3422,-1,3422,3418,3372,-1,3423,3424,3425,-1,3425,3424,3396,-1,3396,3398,3425,-1,3425,3398,3419,-1,3425,3419,3426,-1,3426,3419,3420,-1,3426,3420,3427,-1,3427,3420,3421,-1,3427,3421,3428,-1,3428,3421,3422,-1,3428,3422,3429,-1,3397,3411,3398,-1,3398,3411,3399,-1,3398,3399,3415,-1,3415,3399,3401,-1,3415,3401,3403,-1,3403,3401,266,-1,3423,3406,3430,-1,3430,3406,3358,-1,3430,3358,762,-1,3372,3371,3422,-1,3422,3371,3370,-1,3422,3370,3429,-1,3429,3370,3369,-1,3429,3369,3368,-1,3423,3425,3406,-1,3406,3425,3426,-1,3406,3426,3407,-1,3407,3426,3427,-1,3407,3427,3408,-1,3408,3427,3428,-1,3408,3428,3409,-1,3409,3428,3429,-1,3409,3429,3410,-1,3410,3429,3368,-1,3410,3368,3367,-1,3381,3382,3431,-1,3432,3433,3434,-1,264,3435,3436,-1,3437,3435,264,-1,3434,3433,264,-1,3377,264,3433,-1,3438,3388,3387,-1,3388,3438,3389,-1,3389,3438,3439,-1,3389,3439,3390,-1,3390,3439,3440,-1,3390,3440,3391,-1,3391,3440,3441,-1,3391,3441,3392,-1,3392,3441,3393,-1,3393,3441,3442,-1,3393,3442,3394,-1,3394,3442,3395,-1,3395,3442,3443,-1,3395,3443,761,-1,3444,3437,264,-1,3383,3384,3432,-1,3432,3384,3385,-1,3432,3385,3433,-1,3433,3385,3386,-1,3433,3386,3377,-1,3445,3436,3446,-1,3446,3436,3435,-1,3446,3435,3447,-1,3447,3435,3437,-1,3447,3437,3448,-1,3444,3449,3437,-1,3437,3449,3450,-1,3437,3450,3448,-1,3448,3450,3451,-1,3448,3451,3452,-1,3431,3445,3453,-1,3453,3445,3446,-1,3453,3446,3454,-1,3454,3446,3447,-1,3454,3447,3455,-1,3455,3447,3448,-1,3455,3448,3456,-1,3456,3448,3452,-1,3379,3380,3457,-1,3457,3380,3381,-1,3381,3431,3457,-1,3457,3431,3453,-1,3457,3453,3458,-1,3458,3453,3454,-1,3458,3454,3459,-1,3459,3454,3455,-1,3459,3455,3460,-1,3460,3455,3456,-1,3460,3456,3461,-1,3382,3383,3431,-1,3431,3383,3432,-1,3431,3432,3445,-1,3445,3432,3434,-1,3445,3434,3436,-1,3436,3434,264,-1,3379,3438,3378,-1,3378,3438,3387,-1,3378,3387,766,-1,3452,3462,3456,-1,3456,3462,3463,-1,3456,3463,3461,-1,3461,3463,3464,-1,3461,3464,3465,-1,3379,3457,3438,-1,3438,3457,3458,-1,3438,3458,3439,-1,3439,3458,3459,-1,3439,3459,3440,-1,3440,3459,3460,-1,3440,3460,3441,-1,3441,3460,3461,-1,3441,3461,3442,-1,3442,3461,3465,-1,3442,3465,3443,-1,762,761,3430,-1,3430,761,3443,-1,3430,3443,3423,-1,3423,3443,3465,-1,3423,3465,3424,-1,3424,3465,3464,-1,3424,3464,3396,-1,3396,3464,3463,-1,3396,3463,3397,-1,3397,3463,3462,-1,3397,3462,3411,-1,3411,3462,3452,-1,3411,3452,3412,-1,3412,3452,3451,-1,3412,3451,3413,-1,3413,3451,3450,-1,3413,3450,3414,-1,3414,3450,3449,-1,3414,3449,3405,-1,3449,3444,3405,-1,3405,3444,264,-1,3405,264,266,-1,352,351,3466,-1,3466,351,3467,-1,3466,3467,3468,-1,3468,3467,3469,-1,3468,3469,3470,-1,3470,3469,3471,-1,3470,3471,3472,-1,3472,3471,3473,-1,3472,3473,3474,-1,3474,3473,3475,-1,3474,3475,375,-1,375,3475,373,-1,351,350,3467,-1,3467,350,3476,-1,3467,3476,3469,-1,3469,3476,3477,-1,3469,3477,3471,-1,3471,3477,3478,-1,3471,3478,3473,-1,3473,3478,3479,-1,3473,3479,3475,-1,3475,3479,3480,-1,3475,3480,373,-1,373,3480,371,-1,350,343,3476,-1,3476,343,3481,-1,3476,3481,3477,-1,3477,3481,3482,-1,3477,3482,3478,-1,3478,3482,3483,-1,3478,3483,3479,-1,3479,3483,3484,-1,3479,3484,3480,-1,3480,3484,3485,-1,3480,3485,371,-1,371,3485,369,-1,343,342,3481,-1,3481,342,3486,-1,3481,3486,3482,-1,3482,3486,3487,-1,3482,3487,3483,-1,3483,3487,3488,-1,3483,3488,3484,-1,3484,3488,3489,-1,3484,3489,3485,-1,3485,3489,3490,-1,3485,3490,369,-1,369,3490,367,-1,342,349,3486,-1,3486,349,3491,-1,3486,3491,3487,-1,3487,3491,3492,-1,3487,3492,3488,-1,3488,3492,3493,-1,3488,3493,3489,-1,3489,3493,3494,-1,3489,3494,3490,-1,3490,3494,3495,-1,3490,3495,367,-1,367,3495,365,-1,349,348,3491,-1,3491,348,3496,-1,3491,3496,3492,-1,3492,3496,3497,-1,3492,3497,3493,-1,3493,3497,3498,-1,3493,3498,3494,-1,3494,3498,3499,-1,3494,3499,3495,-1,3495,3499,3500,-1,3495,3500,365,-1,365,3500,339,-1,345,347,820,-1,820,347,3501,-1,820,3501,3502,-1,3502,3501,3503,-1,3503,3501,3504,-1,3503,3504,3505,-1,3505,3504,3506,-1,3506,3504,3507,-1,3506,3507,3508,-1,3508,3507,3509,-1,3509,3507,3510,-1,3509,3510,3511,-1,3511,3510,3512,-1,3512,3510,3513,-1,3512,3513,3514,-1,379,377,3513,-1,3513,377,819,-1,3513,819,3514,-1,812,341,339,-1,812,339,3515,-1,3515,339,3500,-1,3515,3500,3516,-1,3516,3500,3499,-1,3516,3499,3517,-1,3517,3499,3518,-1,3518,3499,3498,-1,3518,3498,3519,-1,3519,3498,3520,-1,3520,3498,3497,-1,3520,3497,3521,-1,3521,3497,3522,-1,3522,3497,3496,-1,3522,3496,3523,-1,348,346,3496,-1,3496,346,823,-1,3496,823,3523,-1,819,818,3524,-1,819,3524,3514,-1,3514,3524,3525,-1,3514,3525,3512,-1,3525,3526,3512,-1,3512,3526,3527,-1,3512,3527,3511,-1,3511,3527,3509,-1,3509,3527,3528,-1,3509,3528,3529,-1,3529,3530,3509,-1,3509,3530,3531,-1,3509,3531,3508,-1,3531,3532,3508,-1,3508,3532,3533,-1,3508,3533,3506,-1,3506,3533,3534,-1,3506,3534,3505,-1,3505,3534,3535,-1,821,820,3536,-1,3536,820,3502,-1,3536,3502,3535,-1,3535,3502,3503,-1,3535,3503,3505,-1,337,335,3537,-1,822,821,3538,-1,3538,821,3539,-1,3538,3539,3540,-1,3540,3539,3541,-1,3540,3541,3542,-1,3542,3541,3543,-1,3542,3543,3544,-1,3544,3543,3545,-1,3544,3545,3546,-1,3546,3545,3547,-1,3546,3547,3548,-1,3548,3547,3549,-1,3548,3549,3550,-1,3550,3549,3551,-1,3550,3551,3552,-1,3552,3551,3553,-1,3552,3553,3554,-1,3554,3553,3555,-1,3554,3555,3537,-1,3537,3555,3556,-1,3537,3556,337,-1,823,822,3523,-1,3523,822,3557,-1,3523,3557,3522,-1,3522,3557,3558,-1,3522,3558,3521,-1,3521,3558,3520,-1,3558,3559,3520,-1,3520,3559,3560,-1,3520,3560,3519,-1,3519,3560,3561,-1,3519,3561,3518,-1,3518,3561,3562,-1,3562,3563,3518,-1,3518,3563,3564,-1,3518,3564,3517,-1,3517,3564,3565,-1,3517,3565,3516,-1,3565,3566,3516,-1,3516,3566,3567,-1,3516,3567,3515,-1,813,812,3568,-1,3568,812,3515,-1,3568,3515,3569,-1,3569,3515,3567,-1,374,372,3570,-1,3570,372,3571,-1,3570,3571,3572,-1,3572,3571,3573,-1,3572,3573,3574,-1,3574,3573,3575,-1,3574,3575,3576,-1,3576,3575,3577,-1,3576,3577,3578,-1,3578,3577,3579,-1,3578,3579,356,-1,356,3579,357,-1,372,370,3571,-1,3571,370,3580,-1,3571,3580,3573,-1,3573,3580,3581,-1,3573,3581,3575,-1,3575,3581,3582,-1,3575,3582,3577,-1,3577,3582,3583,-1,3577,3583,3579,-1,3579,3583,3584,-1,3579,3584,357,-1,357,3584,359,-1,370,368,3580,-1,3580,368,3585,-1,3580,3585,3581,-1,3581,3585,3586,-1,3581,3586,3582,-1,3582,3586,3587,-1,3582,3587,3583,-1,3583,3587,3588,-1,3583,3588,3584,-1,3584,3588,3589,-1,3584,3589,359,-1,359,3589,360,-1,368,366,3585,-1,3585,366,3590,-1,3585,3590,3586,-1,3586,3590,3591,-1,3586,3591,3587,-1,3587,3591,3592,-1,3587,3592,3588,-1,3588,3592,3593,-1,3588,3593,3589,-1,3589,3593,3594,-1,3589,3594,360,-1,360,3594,361,-1,366,364,3590,-1,3590,364,3595,-1,3590,3595,3591,-1,3591,3595,3596,-1,3591,3596,3592,-1,3592,3596,3597,-1,3592,3597,3593,-1,3593,3597,3598,-1,3593,3598,3594,-1,3594,3598,3599,-1,3594,3599,361,-1,361,3599,362,-1,364,338,3595,-1,3595,338,3600,-1,3595,3600,3596,-1,3596,3600,3601,-1,3596,3601,3597,-1,3597,3601,3602,-1,3597,3602,3598,-1,3598,3602,3603,-1,3598,3603,3599,-1,3599,3603,3604,-1,3599,3604,362,-1,362,3604,363,-1,376,378,816,-1,816,378,3605,-1,816,3605,3606,-1,3606,3605,3607,-1,3607,3605,3608,-1,3607,3608,3609,-1,3609,3608,3610,-1,3610,3608,3611,-1,3610,3611,3612,-1,3612,3611,3613,-1,3613,3611,3614,-1,3613,3614,3615,-1,3615,3614,3616,-1,3616,3614,3617,-1,3616,3617,3618,-1,355,354,3617,-1,3617,354,811,-1,3617,811,3618,-1,3556,3555,3619,-1,3553,3551,3620,-1,3549,3547,3621,-1,3545,3543,3622,-1,3541,3539,3623,-1,3624,3524,818,-1,3625,3529,3626,-1,3626,3529,3528,-1,3626,3528,3527,-1,3627,3531,3625,-1,3625,3531,3530,-1,3625,3530,3529,-1,3532,3628,3533,-1,3533,3628,3629,-1,3533,3629,3534,-1,3534,3629,3535,-1,3535,3629,3623,-1,3535,3623,3536,-1,3536,3623,3539,-1,3536,3539,821,-1,818,3630,3624,-1,3624,3630,3631,-1,3624,3631,3632,-1,3631,3633,3632,-1,3632,3633,3634,-1,3632,3634,3635,-1,3634,3636,3635,-1,3635,3636,3637,-1,3635,3637,3638,-1,3637,3639,3638,-1,3638,3639,3640,-1,3638,3640,3619,-1,3543,3541,3622,-1,3622,3541,3623,-1,3622,3623,3641,-1,3641,3623,3629,-1,3641,3629,3627,-1,3627,3629,3628,-1,3627,3628,3531,-1,3531,3628,3532,-1,3547,3545,3621,-1,3621,3545,3622,-1,3621,3622,3642,-1,3642,3622,3641,-1,3642,3641,3643,-1,3643,3641,3627,-1,3643,3627,3644,-1,3644,3627,3625,-1,3644,3625,3645,-1,3645,3625,3626,-1,3645,3626,3526,-1,3526,3626,3527,-1,3551,3549,3620,-1,3620,3549,3621,-1,3620,3621,3646,-1,3646,3621,3642,-1,3646,3642,3647,-1,3647,3642,3643,-1,3647,3643,3648,-1,3648,3643,3644,-1,3648,3644,3649,-1,3649,3644,3645,-1,3649,3645,3525,-1,3525,3645,3526,-1,3555,3553,3619,-1,3619,3553,3620,-1,3619,3620,3638,-1,3638,3620,3646,-1,3638,3646,3635,-1,3635,3646,3647,-1,3635,3647,3632,-1,3632,3647,3648,-1,3632,3648,3624,-1,3624,3648,3649,-1,3624,3649,3524,-1,3524,3649,3525,-1,337,3556,3650,-1,3650,3556,3619,-1,3650,3619,3651,-1,3651,3619,3640,-1,3558,3557,3652,-1,3652,3557,822,-1,3561,3560,3653,-1,3653,3560,3559,-1,3564,3563,3654,-1,3654,3563,3562,-1,3567,3566,3655,-1,3655,3566,3565,-1,3655,3565,3564,-1,3655,3656,3567,-1,3567,3656,3657,-1,3567,3657,3569,-1,3569,3657,3658,-1,3569,3658,3568,-1,3568,3658,3659,-1,3568,3659,813,-1,822,3538,3652,-1,3652,3538,3540,-1,3652,3540,3660,-1,3540,3542,3660,-1,3660,3542,3544,-1,3660,3544,3661,-1,3544,3546,3661,-1,3661,3546,3548,-1,3661,3548,3662,-1,3548,3550,3662,-1,3662,3550,3552,-1,3662,3552,3663,-1,335,3664,3537,-1,3537,3664,3663,-1,3537,3663,3554,-1,3554,3663,3552,-1,3558,3652,3665,-1,3665,3652,3660,-1,3665,3660,3666,-1,3666,3660,3661,-1,3666,3661,3667,-1,3667,3661,3662,-1,3667,3662,3668,-1,3668,3662,3663,-1,3668,3663,3669,-1,3664,3670,3663,-1,3663,3670,3671,-1,3663,3671,3669,-1,3669,3671,3672,-1,3669,3672,3673,-1,3673,3674,3669,-1,3669,3674,3675,-1,3669,3675,3668,-1,3668,3675,3676,-1,3668,3676,3667,-1,3667,3676,3677,-1,3667,3677,3666,-1,3666,3677,3653,-1,3666,3653,3665,-1,3665,3653,3559,-1,3665,3559,3558,-1,3561,3653,3562,-1,3562,3653,3677,-1,3562,3677,3654,-1,3654,3677,3676,-1,3654,3676,3678,-1,3678,3676,3675,-1,3678,3675,3679,-1,3679,3675,3674,-1,3679,3674,3680,-1,3673,3681,3674,-1,3674,3681,3682,-1,3674,3682,3680,-1,3680,3682,3683,-1,3680,3683,3684,-1,3564,3654,3655,-1,3655,3654,3678,-1,3655,3678,3656,-1,3656,3678,3679,-1,3656,3679,3657,-1,3657,3679,3680,-1,3657,3680,3658,-1,3658,3680,3684,-1,3658,3684,3659,-1,808,353,363,-1,808,363,3685,-1,3685,363,3604,-1,3685,3604,3686,-1,3686,3604,3603,-1,3686,3603,3687,-1,3687,3603,3688,-1,3688,3603,3602,-1,3688,3602,3689,-1,3689,3602,3690,-1,3690,3602,3601,-1,3690,3601,3691,-1,3691,3601,3692,-1,3692,3601,3600,-1,3692,3600,3693,-1,338,340,3600,-1,3600,340,815,-1,3600,815,3693,-1,3606,3607,3694,-1,811,810,3618,-1,3618,810,3695,-1,3618,3695,3616,-1,3616,3695,3696,-1,3616,3696,3615,-1,3615,3696,3613,-1,3696,3697,3613,-1,3613,3697,3698,-1,3613,3698,3612,-1,3612,3698,3699,-1,3612,3699,3610,-1,3610,3699,3700,-1,3700,3701,3610,-1,3610,3701,3702,-1,3610,3702,3609,-1,3609,3702,3703,-1,3609,3703,3607,-1,3607,3703,3704,-1,3607,3704,3694,-1,817,816,3705,-1,3705,816,3606,-1,3705,3606,3706,-1,3706,3606,3694,-1,336,337,3650,-1,818,817,3630,-1,3630,817,3707,-1,3630,3707,3631,-1,3631,3707,3708,-1,3631,3708,3633,-1,3633,3708,3709,-1,3633,3709,3634,-1,3634,3709,3710,-1,3634,3710,3636,-1,3636,3710,3711,-1,3636,3711,3637,-1,3637,3711,3712,-1,3637,3712,3639,-1,3639,3712,3713,-1,3639,3713,3640,-1,3640,3713,3714,-1,3640,3714,3651,-1,3651,3714,3715,-1,3651,3715,3650,-1,3650,3715,3716,-1,3650,3716,336,-1,335,334,3717,-1,814,813,3718,-1,3718,813,3659,-1,3718,3659,3719,-1,3719,3659,3684,-1,3719,3684,3720,-1,3720,3684,3683,-1,3720,3683,3721,-1,3721,3683,3682,-1,3721,3682,3722,-1,3722,3682,3681,-1,3722,3681,3723,-1,3723,3681,3673,-1,3723,3673,3724,-1,3724,3673,3672,-1,3724,3672,3725,-1,3725,3672,3671,-1,3725,3671,3726,-1,3726,3671,3670,-1,3726,3670,3717,-1,3717,3670,3664,-1,3717,3664,335,-1,815,814,3727,-1,815,3727,3693,-1,3693,3727,3728,-1,3693,3728,3692,-1,3728,3729,3692,-1,3692,3729,3730,-1,3692,3730,3691,-1,3691,3730,3690,-1,3690,3730,3731,-1,3690,3731,3732,-1,3732,3733,3690,-1,3690,3733,3734,-1,3690,3734,3689,-1,3734,3735,3689,-1,3689,3735,3736,-1,3689,3736,3688,-1,3688,3736,3737,-1,3688,3737,3687,-1,3687,3737,3738,-1,809,808,3739,-1,3739,808,3685,-1,3739,3685,3738,-1,3738,3685,3686,-1,3738,3686,3687,-1,3740,3741,3742,-1,3743,3744,3745,-1,3746,3747,3748,-1,810,3749,3750,-1,3751,3697,3752,-1,3752,3697,3696,-1,3752,3696,3750,-1,3750,3696,3695,-1,3750,3695,810,-1,3700,3699,3751,-1,3751,3699,3698,-1,3751,3698,3697,-1,3702,3753,3754,-1,3694,3704,3754,-1,3754,3704,3703,-1,3754,3703,3702,-1,3707,3755,3708,-1,3708,3755,3756,-1,3757,3710,3756,-1,3756,3710,3709,-1,3756,3709,3708,-1,3758,3712,3757,-1,3757,3712,3711,-1,3757,3711,3710,-1,3716,3715,3759,-1,3759,3715,3714,-1,3759,3714,3758,-1,3758,3714,3713,-1,3758,3713,3712,-1,336,3716,3760,-1,3760,3716,3759,-1,3760,3759,3761,-1,3761,3759,3762,-1,3747,3762,3748,-1,3748,3762,3759,-1,3748,3759,3763,-1,3763,3759,3758,-1,3763,3758,3764,-1,3764,3758,3757,-1,3764,3757,3765,-1,3765,3757,3756,-1,3765,3756,3766,-1,3766,3756,3755,-1,3744,3746,3745,-1,3745,3746,3748,-1,3745,3748,3767,-1,3767,3748,3763,-1,3767,3763,3768,-1,3768,3763,3764,-1,3768,3764,3769,-1,3769,3764,3765,-1,3769,3765,3770,-1,3770,3765,3766,-1,3741,3743,3742,-1,3742,3743,3745,-1,3742,3745,3771,-1,3771,3745,3767,-1,3771,3767,3772,-1,3772,3767,3768,-1,3772,3768,3753,-1,3753,3768,3769,-1,3753,3769,3754,-1,3754,3769,3770,-1,3754,3770,3694,-1,3694,3770,3766,-1,3694,3766,3706,-1,3706,3766,3755,-1,3706,3755,3705,-1,3705,3755,3707,-1,3705,3707,817,-1,3749,3740,3750,-1,3750,3740,3742,-1,3750,3742,3752,-1,3752,3742,3771,-1,3752,3771,3751,-1,3751,3771,3772,-1,3751,3772,3700,-1,3700,3772,3753,-1,3700,3753,3701,-1,3701,3753,3702,-1,3773,3774,3775,-1,3776,3777,3778,-1,3779,3780,3781,-1,3782,3783,3784,-1,3785,3727,814,-1,3786,3732,3787,-1,3787,3732,3731,-1,3787,3731,3730,-1,3788,3734,3786,-1,3786,3734,3733,-1,3786,3733,3732,-1,3735,3789,3736,-1,3736,3789,3790,-1,3736,3790,3737,-1,3737,3790,3738,-1,3738,3790,3775,-1,3738,3775,3739,-1,3739,3775,3774,-1,3739,3774,809,-1,3791,3792,3793,-1,3793,3792,3717,-1,3793,3717,334,-1,3794,3725,3792,-1,3792,3725,3726,-1,3792,3726,3717,-1,3795,3723,3794,-1,3794,3723,3724,-1,3794,3724,3725,-1,3777,3773,3778,-1,3778,3773,3775,-1,3778,3775,3796,-1,3796,3775,3790,-1,3796,3790,3788,-1,3788,3790,3789,-1,3788,3789,3734,-1,3734,3789,3735,-1,3797,3721,3795,-1,3795,3721,3722,-1,3795,3722,3723,-1,814,3718,3785,-1,3785,3718,3719,-1,3785,3719,3797,-1,3797,3719,3720,-1,3797,3720,3721,-1,3791,3782,3792,-1,3792,3782,3784,-1,3792,3784,3794,-1,3794,3784,3798,-1,3794,3798,3795,-1,3795,3798,3799,-1,3795,3799,3797,-1,3797,3799,3800,-1,3797,3800,3785,-1,3785,3800,3801,-1,3785,3801,3727,-1,3727,3801,3728,-1,3783,3779,3784,-1,3784,3779,3781,-1,3784,3781,3798,-1,3798,3781,3802,-1,3798,3802,3799,-1,3799,3802,3803,-1,3799,3803,3800,-1,3800,3803,3804,-1,3800,3804,3801,-1,3801,3804,3805,-1,3801,3805,3728,-1,3728,3805,3729,-1,3780,3776,3781,-1,3781,3776,3778,-1,3781,3778,3802,-1,3802,3778,3796,-1,3802,3796,3803,-1,3803,3796,3788,-1,3803,3788,3804,-1,3804,3788,3786,-1,3804,3786,3805,-1,3805,3786,3787,-1,3805,3787,3729,-1,3729,3787,3730,-1,810,809,3749,-1,3749,809,3774,-1,3749,3774,3740,-1,3740,3774,3773,-1,3740,3773,3741,-1,3741,3773,3777,-1,3741,3777,3743,-1,3743,3777,3776,-1,3743,3776,3744,-1,3744,3776,3780,-1,3744,3780,3746,-1,3746,3780,3779,-1,3746,3779,3747,-1,3747,3779,3783,-1,3747,3783,3762,-1,3762,3783,3782,-1,3762,3782,3761,-1,3761,3782,3791,-1,3761,3791,3760,-1,3791,3793,3760,-1,3760,3793,334,-1,3760,334,336,-1,298,300,3806,-1,3806,300,3807,-1,3806,3807,3808,-1,3808,3807,3809,-1,3808,3809,3810,-1,3810,3809,3811,-1,3810,3811,3812,-1,3812,3811,3813,-1,3812,3813,3814,-1,3814,3813,3815,-1,3814,3815,271,-1,271,3815,313,-1,300,301,3807,-1,3807,301,3816,-1,3807,3816,3809,-1,3809,3816,3817,-1,3809,3817,3811,-1,3811,3817,3818,-1,3811,3818,3813,-1,3813,3818,3819,-1,3813,3819,3815,-1,3815,3819,3820,-1,3815,3820,313,-1,313,3820,311,-1,301,295,3816,-1,3816,295,3821,-1,3816,3821,3817,-1,3817,3821,3822,-1,3817,3822,3818,-1,3818,3822,3823,-1,3818,3823,3819,-1,3819,3823,3824,-1,3819,3824,3820,-1,3820,3824,3825,-1,3820,3825,311,-1,311,3825,309,-1,295,294,3821,-1,3821,294,3826,-1,3821,3826,3822,-1,3822,3826,3827,-1,3822,3827,3823,-1,3823,3827,3828,-1,3823,3828,3824,-1,3824,3828,3829,-1,3824,3829,3825,-1,3825,3829,3830,-1,3825,3830,309,-1,309,3830,307,-1,294,292,3826,-1,3826,292,3831,-1,3826,3831,3827,-1,3827,3831,3832,-1,3827,3832,3828,-1,3828,3832,3833,-1,3828,3833,3829,-1,3829,3833,3834,-1,3829,3834,3830,-1,3830,3834,3835,-1,3830,3835,307,-1,307,3835,305,-1,292,291,3831,-1,3831,291,3836,-1,3831,3836,3832,-1,3832,3836,3837,-1,3832,3837,3833,-1,3833,3837,3838,-1,3833,3838,3834,-1,3834,3838,3839,-1,3834,3839,3835,-1,3835,3839,3840,-1,3835,3840,305,-1,305,3840,302,-1,804,296,298,-1,804,298,3841,-1,3841,298,3806,-1,3841,3806,3842,-1,3842,3806,3808,-1,3842,3808,3843,-1,3843,3808,3844,-1,3844,3808,3810,-1,3844,3810,3845,-1,3845,3810,3846,-1,3846,3810,3812,-1,3846,3812,3847,-1,3847,3812,3848,-1,3848,3812,3814,-1,3848,3814,3849,-1,271,269,3814,-1,3814,269,803,-1,3814,803,3849,-1,279,277,796,-1,796,277,3850,-1,796,3850,3851,-1,3851,3850,3852,-1,3852,3850,3853,-1,3852,3853,3854,-1,3854,3853,3855,-1,3855,3853,3856,-1,3855,3856,3857,-1,3857,3856,3858,-1,3858,3856,3859,-1,3858,3859,3860,-1,3860,3859,3861,-1,3861,3859,3862,-1,3861,3862,3863,-1,299,297,3862,-1,3862,297,807,-1,3862,807,3863,-1,270,312,3864,-1,3864,312,3865,-1,3864,3865,3866,-1,3866,3865,3867,-1,3866,3867,3868,-1,3868,3867,3869,-1,3868,3869,3870,-1,3870,3869,3871,-1,3870,3871,3872,-1,3872,3871,3873,-1,3872,3873,289,-1,289,3873,290,-1,312,310,3865,-1,3865,310,3874,-1,3865,3874,3867,-1,3867,3874,3875,-1,3867,3875,3869,-1,3869,3875,3876,-1,3869,3876,3871,-1,3871,3876,3877,-1,3871,3877,3873,-1,3873,3877,3878,-1,3873,3878,290,-1,290,3878,283,-1,310,308,3874,-1,3874,308,3879,-1,3874,3879,3875,-1,3875,3879,3880,-1,3875,3880,3876,-1,3876,3880,3881,-1,3876,3881,3877,-1,3877,3881,3882,-1,3877,3882,3878,-1,3878,3882,3883,-1,3878,3883,283,-1,283,3883,284,-1,308,306,3879,-1,3879,306,3884,-1,3879,3884,3880,-1,3880,3884,3885,-1,3880,3885,3881,-1,3881,3885,3886,-1,3881,3886,3882,-1,3882,3886,3887,-1,3882,3887,3883,-1,3883,3887,3888,-1,3883,3888,284,-1,284,3888,285,-1,306,304,3884,-1,3884,304,3889,-1,3884,3889,3885,-1,3885,3889,3890,-1,3885,3890,3886,-1,3886,3890,3891,-1,3886,3891,3887,-1,3887,3891,3892,-1,3887,3892,3888,-1,3888,3892,3893,-1,3888,3893,285,-1,285,3893,280,-1,304,303,3889,-1,3889,303,3894,-1,3889,3894,3890,-1,3890,3894,3895,-1,3890,3895,3891,-1,3891,3895,3896,-1,3891,3896,3892,-1,3892,3896,3897,-1,3892,3897,3893,-1,3893,3897,3898,-1,3893,3898,280,-1,280,3898,281,-1,803,802,3899,-1,803,3899,3849,-1,3849,3899,3900,-1,3849,3900,3848,-1,3848,3900,3901,-1,3848,3901,3847,-1,3847,3901,3902,-1,3847,3902,3846,-1,3846,3902,3903,-1,3846,3903,3904,-1,3904,3905,3846,-1,3846,3905,3906,-1,3846,3906,3845,-1,3906,3907,3845,-1,3845,3907,3908,-1,3845,3908,3844,-1,3844,3908,3909,-1,3844,3909,3843,-1,3843,3909,3910,-1,805,804,3911,-1,3911,804,3841,-1,3911,3841,3910,-1,3910,3841,3842,-1,3910,3842,3843,-1,275,273,3912,-1,806,805,3913,-1,3913,805,3914,-1,3913,3914,3915,-1,3915,3914,3916,-1,3915,3916,3917,-1,3917,3916,3918,-1,3917,3918,3919,-1,3919,3918,3920,-1,3919,3920,3921,-1,3921,3920,3922,-1,3921,3922,3923,-1,3923,3922,3924,-1,3923,3924,3925,-1,3925,3924,3926,-1,3925,3926,3927,-1,3927,3926,3928,-1,3927,3928,3929,-1,3929,3928,3930,-1,3929,3930,3912,-1,3912,3930,3931,-1,3912,3931,275,-1,807,806,3863,-1,3863,806,3932,-1,3863,3932,3861,-1,3861,3932,3933,-1,3861,3933,3860,-1,3860,3933,3858,-1,3933,3934,3858,-1,3858,3934,3935,-1,3858,3935,3857,-1,3857,3935,3936,-1,3857,3936,3855,-1,3855,3936,3937,-1,3937,3938,3855,-1,3855,3938,3939,-1,3855,3939,3854,-1,3854,3939,3940,-1,3854,3940,3852,-1,3940,3941,3852,-1,3852,3941,3942,-1,3852,3942,3851,-1,797,796,3943,-1,3943,796,3851,-1,3943,3851,3944,-1,3944,3851,3942,-1,800,268,270,-1,800,270,3945,-1,3945,270,3864,-1,3945,3864,3946,-1,3946,3864,3866,-1,3946,3866,3947,-1,3947,3866,3948,-1,3948,3866,3868,-1,3948,3868,3949,-1,3949,3868,3950,-1,3950,3868,3870,-1,3950,3870,3951,-1,3951,3870,3952,-1,3952,3870,3872,-1,3952,3872,3953,-1,289,287,3872,-1,3872,287,795,-1,3872,795,3953,-1,3916,3914,3954,-1,3920,3918,3955,-1,3924,3922,3956,-1,3928,3926,3957,-1,3958,3899,802,-1,3959,3904,3960,-1,3960,3904,3903,-1,3960,3903,3902,-1,3961,3906,3959,-1,3959,3906,3905,-1,3959,3905,3904,-1,3907,3962,3908,-1,3908,3962,3963,-1,3908,3963,3909,-1,3909,3963,3910,-1,3910,3963,3954,-1,3910,3954,3911,-1,3911,3954,3914,-1,3911,3914,805,-1,3930,3964,3931,-1,3931,3964,3965,-1,3931,3965,275,-1,3966,3967,3964,-1,3964,3967,3968,-1,3964,3968,3965,-1,3969,3970,3966,-1,3966,3970,3971,-1,3966,3971,3967,-1,3918,3916,3955,-1,3955,3916,3954,-1,3955,3954,3972,-1,3972,3954,3963,-1,3972,3963,3961,-1,3961,3963,3962,-1,3961,3962,3906,-1,3906,3962,3907,-1,3973,3974,3969,-1,3969,3974,3975,-1,3969,3975,3970,-1,802,3976,3958,-1,3958,3976,3977,-1,3958,3977,3973,-1,3973,3977,3978,-1,3973,3978,3974,-1,3930,3928,3964,-1,3964,3928,3957,-1,3964,3957,3966,-1,3966,3957,3979,-1,3966,3979,3969,-1,3969,3979,3980,-1,3969,3980,3973,-1,3973,3980,3981,-1,3973,3981,3958,-1,3958,3981,3982,-1,3958,3982,3899,-1,3899,3982,3900,-1,3926,3924,3957,-1,3957,3924,3956,-1,3957,3956,3979,-1,3979,3956,3983,-1,3979,3983,3980,-1,3980,3983,3984,-1,3980,3984,3981,-1,3981,3984,3985,-1,3981,3985,3982,-1,3982,3985,3986,-1,3982,3986,3900,-1,3900,3986,3901,-1,3922,3920,3956,-1,3956,3920,3955,-1,3956,3955,3983,-1,3983,3955,3972,-1,3983,3972,3984,-1,3984,3972,3961,-1,3984,3961,3985,-1,3985,3961,3959,-1,3985,3959,3986,-1,3986,3959,3960,-1,3986,3960,3901,-1,3901,3960,3902,-1,3915,3917,3987,-1,3919,3921,3988,-1,3923,3925,3989,-1,806,3913,3990,-1,3991,3934,3992,-1,3992,3934,3933,-1,3992,3933,3990,-1,3990,3933,3932,-1,3990,3932,806,-1,3937,3936,3991,-1,3991,3936,3935,-1,3991,3935,3934,-1,3939,3993,3994,-1,3942,3941,3994,-1,3994,3941,3940,-1,3994,3940,3939,-1,3995,3996,3997,-1,3997,3996,3998,-1,3999,4000,3998,-1,3998,4000,4001,-1,3998,4001,3997,-1,4002,4003,3999,-1,3999,4003,4004,-1,3999,4004,4000,-1,4005,4006,4007,-1,4007,4006,4008,-1,4007,4008,4002,-1,4002,4008,4009,-1,4002,4009,4003,-1,273,4005,3912,-1,3912,4005,4007,-1,3912,4007,3929,-1,3929,4007,3927,-1,3925,3927,3989,-1,3989,3927,4007,-1,3989,4007,4010,-1,4010,4007,4002,-1,4010,4002,4011,-1,4011,4002,3999,-1,4011,3999,4012,-1,4012,3999,3998,-1,4012,3998,4013,-1,4013,3998,3996,-1,3921,3923,3988,-1,3988,3923,3989,-1,3988,3989,4014,-1,4014,3989,4010,-1,4014,4010,4015,-1,4015,4010,4011,-1,4015,4011,4016,-1,4016,4011,4012,-1,4016,4012,4017,-1,4017,4012,4013,-1,3917,3919,3987,-1,3987,3919,3988,-1,3987,3988,4018,-1,4018,3988,4014,-1,4018,4014,4019,-1,4019,4014,4015,-1,4019,4015,3993,-1,3993,4015,4016,-1,3993,4016,3994,-1,3994,4016,4017,-1,3994,4017,3942,-1,3942,4017,4013,-1,3942,4013,3944,-1,3944,4013,3996,-1,3944,3996,3943,-1,3943,3996,3995,-1,3943,3995,797,-1,3913,3915,3990,-1,3990,3915,3987,-1,3990,3987,3992,-1,3992,3987,4018,-1,3992,4018,3991,-1,3991,4018,4019,-1,3991,4019,3937,-1,3937,4019,3993,-1,3937,3993,3938,-1,3938,3993,3939,-1,286,288,792,-1,792,288,4020,-1,792,4020,4021,-1,4021,4020,4022,-1,4022,4020,4023,-1,4022,4023,4024,-1,4024,4023,4025,-1,4025,4023,4026,-1,4025,4026,4027,-1,4027,4026,4028,-1,4028,4026,4029,-1,4028,4029,4030,-1,4030,4029,4031,-1,4031,4029,4032,-1,4031,4032,4033,-1,276,278,4032,-1,4032,278,799,-1,4032,799,4033,-1,795,794,3953,-1,3953,794,4034,-1,3953,4034,3952,-1,3952,4034,4035,-1,3952,4035,3951,-1,3951,4035,3950,-1,4035,4036,3950,-1,3950,4036,4037,-1,3950,4037,3949,-1,3949,4037,4038,-1,3949,4038,3948,-1,3948,4038,4039,-1,4039,4040,3948,-1,3948,4040,4041,-1,3948,4041,3947,-1,3947,4041,4042,-1,3947,4042,3946,-1,4042,4043,3946,-1,3946,4043,4044,-1,3946,4044,3945,-1,801,800,4045,-1,4045,800,3945,-1,4045,3945,4046,-1,4046,3945,4044,-1,274,275,3965,-1,802,801,3976,-1,3976,801,4047,-1,3976,4047,3977,-1,3977,4047,4048,-1,3977,4048,3978,-1,3978,4048,4049,-1,3978,4049,3974,-1,3974,4049,4050,-1,3974,4050,3975,-1,3975,4050,4051,-1,3975,4051,3970,-1,3970,4051,4052,-1,3970,4052,3971,-1,3971,4052,4053,-1,3971,4053,3967,-1,3967,4053,4054,-1,3967,4054,3968,-1,3968,4054,4055,-1,3968,4055,3965,-1,3965,4055,4056,-1,3965,4056,274,-1,273,272,4057,-1,798,797,4058,-1,4058,797,3995,-1,4058,3995,4059,-1,4059,3995,3997,-1,4059,3997,4060,-1,4060,3997,4001,-1,4060,4001,4061,-1,4061,4001,4000,-1,4061,4000,4062,-1,4062,4000,4004,-1,4062,4004,4063,-1,4063,4004,4003,-1,4063,4003,4064,-1,4064,4003,4009,-1,4064,4009,4065,-1,4065,4009,4008,-1,4065,4008,4066,-1,4066,4008,4006,-1,4066,4006,4057,-1,4057,4006,4005,-1,4057,4005,273,-1,799,798,4067,-1,799,4067,4033,-1,4033,4067,4068,-1,4033,4068,4031,-1,4068,4069,4031,-1,4031,4069,4070,-1,4031,4070,4030,-1,4030,4070,4028,-1,4028,4070,4071,-1,4028,4071,4072,-1,4072,4073,4028,-1,4028,4073,4074,-1,4028,4074,4027,-1,4074,4075,4027,-1,4027,4075,4076,-1,4027,4076,4025,-1,4025,4076,4077,-1,4025,4077,4024,-1,4024,4077,4078,-1,793,792,4079,-1,4079,792,4021,-1,4079,4021,4078,-1,4078,4021,4022,-1,4078,4022,4024,-1,4035,4034,4080,-1,4080,4034,794,-1,4038,4037,4081,-1,4081,4037,4036,-1,4041,4040,4082,-1,4082,4040,4039,-1,4044,4043,4083,-1,4083,4043,4042,-1,4083,4042,4041,-1,4083,4084,4044,-1,4044,4084,4085,-1,4044,4085,4046,-1,4046,4085,4086,-1,4046,4086,4045,-1,4045,4086,4047,-1,4045,4047,801,-1,794,4087,4080,-1,4080,4087,4088,-1,4080,4088,4089,-1,4088,4090,4089,-1,4089,4090,4091,-1,4089,4091,4092,-1,4091,4093,4092,-1,4092,4093,4094,-1,4092,4094,4095,-1,4094,4096,4095,-1,4095,4096,4097,-1,4095,4097,4098,-1,274,4056,4099,-1,4099,4056,4098,-1,4099,4098,4100,-1,4100,4098,4097,-1,4035,4080,4101,-1,4101,4080,4089,-1,4101,4089,4102,-1,4102,4089,4092,-1,4102,4092,4103,-1,4103,4092,4095,-1,4103,4095,4104,-1,4104,4095,4098,-1,4104,4098,4105,-1,4056,4055,4098,-1,4098,4055,4054,-1,4098,4054,4105,-1,4105,4054,4053,-1,4105,4053,4052,-1,4052,4106,4105,-1,4105,4106,4107,-1,4105,4107,4104,-1,4104,4107,4108,-1,4104,4108,4103,-1,4103,4108,4109,-1,4103,4109,4102,-1,4102,4109,4081,-1,4102,4081,4101,-1,4101,4081,4036,-1,4101,4036,4035,-1,4038,4081,4039,-1,4039,4081,4109,-1,4039,4109,4082,-1,4082,4109,4108,-1,4082,4108,4110,-1,4110,4108,4107,-1,4110,4107,4111,-1,4111,4107,4106,-1,4111,4106,4112,-1,4052,4051,4106,-1,4106,4051,4050,-1,4106,4050,4112,-1,4112,4050,4049,-1,4112,4049,4048,-1,4041,4082,4083,-1,4083,4082,4110,-1,4083,4110,4084,-1,4084,4110,4111,-1,4084,4111,4085,-1,4085,4111,4112,-1,4085,4112,4086,-1,4086,4112,4048,-1,4086,4048,4047,-1,4113,4114,4115,-1,4116,4117,4118,-1,4119,4120,4121,-1,4122,4123,4124,-1,4125,4126,4127,-1,4128,4067,798,-1,4129,4072,4130,-1,4130,4072,4071,-1,4130,4071,4070,-1,4131,4074,4129,-1,4129,4074,4073,-1,4129,4073,4072,-1,4075,4132,4076,-1,4076,4132,4133,-1,4076,4133,4077,-1,4077,4133,4078,-1,4078,4133,4127,-1,4078,4127,4079,-1,4079,4127,4126,-1,4079,4126,793,-1,798,4058,4128,-1,4128,4058,4059,-1,4128,4059,4134,-1,4059,4060,4134,-1,4134,4060,4061,-1,4134,4061,4135,-1,4061,4062,4135,-1,4135,4062,4063,-1,4135,4063,4136,-1,4063,4064,4136,-1,4136,4064,4065,-1,4136,4065,4115,-1,4123,4125,4124,-1,4124,4125,4127,-1,4124,4127,4137,-1,4137,4127,4133,-1,4137,4133,4131,-1,4131,4133,4132,-1,4131,4132,4074,-1,4074,4132,4075,-1,4120,4122,4121,-1,4121,4122,4124,-1,4121,4124,4138,-1,4138,4124,4137,-1,4138,4137,4139,-1,4139,4137,4131,-1,4139,4131,4140,-1,4140,4131,4129,-1,4140,4129,4141,-1,4141,4129,4130,-1,4141,4130,4069,-1,4069,4130,4070,-1,4117,4119,4118,-1,4118,4119,4121,-1,4118,4121,4142,-1,4142,4121,4138,-1,4142,4138,4143,-1,4143,4138,4139,-1,4143,4139,4144,-1,4144,4139,4140,-1,4144,4140,4145,-1,4145,4140,4141,-1,4145,4141,4068,-1,4068,4141,4069,-1,4114,4116,4115,-1,4115,4116,4118,-1,4115,4118,4136,-1,4136,4118,4142,-1,4136,4142,4135,-1,4135,4142,4143,-1,4135,4143,4134,-1,4134,4143,4144,-1,4134,4144,4128,-1,4128,4144,4145,-1,4128,4145,4067,-1,4067,4145,4068,-1,272,4113,4057,-1,4057,4113,4115,-1,4057,4115,4066,-1,4066,4115,4065,-1,794,793,4087,-1,4087,793,4126,-1,4087,4126,4088,-1,4088,4126,4125,-1,4088,4125,4090,-1,4090,4125,4123,-1,4090,4123,4091,-1,4091,4123,4122,-1,4091,4122,4093,-1,4093,4122,4120,-1,4093,4120,4094,-1,4094,4120,4119,-1,4094,4119,4096,-1,4096,4119,4117,-1,4096,4117,4097,-1,4097,4117,4116,-1,4097,4116,4100,-1,4100,4116,4114,-1,4100,4114,4099,-1,4114,4113,4099,-1,4099,4113,272,-1,4099,272,274,-1,852,322,324,-1,852,324,4146,-1,4146,324,4147,-1,4146,4147,4148,-1,4148,4147,4149,-1,4148,4149,4150,-1,4150,4149,4151,-1,4151,4149,4152,-1,4151,4152,4153,-1,4153,4152,4154,-1,4154,4152,4155,-1,4154,4155,4156,-1,4156,4155,4157,-1,4157,4155,4158,-1,4157,4158,4159,-1,314,316,4158,-1,4158,316,851,-1,4158,851,4159,-1,844,321,319,-1,844,319,4160,-1,4160,319,4161,-1,4160,4161,4162,-1,4162,4161,4163,-1,4162,4163,4164,-1,4164,4163,4165,-1,4165,4163,4166,-1,4165,4166,4167,-1,4167,4166,4168,-1,4168,4166,4169,-1,4168,4169,4170,-1,4170,4169,4171,-1,4171,4169,4172,-1,4171,4172,4173,-1,325,323,4172,-1,4172,323,855,-1,4172,855,4173,-1,4154,4156,4174,-1,4174,4156,4157,-1,4174,4157,850,-1,850,4157,4159,-1,850,4159,851,-1,4174,4175,4154,-1,4154,4175,4176,-1,4154,4176,4153,-1,4153,4176,4177,-1,4177,4178,4153,-1,4153,4178,4179,-1,4153,4179,4151,-1,4151,4179,4180,-1,4151,4180,4150,-1,4150,4180,4181,-1,4150,4181,4148,-1,4148,4181,4182,-1,4148,4182,4146,-1,4146,4182,853,-1,4146,853,852,-1,333,331,4183,-1,854,853,4184,-1,4184,853,4185,-1,4184,4185,4186,-1,4186,4185,4187,-1,4186,4187,4188,-1,4188,4187,4189,-1,4188,4189,4190,-1,4190,4189,4191,-1,4190,4191,4192,-1,4192,4191,4193,-1,4192,4193,4194,-1,4194,4193,4195,-1,4194,4195,4196,-1,4196,4195,4197,-1,4196,4197,4198,-1,4198,4197,4199,-1,4198,4199,4200,-1,4200,4199,4201,-1,4200,4201,4183,-1,4183,4201,4202,-1,4183,4202,333,-1,4168,4170,4203,-1,4203,4170,4171,-1,4203,4171,854,-1,854,4171,4173,-1,854,4173,855,-1,4203,4204,4168,-1,4168,4204,4205,-1,4168,4205,4167,-1,4167,4205,4206,-1,4206,4207,4167,-1,4167,4207,4208,-1,4167,4208,4165,-1,4165,4208,4209,-1,4165,4209,4164,-1,4164,4209,4210,-1,4164,4210,4162,-1,4162,4210,4211,-1,4162,4211,4160,-1,4160,4211,845,-1,4160,845,844,-1,848,317,315,-1,848,315,4212,-1,4212,315,4213,-1,4212,4213,4214,-1,4214,4213,4215,-1,4214,4215,4216,-1,4216,4215,4217,-1,4217,4215,4218,-1,4217,4218,4219,-1,4219,4218,4220,-1,4220,4218,4221,-1,4220,4221,4222,-1,4222,4221,4223,-1,4223,4221,4224,-1,4223,4224,4225,-1,4225,4224,4226,-1,4226,4224,4227,-1,4226,4227,4228,-1,329,327,4227,-1,4227,327,843,-1,4227,843,4228,-1,4229,4230,4231,-1,4232,4233,4234,-1,333,4235,4236,-1,4237,4235,333,-1,4234,4233,333,-1,4238,333,4233,-1,4239,4175,4174,-1,4175,4239,4176,-1,4176,4239,4240,-1,4176,4240,4177,-1,4177,4240,4241,-1,4177,4241,4178,-1,4178,4241,4242,-1,4178,4242,4179,-1,4179,4242,4180,-1,4180,4242,4243,-1,4180,4243,4181,-1,4181,4243,4182,-1,4182,4243,4185,-1,4182,4185,853,-1,4202,4237,333,-1,4244,4245,4232,-1,4232,4245,4246,-1,4232,4246,4233,-1,4233,4246,4247,-1,4233,4247,4238,-1,4248,4236,4249,-1,4249,4236,4235,-1,4249,4235,4250,-1,4250,4235,4237,-1,4250,4237,4251,-1,4202,4201,4237,-1,4237,4201,4199,-1,4237,4199,4251,-1,4251,4199,4197,-1,4251,4197,4195,-1,4231,4248,4252,-1,4252,4248,4249,-1,4252,4249,4253,-1,4253,4249,4250,-1,4253,4250,4254,-1,4254,4250,4251,-1,4254,4251,4255,-1,4255,4251,4195,-1,4256,4257,4258,-1,4258,4257,4229,-1,4229,4231,4258,-1,4258,4231,4252,-1,4258,4252,4259,-1,4259,4252,4253,-1,4259,4253,4260,-1,4260,4253,4254,-1,4260,4254,4261,-1,4261,4254,4255,-1,4261,4255,4262,-1,4230,4244,4231,-1,4231,4244,4232,-1,4231,4232,4248,-1,4248,4232,4234,-1,4248,4234,4236,-1,4236,4234,333,-1,4256,4239,4263,-1,4263,4239,4174,-1,4263,4174,850,-1,4195,4193,4255,-1,4255,4193,4191,-1,4255,4191,4262,-1,4262,4191,4189,-1,4262,4189,4187,-1,4256,4258,4239,-1,4239,4258,4259,-1,4239,4259,4240,-1,4240,4259,4260,-1,4240,4260,4241,-1,4241,4260,4261,-1,4241,4261,4242,-1,4242,4261,4262,-1,4242,4262,4243,-1,4243,4262,4187,-1,4243,4187,4185,-1,4190,4192,4264,-1,4265,4266,4267,-1,331,4268,4269,-1,4270,4268,331,-1,4267,4266,331,-1,4183,331,4266,-1,4271,4204,4203,-1,4204,4271,4205,-1,4205,4271,4272,-1,4205,4272,4206,-1,4206,4272,4273,-1,4206,4273,4207,-1,4207,4273,4274,-1,4207,4274,4208,-1,4208,4274,4209,-1,4209,4274,4275,-1,4209,4275,4210,-1,4210,4275,4211,-1,4211,4275,4276,-1,4211,4276,845,-1,4277,4270,331,-1,4194,4196,4265,-1,4265,4196,4198,-1,4265,4198,4266,-1,4266,4198,4200,-1,4266,4200,4183,-1,4278,4269,4279,-1,4279,4269,4268,-1,4279,4268,4280,-1,4280,4268,4270,-1,4280,4270,4281,-1,4277,4282,4270,-1,4270,4282,4283,-1,4270,4283,4281,-1,4281,4283,4284,-1,4281,4284,4285,-1,4264,4278,4286,-1,4286,4278,4279,-1,4286,4279,4287,-1,4287,4279,4280,-1,4287,4280,4288,-1,4288,4280,4281,-1,4288,4281,4289,-1,4289,4281,4285,-1,4186,4188,4290,-1,4290,4188,4190,-1,4190,4264,4290,-1,4290,4264,4286,-1,4290,4286,4291,-1,4291,4286,4287,-1,4291,4287,4292,-1,4292,4287,4288,-1,4292,4288,4293,-1,4293,4288,4289,-1,4293,4289,4294,-1,4192,4194,4264,-1,4264,4194,4265,-1,4264,4265,4278,-1,4278,4265,4267,-1,4278,4267,4269,-1,4269,4267,331,-1,4186,4271,4184,-1,4184,4271,4203,-1,4184,4203,854,-1,4285,4295,4289,-1,4289,4295,4296,-1,4289,4296,4294,-1,4294,4296,4297,-1,4294,4297,4298,-1,4186,4290,4271,-1,4271,4290,4291,-1,4271,4291,4272,-1,4272,4291,4292,-1,4272,4292,4273,-1,4273,4292,4293,-1,4273,4293,4274,-1,4274,4293,4294,-1,4274,4294,4275,-1,4275,4294,4298,-1,4275,4298,4276,-1,840,326,328,-1,840,328,4299,-1,4299,328,4300,-1,4299,4300,4301,-1,4301,4300,4302,-1,4301,4302,4303,-1,4303,4302,4304,-1,4304,4302,4305,-1,4304,4305,4306,-1,4306,4305,4307,-1,4307,4305,4308,-1,4307,4308,4309,-1,4309,4308,4310,-1,4310,4308,4311,-1,4310,4311,4312,-1,318,320,4311,-1,4311,320,847,-1,4311,847,4312,-1,843,842,4228,-1,4228,842,4313,-1,4228,4313,4226,-1,4226,4313,4314,-1,4226,4314,4225,-1,4225,4314,4315,-1,4225,4315,4223,-1,4223,4315,4316,-1,4223,4316,4222,-1,4222,4316,4317,-1,4212,4214,4318,-1,4318,4214,4216,-1,4318,4216,4319,-1,4319,4216,4217,-1,4319,4217,4320,-1,4320,4217,4219,-1,4320,4219,4317,-1,4317,4219,4220,-1,4317,4220,4222,-1,4212,4318,848,-1,848,4318,4321,-1,848,4321,849,-1,332,333,4238,-1,850,849,4263,-1,4263,849,4322,-1,4263,4322,4256,-1,4256,4322,4323,-1,4256,4323,4257,-1,4257,4323,4324,-1,4257,4324,4229,-1,4229,4324,4325,-1,4229,4325,4230,-1,4230,4325,4326,-1,4230,4326,4244,-1,4244,4326,4327,-1,4244,4327,4245,-1,4245,4327,4328,-1,4245,4328,4246,-1,4246,4328,4329,-1,4246,4329,4247,-1,4247,4329,4330,-1,4247,4330,4238,-1,4238,4330,4331,-1,4238,4331,332,-1,331,330,4332,-1,846,845,4333,-1,4333,845,4276,-1,4333,4276,4334,-1,4334,4276,4298,-1,4334,4298,4335,-1,4335,4298,4297,-1,4335,4297,4336,-1,4336,4297,4296,-1,4336,4296,4337,-1,4337,4296,4295,-1,4337,4295,4338,-1,4338,4295,4285,-1,4338,4285,4339,-1,4339,4285,4284,-1,4339,4284,4340,-1,4340,4284,4283,-1,4340,4283,4341,-1,4341,4283,4282,-1,4341,4282,4332,-1,4332,4282,4277,-1,4332,4277,331,-1,4307,4309,4342,-1,4342,4309,4310,-1,4342,4310,846,-1,846,4310,4312,-1,846,4312,847,-1,4342,4343,4307,-1,4307,4343,4344,-1,4307,4344,4306,-1,4306,4344,4345,-1,4345,4346,4306,-1,4306,4346,4347,-1,4306,4347,4304,-1,4304,4347,4348,-1,4304,4348,4303,-1,4303,4348,4349,-1,4303,4349,4301,-1,4301,4349,4350,-1,4301,4350,4299,-1,4299,4350,841,-1,4299,841,840,-1,4351,4352,4353,-1,4354,4355,4356,-1,4357,4358,4359,-1,332,4360,4361,-1,4362,4360,332,-1,4359,4358,332,-1,4363,332,4358,-1,4313,4364,4314,-1,4314,4364,4365,-1,4317,4316,4365,-1,4365,4316,4315,-1,4365,4315,4314,-1,4365,4366,4317,-1,4317,4366,4367,-1,4317,4367,4320,-1,4320,4367,4368,-1,4320,4368,4319,-1,4319,4368,4318,-1,4318,4368,4369,-1,4318,4369,4321,-1,4321,4369,4322,-1,4321,4322,849,-1,4331,4362,332,-1,4370,4371,4357,-1,4357,4371,4372,-1,4357,4372,4358,-1,4358,4372,4373,-1,4358,4373,4363,-1,4374,4361,4375,-1,4375,4361,4360,-1,4375,4360,4376,-1,4376,4360,4362,-1,4376,4362,4377,-1,4355,4370,4356,-1,4356,4370,4357,-1,4356,4357,4378,-1,4378,4357,4359,-1,4378,4359,4379,-1,4379,4359,332,-1,4331,4330,4362,-1,4362,4330,4329,-1,4362,4329,4377,-1,4377,4329,4328,-1,4377,4328,4327,-1,4380,4374,4381,-1,4381,4374,4375,-1,4381,4375,4382,-1,4382,4375,4376,-1,4382,4376,4383,-1,4383,4376,4377,-1,4383,4377,4384,-1,4384,4377,4327,-1,4353,4380,4385,-1,4385,4380,4381,-1,4385,4381,4386,-1,4386,4381,4382,-1,4386,4382,4387,-1,4387,4382,4383,-1,4387,4383,4388,-1,4388,4383,4384,-1,4388,4384,4389,-1,4352,4354,4353,-1,4353,4354,4356,-1,4353,4356,4380,-1,4380,4356,4378,-1,4380,4378,4374,-1,4374,4378,4379,-1,4374,4379,4361,-1,4361,4379,332,-1,4313,842,4364,-1,4364,842,4390,-1,4364,4390,4351,-1,4327,4326,4384,-1,4384,4326,4325,-1,4384,4325,4389,-1,4389,4325,4324,-1,4389,4324,4323,-1,4351,4353,4364,-1,4364,4353,4385,-1,4364,4385,4365,-1,4365,4385,4386,-1,4365,4386,4366,-1,4366,4386,4387,-1,4366,4387,4367,-1,4367,4387,4388,-1,4367,4388,4368,-1,4368,4388,4389,-1,4368,4389,4369,-1,4369,4389,4323,-1,4369,4323,4322,-1,4336,4337,4391,-1,4392,4393,4394,-1,330,4395,4396,-1,4397,4395,330,-1,4394,4393,330,-1,4332,330,4393,-1,4398,4343,4342,-1,4343,4398,4344,-1,4344,4398,4399,-1,4344,4399,4345,-1,4345,4399,4400,-1,4345,4400,4346,-1,4346,4400,4401,-1,4346,4401,4347,-1,4347,4401,4348,-1,4348,4401,4402,-1,4348,4402,4349,-1,4349,4402,4350,-1,4350,4402,4403,-1,4350,4403,841,-1,4404,4397,330,-1,4338,4339,4392,-1,4392,4339,4340,-1,4392,4340,4393,-1,4393,4340,4341,-1,4393,4341,4332,-1,4405,4396,4406,-1,4406,4396,4395,-1,4406,4395,4407,-1,4407,4395,4397,-1,4407,4397,4408,-1,4404,4409,4397,-1,4397,4409,4410,-1,4397,4410,4408,-1,4408,4410,4411,-1,4408,4411,4412,-1,4391,4405,4413,-1,4413,4405,4406,-1,4413,4406,4414,-1,4414,4406,4407,-1,4414,4407,4415,-1,4415,4407,4408,-1,4415,4408,4416,-1,4416,4408,4412,-1,4334,4335,4417,-1,4417,4335,4336,-1,4336,4391,4417,-1,4417,4391,4413,-1,4417,4413,4418,-1,4418,4413,4414,-1,4418,4414,4419,-1,4419,4414,4415,-1,4419,4415,4420,-1,4420,4415,4416,-1,4420,4416,4421,-1,4337,4338,4391,-1,4391,4338,4392,-1,4391,4392,4405,-1,4405,4392,4394,-1,4405,4394,4396,-1,4396,4394,330,-1,4334,4398,4333,-1,4333,4398,4342,-1,4333,4342,846,-1,4412,4422,4416,-1,4416,4422,4423,-1,4416,4423,4421,-1,4421,4423,4424,-1,4421,4424,4425,-1,4334,4417,4398,-1,4398,4417,4418,-1,4398,4418,4399,-1,4399,4418,4419,-1,4399,4419,4400,-1,4400,4419,4420,-1,4400,4420,4401,-1,4401,4420,4421,-1,4401,4421,4402,-1,4402,4421,4425,-1,4402,4425,4403,-1,842,841,4390,-1,4390,841,4403,-1,4390,4403,4351,-1,4351,4403,4425,-1,4351,4425,4352,-1,4352,4425,4424,-1,4352,4424,4354,-1,4354,4424,4423,-1,4354,4423,4355,-1,4355,4423,4422,-1,4355,4422,4370,-1,4370,4422,4412,-1,4370,4412,4371,-1,4371,4412,4411,-1,4371,4411,4372,-1,4372,4411,4410,-1,4372,4410,4373,-1,4373,4410,4409,-1,4373,4409,4363,-1,4409,4404,4363,-1,4363,4404,330,-1,4363,330,332,-1,836,391,389,-1,836,389,4426,-1,4426,389,4427,-1,4426,4427,4428,-1,4428,4427,4429,-1,4428,4429,4430,-1,4430,4429,4431,-1,4431,4429,4432,-1,4431,4432,4433,-1,4433,4432,4434,-1,4434,4432,4435,-1,4434,4435,4436,-1,4436,4435,4437,-1,4437,4435,4438,-1,4437,4438,4439,-1,387,385,4438,-1,4438,385,835,-1,4438,835,4439,-1,828,383,381,-1,828,381,4440,-1,4440,381,4441,-1,4440,4441,4442,-1,4442,4441,4443,-1,4442,4443,4444,-1,4444,4443,4445,-1,4445,4443,4446,-1,4445,4446,4447,-1,4447,4446,4448,-1,4448,4446,4449,-1,4448,4449,4450,-1,4450,4449,4451,-1,4451,4449,4452,-1,4451,4452,4453,-1,388,390,4452,-1,4452,390,839,-1,4452,839,4453,-1,4434,4436,4454,-1,4454,4436,4437,-1,4454,4437,834,-1,834,4437,4439,-1,834,4439,835,-1,4454,4455,4434,-1,4434,4455,4456,-1,4434,4456,4433,-1,4433,4456,4457,-1,4457,4458,4433,-1,4433,4458,4459,-1,4433,4459,4431,-1,4431,4459,4460,-1,4431,4460,4430,-1,4430,4460,4461,-1,4430,4461,4428,-1,4428,4461,4462,-1,4428,4462,4426,-1,4426,4462,837,-1,4426,837,836,-1,399,397,4463,-1,838,837,4464,-1,4464,837,4465,-1,4464,4465,4466,-1,4466,4465,4467,-1,4466,4467,4468,-1,4468,4467,4469,-1,4468,4469,4470,-1,4470,4469,4471,-1,4470,4471,4472,-1,4472,4471,4473,-1,4472,4473,4474,-1,4474,4473,4475,-1,4474,4475,4476,-1,4476,4475,4477,-1,4476,4477,4478,-1,4478,4477,4479,-1,4478,4479,4480,-1,4480,4479,4481,-1,4480,4481,4463,-1,4463,4481,4482,-1,4463,4482,399,-1,839,838,4453,-1,4453,838,4483,-1,4453,4483,4451,-1,4451,4483,4484,-1,4451,4484,4450,-1,4450,4484,4485,-1,4450,4485,4448,-1,4485,4486,4448,-1,4448,4486,4487,-1,4448,4487,4447,-1,4447,4487,4488,-1,4447,4488,4445,-1,4445,4488,4489,-1,4445,4489,4444,-1,4444,4489,4490,-1,829,828,4491,-1,4491,828,4440,-1,4491,4440,4490,-1,4490,4440,4442,-1,4490,4442,4444,-1,832,384,386,-1,832,386,4492,-1,4492,386,4493,-1,4492,4493,4494,-1,4494,4493,4495,-1,4494,4495,4496,-1,4496,4495,4497,-1,4497,4495,4498,-1,4497,4498,4499,-1,4499,4498,4500,-1,4500,4498,4501,-1,4500,4501,4502,-1,4502,4501,4503,-1,4503,4501,4504,-1,4503,4504,4505,-1,395,393,4504,-1,4504,393,827,-1,4504,827,4505,-1,4506,4507,4508,-1,4509,4510,4511,-1,399,4512,4513,-1,4514,4512,399,-1,4511,4510,399,-1,4515,399,4510,-1,4516,4455,4454,-1,4455,4516,4456,-1,4456,4516,4517,-1,4456,4517,4457,-1,4457,4517,4518,-1,4457,4518,4458,-1,4458,4518,4519,-1,4458,4519,4459,-1,4459,4519,4460,-1,4460,4519,4520,-1,4460,4520,4461,-1,4461,4520,4462,-1,4462,4520,4465,-1,4462,4465,837,-1,4482,4514,399,-1,4521,4522,4509,-1,4509,4522,4523,-1,4509,4523,4510,-1,4510,4523,4524,-1,4510,4524,4515,-1,4525,4513,4526,-1,4526,4513,4512,-1,4526,4512,4527,-1,4527,4512,4514,-1,4527,4514,4528,-1,4482,4481,4514,-1,4514,4481,4479,-1,4514,4479,4528,-1,4528,4479,4477,-1,4528,4477,4475,-1,4508,4525,4529,-1,4529,4525,4526,-1,4529,4526,4530,-1,4530,4526,4527,-1,4530,4527,4531,-1,4531,4527,4528,-1,4531,4528,4532,-1,4532,4528,4475,-1,4533,4534,4535,-1,4535,4534,4506,-1,4506,4508,4535,-1,4535,4508,4529,-1,4535,4529,4536,-1,4536,4529,4530,-1,4536,4530,4537,-1,4537,4530,4531,-1,4537,4531,4538,-1,4538,4531,4532,-1,4538,4532,4539,-1,4507,4521,4508,-1,4508,4521,4509,-1,4508,4509,4525,-1,4525,4509,4511,-1,4525,4511,4513,-1,4513,4511,399,-1,4533,4516,4540,-1,4540,4516,4454,-1,4540,4454,834,-1,4475,4473,4532,-1,4532,4473,4471,-1,4532,4471,4539,-1,4539,4471,4469,-1,4539,4469,4467,-1,4533,4535,4516,-1,4516,4535,4536,-1,4516,4536,4517,-1,4517,4536,4537,-1,4517,4537,4518,-1,4518,4537,4538,-1,4518,4538,4519,-1,4519,4538,4539,-1,4519,4539,4520,-1,4520,4539,4467,-1,4520,4467,4465,-1,4466,4468,4541,-1,4470,4472,4542,-1,4543,4544,4545,-1,397,4546,4547,-1,4548,4546,397,-1,4545,4544,397,-1,4463,397,4544,-1,4483,4549,4484,-1,4484,4549,4550,-1,4487,4486,4550,-1,4550,4486,4485,-1,4550,4485,4484,-1,4550,4551,4487,-1,4487,4551,4552,-1,4487,4552,4488,-1,4488,4552,4553,-1,4488,4553,4489,-1,4489,4553,4490,-1,4490,4553,4554,-1,4490,4554,4491,-1,4491,4554,4555,-1,4491,4555,829,-1,4556,4548,397,-1,4474,4476,4543,-1,4543,4476,4478,-1,4543,4478,4544,-1,4544,4478,4480,-1,4544,4480,4463,-1,4557,4547,4558,-1,4558,4547,4546,-1,4558,4546,4559,-1,4559,4546,4548,-1,4559,4548,4560,-1,4472,4474,4542,-1,4542,4474,4543,-1,4542,4543,4561,-1,4561,4543,4545,-1,4561,4545,4562,-1,4562,4545,397,-1,4556,4563,4548,-1,4548,4563,4564,-1,4548,4564,4560,-1,4560,4564,4565,-1,4560,4565,4566,-1,4567,4557,4568,-1,4568,4557,4558,-1,4568,4558,4569,-1,4569,4558,4559,-1,4569,4559,4570,-1,4570,4559,4560,-1,4570,4560,4571,-1,4571,4560,4566,-1,4541,4567,4572,-1,4572,4567,4568,-1,4572,4568,4573,-1,4573,4568,4569,-1,4573,4569,4574,-1,4574,4569,4570,-1,4574,4570,4575,-1,4575,4570,4571,-1,4575,4571,4576,-1,4468,4470,4541,-1,4541,4470,4542,-1,4541,4542,4567,-1,4567,4542,4561,-1,4567,4561,4557,-1,4557,4561,4562,-1,4557,4562,4547,-1,4547,4562,397,-1,4483,838,4549,-1,4549,838,4464,-1,4549,4464,4466,-1,4566,4577,4571,-1,4571,4577,4578,-1,4571,4578,4576,-1,4576,4578,4579,-1,4576,4579,4580,-1,4466,4541,4549,-1,4549,4541,4572,-1,4549,4572,4550,-1,4550,4572,4573,-1,4550,4573,4551,-1,4551,4573,4574,-1,4551,4574,4552,-1,4552,4574,4575,-1,4552,4575,4553,-1,4553,4575,4576,-1,4553,4576,4554,-1,4554,4576,4580,-1,4554,4580,4555,-1,824,392,394,-1,824,394,4581,-1,4581,394,4582,-1,4581,4582,4583,-1,4583,4582,4584,-1,4583,4584,4585,-1,4585,4584,4586,-1,4586,4584,4587,-1,4586,4587,4588,-1,4588,4587,4589,-1,4589,4587,4590,-1,4589,4590,4591,-1,4591,4590,4592,-1,4592,4590,4593,-1,4592,4593,4594,-1,380,382,4593,-1,4593,382,831,-1,4593,831,4594,-1,4500,4502,4595,-1,4595,4502,4503,-1,4595,4503,826,-1,826,4503,4505,-1,826,4505,827,-1,4595,4596,4500,-1,4500,4596,4597,-1,4500,4597,4499,-1,4499,4597,4598,-1,4598,4599,4499,-1,4499,4599,4600,-1,4499,4600,4497,-1,4497,4600,4601,-1,4497,4601,4496,-1,4496,4601,4602,-1,4496,4602,4494,-1,4494,4602,4603,-1,4494,4603,4492,-1,4492,4603,833,-1,4492,833,832,-1,398,399,4515,-1,834,833,4540,-1,4540,833,4604,-1,4540,4604,4533,-1,4533,4604,4605,-1,4533,4605,4534,-1,4534,4605,4606,-1,4534,4606,4506,-1,4506,4606,4607,-1,4506,4607,4507,-1,4507,4607,4608,-1,4507,4608,4521,-1,4521,4608,4609,-1,4521,4609,4522,-1,4522,4609,4610,-1,4522,4610,4523,-1,4523,4610,4611,-1,4523,4611,4524,-1,4524,4611,4612,-1,4524,4612,4515,-1,4515,4612,4613,-1,4515,4613,398,-1,397,396,4614,-1,830,829,4615,-1,4615,829,4555,-1,4615,4555,4616,-1,4616,4555,4580,-1,4616,4580,4617,-1,4617,4580,4579,-1,4617,4579,4618,-1,4618,4579,4578,-1,4618,4578,4619,-1,4619,4578,4577,-1,4619,4577,4620,-1,4620,4577,4566,-1,4620,4566,4621,-1,4621,4566,4565,-1,4621,4565,4622,-1,4622,4565,4564,-1,4622,4564,4623,-1,4623,4564,4563,-1,4623,4563,4614,-1,4614,4563,4556,-1,4614,4556,397,-1,4589,4591,4624,-1,4624,4591,4592,-1,4624,4592,830,-1,830,4592,4594,-1,830,4594,831,-1,4624,4625,4589,-1,4589,4625,4626,-1,4589,4626,4588,-1,4588,4626,4627,-1,4627,4628,4588,-1,4588,4628,4629,-1,4588,4629,4586,-1,4586,4629,4630,-1,4586,4630,4585,-1,4585,4630,4631,-1,4585,4631,4583,-1,4583,4631,4632,-1,4583,4632,4581,-1,4581,4632,825,-1,4581,825,824,-1,4633,4634,4635,-1,4636,4637,4638,-1,398,4639,4640,-1,4641,4639,398,-1,4638,4637,398,-1,4642,398,4637,-1,4643,4596,4595,-1,4596,4643,4597,-1,4597,4643,4644,-1,4597,4644,4598,-1,4598,4644,4645,-1,4598,4645,4599,-1,4599,4645,4646,-1,4599,4646,4600,-1,4600,4646,4601,-1,4601,4646,4647,-1,4601,4647,4602,-1,4602,4647,4603,-1,4603,4647,4604,-1,4603,4604,833,-1,4613,4641,398,-1,4648,4649,4636,-1,4636,4649,4650,-1,4636,4650,4637,-1,4637,4650,4651,-1,4637,4651,4642,-1,4652,4640,4653,-1,4653,4640,4639,-1,4653,4639,4654,-1,4654,4639,4641,-1,4654,4641,4655,-1,4613,4612,4641,-1,4641,4612,4611,-1,4641,4611,4655,-1,4655,4611,4610,-1,4655,4610,4609,-1,4635,4652,4656,-1,4656,4652,4653,-1,4656,4653,4657,-1,4657,4653,4654,-1,4657,4654,4658,-1,4658,4654,4655,-1,4658,4655,4659,-1,4659,4655,4609,-1,4660,4661,4662,-1,4662,4661,4633,-1,4633,4635,4662,-1,4662,4635,4656,-1,4662,4656,4663,-1,4663,4656,4657,-1,4663,4657,4664,-1,4664,4657,4658,-1,4664,4658,4665,-1,4665,4658,4659,-1,4665,4659,4666,-1,4634,4648,4635,-1,4635,4648,4636,-1,4635,4636,4652,-1,4652,4636,4638,-1,4652,4638,4640,-1,4640,4638,398,-1,4660,4643,4667,-1,4667,4643,4595,-1,4667,4595,826,-1,4609,4608,4659,-1,4659,4608,4607,-1,4659,4607,4666,-1,4666,4607,4606,-1,4666,4606,4605,-1,4660,4662,4643,-1,4643,4662,4663,-1,4643,4663,4644,-1,4644,4663,4664,-1,4644,4664,4645,-1,4645,4664,4665,-1,4645,4665,4646,-1,4646,4665,4666,-1,4646,4666,4647,-1,4647,4666,4605,-1,4647,4605,4604,-1,4618,4619,4668,-1,4669,4670,4671,-1,396,4672,4673,-1,4674,4672,396,-1,4671,4670,396,-1,4614,396,4670,-1,4675,4625,4624,-1,4625,4675,4626,-1,4626,4675,4676,-1,4626,4676,4627,-1,4627,4676,4677,-1,4627,4677,4628,-1,4628,4677,4678,-1,4628,4678,4629,-1,4629,4678,4630,-1,4630,4678,4679,-1,4630,4679,4631,-1,4631,4679,4632,-1,4632,4679,4680,-1,4632,4680,825,-1,4681,4674,396,-1,4620,4621,4669,-1,4669,4621,4622,-1,4669,4622,4670,-1,4670,4622,4623,-1,4670,4623,4614,-1,4682,4673,4683,-1,4683,4673,4672,-1,4683,4672,4684,-1,4684,4672,4674,-1,4684,4674,4685,-1,4681,4686,4674,-1,4674,4686,4687,-1,4674,4687,4685,-1,4685,4687,4688,-1,4685,4688,4689,-1,4668,4682,4690,-1,4690,4682,4683,-1,4690,4683,4691,-1,4691,4683,4684,-1,4691,4684,4692,-1,4692,4684,4685,-1,4692,4685,4693,-1,4693,4685,4689,-1,4616,4617,4694,-1,4694,4617,4618,-1,4618,4668,4694,-1,4694,4668,4690,-1,4694,4690,4695,-1,4695,4690,4691,-1,4695,4691,4696,-1,4696,4691,4692,-1,4696,4692,4697,-1,4697,4692,4693,-1,4697,4693,4698,-1,4619,4620,4668,-1,4668,4620,4669,-1,4668,4669,4682,-1,4682,4669,4671,-1,4682,4671,4673,-1,4673,4671,396,-1,4616,4675,4615,-1,4615,4675,4624,-1,4615,4624,830,-1,4689,4699,4693,-1,4693,4699,4700,-1,4693,4700,4698,-1,4698,4700,4701,-1,4698,4701,4702,-1,4616,4694,4675,-1,4675,4694,4695,-1,4675,4695,4676,-1,4676,4695,4696,-1,4676,4696,4677,-1,4677,4696,4697,-1,4677,4697,4678,-1,4678,4697,4698,-1,4678,4698,4679,-1,4679,4698,4702,-1,4679,4702,4680,-1,826,825,4667,-1,4667,825,4680,-1,4667,4680,4660,-1,4660,4680,4702,-1,4660,4702,4661,-1,4661,4702,4701,-1,4661,4701,4633,-1,4633,4701,4700,-1,4633,4700,4634,-1,4634,4700,4699,-1,4634,4699,4648,-1,4648,4699,4689,-1,4648,4689,4649,-1,4649,4689,4688,-1,4649,4688,4650,-1,4650,4688,4687,-1,4650,4687,4651,-1,4651,4687,4686,-1,4651,4686,4642,-1,4686,4681,4642,-1,4642,4681,396,-1,4642,396,398,-1,484,483,4703,-1,4703,483,4704,-1,4703,4704,4705,-1,4705,4704,4706,-1,4705,4706,4707,-1,4707,4706,4708,-1,4707,4708,4709,-1,4709,4708,4710,-1,4709,4710,4711,-1,4711,4710,4712,-1,4711,4712,507,-1,507,4712,505,-1,483,482,4704,-1,4704,482,4713,-1,4704,4713,4706,-1,4706,4713,4714,-1,4706,4714,4708,-1,4708,4714,4715,-1,4708,4715,4710,-1,4710,4715,4716,-1,4710,4716,4712,-1,4712,4716,4717,-1,4712,4717,505,-1,505,4717,503,-1,482,475,4713,-1,4713,475,4718,-1,4713,4718,4714,-1,4714,4718,4719,-1,4714,4719,4715,-1,4715,4719,4720,-1,4715,4720,4716,-1,4716,4720,4721,-1,4716,4721,4717,-1,4717,4721,4722,-1,4717,4722,503,-1,503,4722,501,-1,475,474,4718,-1,4718,474,4723,-1,4718,4723,4719,-1,4719,4723,4724,-1,4719,4724,4720,-1,4720,4724,4725,-1,4720,4725,4721,-1,4721,4725,4726,-1,4721,4726,4722,-1,4722,4726,4727,-1,4722,4727,501,-1,501,4727,499,-1,474,481,4723,-1,4723,481,4728,-1,4723,4728,4724,-1,4724,4728,4729,-1,4724,4729,4725,-1,4725,4729,4730,-1,4725,4730,4726,-1,4726,4730,4731,-1,4726,4731,4727,-1,4727,4731,4732,-1,4727,4732,499,-1,499,4732,497,-1,481,480,4728,-1,4728,480,4733,-1,4728,4733,4729,-1,4729,4733,4734,-1,4729,4734,4730,-1,4730,4734,4735,-1,4730,4735,4731,-1,4731,4735,4736,-1,4731,4736,4732,-1,4732,4736,4737,-1,4732,4737,497,-1,497,4737,471,-1,477,479,884,-1,884,479,4738,-1,884,4738,4739,-1,4739,4738,4740,-1,4740,4738,4741,-1,4740,4741,4742,-1,4742,4741,4743,-1,4743,4741,4744,-1,4743,4744,4745,-1,4745,4744,4746,-1,4746,4744,4747,-1,4746,4747,4748,-1,4748,4747,4749,-1,4749,4747,4750,-1,4749,4750,4751,-1,511,509,4750,-1,4750,509,883,-1,4750,883,4751,-1,876,473,471,-1,876,471,4752,-1,4752,471,4737,-1,4752,4737,4753,-1,4753,4737,4736,-1,4753,4736,4754,-1,4754,4736,4755,-1,4755,4736,4735,-1,4755,4735,4756,-1,4756,4735,4757,-1,4757,4735,4734,-1,4757,4734,4758,-1,4758,4734,4759,-1,4759,4734,4733,-1,4759,4733,4760,-1,480,478,4733,-1,4733,478,887,-1,4733,887,4760,-1,883,882,4761,-1,883,4761,4751,-1,4751,4761,4762,-1,4751,4762,4749,-1,4762,4763,4749,-1,4749,4763,4764,-1,4749,4764,4748,-1,4748,4764,4746,-1,4746,4764,4765,-1,4746,4765,4766,-1,4766,4767,4746,-1,4746,4767,4768,-1,4746,4768,4745,-1,4768,4769,4745,-1,4745,4769,4770,-1,4745,4770,4743,-1,4743,4770,4771,-1,4743,4771,4742,-1,4742,4771,4772,-1,885,884,4773,-1,4773,884,4739,-1,4773,4739,4772,-1,4772,4739,4740,-1,4772,4740,4742,-1,469,467,4774,-1,886,885,4775,-1,4775,885,4776,-1,4775,4776,4777,-1,4777,4776,4778,-1,4777,4778,4779,-1,4779,4778,4780,-1,4779,4780,4781,-1,4781,4780,4782,-1,4781,4782,4783,-1,4783,4782,4784,-1,4783,4784,4785,-1,4785,4784,4786,-1,4785,4786,4787,-1,4787,4786,4788,-1,4787,4788,4789,-1,4789,4788,4790,-1,4789,4790,4791,-1,4791,4790,4792,-1,4791,4792,4774,-1,4774,4792,4793,-1,4774,4793,469,-1,887,886,4760,-1,4760,886,4794,-1,4760,4794,4759,-1,4759,4794,4795,-1,4759,4795,4758,-1,4758,4795,4757,-1,4795,4796,4757,-1,4757,4796,4797,-1,4757,4797,4756,-1,4756,4797,4798,-1,4756,4798,4755,-1,4755,4798,4799,-1,4799,4800,4755,-1,4755,4800,4801,-1,4755,4801,4754,-1,4754,4801,4802,-1,4754,4802,4753,-1,4802,4803,4753,-1,4753,4803,4804,-1,4753,4804,4752,-1,877,876,4805,-1,4805,876,4752,-1,4805,4752,4806,-1,4806,4752,4804,-1,506,504,4807,-1,4807,504,4808,-1,4807,4808,4809,-1,4809,4808,4810,-1,4809,4810,4811,-1,4811,4810,4812,-1,4811,4812,4813,-1,4813,4812,4814,-1,4813,4814,4815,-1,4815,4814,4816,-1,4815,4816,488,-1,488,4816,489,-1,504,502,4808,-1,4808,502,4817,-1,4808,4817,4810,-1,4810,4817,4818,-1,4810,4818,4812,-1,4812,4818,4819,-1,4812,4819,4814,-1,4814,4819,4820,-1,4814,4820,4816,-1,4816,4820,4821,-1,4816,4821,489,-1,489,4821,491,-1,502,500,4817,-1,4817,500,4822,-1,4817,4822,4818,-1,4818,4822,4823,-1,4818,4823,4819,-1,4819,4823,4824,-1,4819,4824,4820,-1,4820,4824,4825,-1,4820,4825,4821,-1,4821,4825,4826,-1,4821,4826,491,-1,491,4826,492,-1,500,498,4822,-1,4822,498,4827,-1,4822,4827,4823,-1,4823,4827,4828,-1,4823,4828,4824,-1,4824,4828,4829,-1,4824,4829,4825,-1,4825,4829,4830,-1,4825,4830,4826,-1,4826,4830,4831,-1,4826,4831,492,-1,492,4831,493,-1,498,496,4827,-1,4827,496,4832,-1,4827,4832,4828,-1,4828,4832,4833,-1,4828,4833,4829,-1,4829,4833,4834,-1,4829,4834,4830,-1,4830,4834,4835,-1,4830,4835,4831,-1,4831,4835,4836,-1,4831,4836,493,-1,493,4836,494,-1,496,470,4832,-1,4832,470,4837,-1,4832,4837,4833,-1,4833,4837,4838,-1,4833,4838,4834,-1,4834,4838,4839,-1,4834,4839,4835,-1,4835,4839,4840,-1,4835,4840,4836,-1,4836,4840,4841,-1,4836,4841,494,-1,494,4841,495,-1,508,510,880,-1,880,510,4842,-1,880,4842,4843,-1,4843,4842,4844,-1,4844,4842,4845,-1,4844,4845,4846,-1,4846,4845,4847,-1,4847,4845,4848,-1,4847,4848,4849,-1,4849,4848,4850,-1,4850,4848,4851,-1,4850,4851,4852,-1,4852,4851,4853,-1,4853,4851,4854,-1,4853,4854,4855,-1,487,486,4854,-1,4854,486,875,-1,4854,875,4855,-1,4793,4792,4856,-1,4790,4788,4857,-1,4786,4784,4858,-1,4782,4780,4859,-1,4778,4776,4860,-1,4861,4761,882,-1,4862,4766,4863,-1,4863,4766,4765,-1,4863,4765,4764,-1,4864,4768,4862,-1,4862,4768,4767,-1,4862,4767,4766,-1,4769,4865,4770,-1,4770,4865,4866,-1,4770,4866,4771,-1,4771,4866,4772,-1,4772,4866,4860,-1,4772,4860,4773,-1,4773,4860,4776,-1,4773,4776,885,-1,882,4867,4861,-1,4861,4867,4868,-1,4861,4868,4869,-1,4868,4870,4869,-1,4869,4870,4871,-1,4869,4871,4872,-1,4871,4873,4872,-1,4872,4873,4874,-1,4872,4874,4875,-1,4874,4876,4875,-1,4875,4876,4877,-1,4875,4877,4856,-1,4780,4778,4859,-1,4859,4778,4860,-1,4859,4860,4878,-1,4878,4860,4866,-1,4878,4866,4864,-1,4864,4866,4865,-1,4864,4865,4768,-1,4768,4865,4769,-1,4784,4782,4858,-1,4858,4782,4859,-1,4858,4859,4879,-1,4879,4859,4878,-1,4879,4878,4880,-1,4880,4878,4864,-1,4880,4864,4881,-1,4881,4864,4862,-1,4881,4862,4882,-1,4882,4862,4863,-1,4882,4863,4763,-1,4763,4863,4764,-1,4788,4786,4857,-1,4857,4786,4858,-1,4857,4858,4883,-1,4883,4858,4879,-1,4883,4879,4884,-1,4884,4879,4880,-1,4884,4880,4885,-1,4885,4880,4881,-1,4885,4881,4886,-1,4886,4881,4882,-1,4886,4882,4762,-1,4762,4882,4763,-1,4792,4790,4856,-1,4856,4790,4857,-1,4856,4857,4875,-1,4875,4857,4883,-1,4875,4883,4872,-1,4872,4883,4884,-1,4872,4884,4869,-1,4869,4884,4885,-1,4869,4885,4861,-1,4861,4885,4886,-1,4861,4886,4761,-1,4761,4886,4762,-1,469,4793,4887,-1,4887,4793,4856,-1,4887,4856,4888,-1,4888,4856,4877,-1,4795,4794,4889,-1,4889,4794,886,-1,4798,4797,4890,-1,4890,4797,4796,-1,4801,4800,4891,-1,4891,4800,4799,-1,4804,4803,4892,-1,4892,4803,4802,-1,4892,4802,4801,-1,4892,4893,4804,-1,4804,4893,4894,-1,4804,4894,4806,-1,4806,4894,4895,-1,4806,4895,4805,-1,4805,4895,4896,-1,4805,4896,877,-1,886,4775,4889,-1,4889,4775,4777,-1,4889,4777,4897,-1,4777,4779,4897,-1,4897,4779,4781,-1,4897,4781,4898,-1,4781,4783,4898,-1,4898,4783,4785,-1,4898,4785,4899,-1,4785,4787,4899,-1,4899,4787,4789,-1,4899,4789,4900,-1,467,4901,4774,-1,4774,4901,4900,-1,4774,4900,4791,-1,4791,4900,4789,-1,4795,4889,4902,-1,4902,4889,4897,-1,4902,4897,4903,-1,4903,4897,4898,-1,4903,4898,4904,-1,4904,4898,4899,-1,4904,4899,4905,-1,4905,4899,4900,-1,4905,4900,4906,-1,4901,4907,4900,-1,4900,4907,4908,-1,4900,4908,4906,-1,4906,4908,4909,-1,4906,4909,4910,-1,4910,4911,4906,-1,4906,4911,4912,-1,4906,4912,4905,-1,4905,4912,4913,-1,4905,4913,4904,-1,4904,4913,4914,-1,4904,4914,4903,-1,4903,4914,4890,-1,4903,4890,4902,-1,4902,4890,4796,-1,4902,4796,4795,-1,4798,4890,4799,-1,4799,4890,4914,-1,4799,4914,4891,-1,4891,4914,4913,-1,4891,4913,4915,-1,4915,4913,4912,-1,4915,4912,4916,-1,4916,4912,4911,-1,4916,4911,4917,-1,4910,4918,4911,-1,4911,4918,4919,-1,4911,4919,4917,-1,4917,4919,4920,-1,4917,4920,4921,-1,4801,4891,4892,-1,4892,4891,4915,-1,4892,4915,4893,-1,4893,4915,4916,-1,4893,4916,4894,-1,4894,4916,4917,-1,4894,4917,4895,-1,4895,4917,4921,-1,4895,4921,4896,-1,872,485,495,-1,872,495,4922,-1,4922,495,4841,-1,4922,4841,4923,-1,4923,4841,4840,-1,4923,4840,4924,-1,4924,4840,4925,-1,4925,4840,4839,-1,4925,4839,4926,-1,4926,4839,4927,-1,4927,4839,4838,-1,4927,4838,4928,-1,4928,4838,4929,-1,4929,4838,4837,-1,4929,4837,4930,-1,470,472,4837,-1,4837,472,879,-1,4837,879,4930,-1,875,874,4855,-1,4855,874,4931,-1,4855,4931,4853,-1,4853,4931,4932,-1,4853,4932,4852,-1,4852,4932,4850,-1,4932,4933,4850,-1,4850,4933,4934,-1,4850,4934,4849,-1,4849,4934,4935,-1,4849,4935,4847,-1,4847,4935,4936,-1,4936,4937,4847,-1,4847,4937,4938,-1,4847,4938,4846,-1,4846,4938,4939,-1,4846,4939,4844,-1,4939,4940,4844,-1,4844,4940,4941,-1,4844,4941,4843,-1,881,880,4942,-1,4942,880,4843,-1,4942,4843,4943,-1,4943,4843,4941,-1,468,469,4887,-1,882,881,4867,-1,4867,881,4944,-1,4867,4944,4868,-1,4868,4944,4945,-1,4868,4945,4870,-1,4870,4945,4946,-1,4870,4946,4871,-1,4871,4946,4947,-1,4871,4947,4873,-1,4873,4947,4948,-1,4873,4948,4874,-1,4874,4948,4949,-1,4874,4949,4876,-1,4876,4949,4950,-1,4876,4950,4877,-1,4877,4950,4951,-1,4877,4951,4888,-1,4888,4951,4952,-1,4888,4952,4887,-1,4887,4952,4953,-1,4887,4953,468,-1,467,466,4954,-1,878,877,4955,-1,4955,877,4896,-1,4955,4896,4956,-1,4956,4896,4921,-1,4956,4921,4957,-1,4957,4921,4920,-1,4957,4920,4958,-1,4958,4920,4919,-1,4958,4919,4959,-1,4959,4919,4918,-1,4959,4918,4960,-1,4960,4918,4910,-1,4960,4910,4961,-1,4961,4910,4909,-1,4961,4909,4962,-1,4962,4909,4908,-1,4962,4908,4963,-1,4963,4908,4907,-1,4963,4907,4954,-1,4954,4907,4901,-1,4954,4901,467,-1,879,878,4964,-1,879,4964,4930,-1,4930,4964,4965,-1,4930,4965,4929,-1,4929,4965,4966,-1,4929,4966,4928,-1,4928,4966,4967,-1,4928,4967,4927,-1,4927,4967,4968,-1,4927,4968,4969,-1,4969,4970,4927,-1,4927,4970,4971,-1,4927,4971,4926,-1,4971,4972,4926,-1,4926,4972,4973,-1,4926,4973,4925,-1,4925,4973,4974,-1,4925,4974,4924,-1,4924,4974,4975,-1,873,872,4976,-1,4976,872,4922,-1,4976,4922,4975,-1,4975,4922,4923,-1,4975,4923,4924,-1,4977,4978,4979,-1,4980,4981,4982,-1,4983,4984,4985,-1,874,4986,4987,-1,4988,4933,4989,-1,4989,4933,4932,-1,4989,4932,4987,-1,4987,4932,4931,-1,4987,4931,874,-1,4936,4935,4988,-1,4988,4935,4934,-1,4988,4934,4933,-1,4938,4990,4991,-1,4941,4940,4991,-1,4991,4940,4939,-1,4991,4939,4938,-1,4944,4992,4945,-1,4945,4992,4993,-1,4994,4947,4993,-1,4993,4947,4946,-1,4993,4946,4945,-1,4995,4949,4994,-1,4994,4949,4948,-1,4994,4948,4947,-1,4953,4952,4996,-1,4996,4952,4951,-1,4996,4951,4995,-1,4995,4951,4950,-1,4995,4950,4949,-1,468,4953,4997,-1,4997,4953,4996,-1,4997,4996,4998,-1,4998,4996,4999,-1,4984,4999,4985,-1,4985,4999,4996,-1,4985,4996,5000,-1,5000,4996,4995,-1,5000,4995,5001,-1,5001,4995,4994,-1,5001,4994,5002,-1,5002,4994,4993,-1,5002,4993,5003,-1,5003,4993,4992,-1,4981,4983,4982,-1,4982,4983,4985,-1,4982,4985,5004,-1,5004,4985,5000,-1,5004,5000,5005,-1,5005,5000,5001,-1,5005,5001,5006,-1,5006,5001,5002,-1,5006,5002,5007,-1,5007,5002,5003,-1,4978,4980,4979,-1,4979,4980,4982,-1,4979,4982,5008,-1,5008,4982,5004,-1,5008,5004,5009,-1,5009,5004,5005,-1,5009,5005,4990,-1,4990,5005,5006,-1,4990,5006,4991,-1,4991,5006,5007,-1,4991,5007,4941,-1,4941,5007,5003,-1,4941,5003,4943,-1,4943,5003,4992,-1,4943,4992,4942,-1,4942,4992,4944,-1,4942,4944,881,-1,4986,4977,4987,-1,4987,4977,4979,-1,4987,4979,4989,-1,4989,4979,5008,-1,4989,5008,4988,-1,4988,5008,5009,-1,4988,5009,4936,-1,4936,5009,4990,-1,4936,4990,4937,-1,4937,4990,4938,-1,5010,5011,5012,-1,5013,5014,5015,-1,5016,5017,5018,-1,5019,5020,5021,-1,5022,4964,878,-1,5023,4969,5024,-1,5024,4969,4968,-1,5024,4968,4967,-1,5025,4971,5023,-1,5023,4971,4970,-1,5023,4970,4969,-1,4972,5026,4973,-1,4973,5026,5027,-1,4973,5027,4974,-1,4974,5027,4975,-1,4975,5027,5012,-1,4975,5012,4976,-1,4976,5012,5011,-1,4976,5011,873,-1,5028,5029,5030,-1,5030,5029,4954,-1,5030,4954,466,-1,5031,4962,5029,-1,5029,4962,4963,-1,5029,4963,4954,-1,5032,4960,5031,-1,5031,4960,4961,-1,5031,4961,4962,-1,5014,5010,5015,-1,5015,5010,5012,-1,5015,5012,5033,-1,5033,5012,5027,-1,5033,5027,5025,-1,5025,5027,5026,-1,5025,5026,4971,-1,4971,5026,4972,-1,5034,4958,5032,-1,5032,4958,4959,-1,5032,4959,4960,-1,878,4955,5022,-1,5022,4955,4956,-1,5022,4956,5034,-1,5034,4956,4957,-1,5034,4957,4958,-1,5028,5019,5029,-1,5029,5019,5021,-1,5029,5021,5031,-1,5031,5021,5035,-1,5031,5035,5032,-1,5032,5035,5036,-1,5032,5036,5034,-1,5034,5036,5037,-1,5034,5037,5022,-1,5022,5037,5038,-1,5022,5038,4964,-1,4964,5038,4965,-1,5020,5016,5021,-1,5021,5016,5018,-1,5021,5018,5035,-1,5035,5018,5039,-1,5035,5039,5036,-1,5036,5039,5040,-1,5036,5040,5037,-1,5037,5040,5041,-1,5037,5041,5038,-1,5038,5041,5042,-1,5038,5042,4965,-1,4965,5042,4966,-1,5017,5013,5018,-1,5018,5013,5015,-1,5018,5015,5039,-1,5039,5015,5033,-1,5039,5033,5040,-1,5040,5033,5025,-1,5040,5025,5041,-1,5041,5025,5023,-1,5041,5023,5042,-1,5042,5023,5024,-1,5042,5024,4966,-1,4966,5024,4967,-1,874,873,4986,-1,4986,873,5011,-1,4986,5011,4977,-1,4977,5011,5010,-1,4977,5010,4978,-1,4978,5010,5014,-1,4978,5014,4980,-1,4980,5014,5013,-1,4980,5013,4981,-1,4981,5013,5017,-1,4981,5017,4983,-1,4983,5017,5016,-1,4983,5016,4984,-1,4984,5016,5020,-1,4984,5020,4999,-1,4999,5020,5019,-1,4999,5019,4998,-1,4998,5019,5028,-1,4998,5028,4997,-1,5028,5030,4997,-1,4997,5030,466,-1,4997,466,468,-1,415,417,5043,-1,5043,417,5044,-1,5043,5044,5045,-1,5045,5044,5046,-1,5045,5046,5047,-1,5047,5046,5048,-1,5047,5048,5049,-1,5049,5048,5050,-1,5049,5050,5051,-1,5051,5050,5052,-1,5051,5052,403,-1,403,5052,441,-1,417,418,5044,-1,5044,418,5053,-1,5044,5053,5046,-1,5046,5053,5054,-1,5046,5054,5048,-1,5048,5054,5055,-1,5048,5055,5050,-1,5050,5055,5056,-1,5050,5056,5052,-1,5052,5056,5057,-1,5052,5057,441,-1,441,5057,439,-1,418,412,5053,-1,5053,412,5058,-1,5053,5058,5054,-1,5054,5058,5059,-1,5054,5059,5055,-1,5055,5059,5060,-1,5055,5060,5056,-1,5056,5060,5061,-1,5056,5061,5057,-1,5057,5061,5062,-1,5057,5062,439,-1,439,5062,437,-1,412,411,5058,-1,5058,411,5063,-1,5058,5063,5059,-1,5059,5063,5064,-1,5059,5064,5060,-1,5060,5064,5065,-1,5060,5065,5061,-1,5061,5065,5066,-1,5061,5066,5062,-1,5062,5066,5067,-1,5062,5067,437,-1,437,5067,435,-1,411,409,5063,-1,5063,409,5068,-1,5063,5068,5064,-1,5064,5068,5069,-1,5064,5069,5065,-1,5065,5069,5070,-1,5065,5070,5066,-1,5066,5070,5071,-1,5066,5071,5067,-1,5067,5071,5072,-1,5067,5072,435,-1,435,5072,433,-1,409,408,5068,-1,5068,408,5073,-1,5068,5073,5069,-1,5069,5073,5074,-1,5069,5074,5070,-1,5070,5074,5075,-1,5070,5075,5071,-1,5071,5075,5076,-1,5071,5076,5072,-1,5072,5076,5077,-1,5072,5077,433,-1,433,5077,430,-1,868,413,415,-1,868,415,5078,-1,5078,415,5043,-1,5078,5043,5079,-1,5079,5043,5045,-1,5079,5045,5080,-1,5080,5045,5081,-1,5081,5045,5047,-1,5081,5047,5082,-1,5082,5047,5083,-1,5083,5047,5049,-1,5083,5049,5084,-1,5084,5049,5085,-1,5085,5049,5051,-1,5085,5051,5086,-1,403,401,5051,-1,5051,401,867,-1,5051,867,5086,-1,445,443,860,-1,860,443,5087,-1,860,5087,5088,-1,5088,5087,5089,-1,5089,5087,5090,-1,5089,5090,5091,-1,5091,5090,5092,-1,5092,5090,5093,-1,5092,5093,5094,-1,5094,5093,5095,-1,5095,5093,5096,-1,5095,5096,5097,-1,5097,5096,5098,-1,5098,5096,5099,-1,5098,5099,5100,-1,416,414,5099,-1,5099,414,871,-1,5099,871,5100,-1,402,440,5101,-1,5101,440,5102,-1,5101,5102,5103,-1,5103,5102,5104,-1,5103,5104,5105,-1,5105,5104,5106,-1,5105,5106,5107,-1,5107,5106,5108,-1,5107,5108,5109,-1,5109,5108,5110,-1,5109,5110,428,-1,428,5110,429,-1,440,438,5102,-1,5102,438,5111,-1,5102,5111,5104,-1,5104,5111,5112,-1,5104,5112,5106,-1,5106,5112,5113,-1,5106,5113,5108,-1,5108,5113,5114,-1,5108,5114,5110,-1,5110,5114,5115,-1,5110,5115,429,-1,429,5115,422,-1,438,436,5111,-1,5111,436,5116,-1,5111,5116,5112,-1,5112,5116,5117,-1,5112,5117,5113,-1,5113,5117,5118,-1,5113,5118,5114,-1,5114,5118,5119,-1,5114,5119,5115,-1,5115,5119,5120,-1,5115,5120,422,-1,422,5120,423,-1,436,434,5116,-1,5116,434,5121,-1,5116,5121,5117,-1,5117,5121,5122,-1,5117,5122,5118,-1,5118,5122,5123,-1,5118,5123,5119,-1,5119,5123,5124,-1,5119,5124,5120,-1,5120,5124,5125,-1,5120,5125,423,-1,423,5125,424,-1,434,432,5121,-1,5121,432,5126,-1,5121,5126,5122,-1,5122,5126,5127,-1,5122,5127,5123,-1,5123,5127,5128,-1,5123,5128,5124,-1,5124,5128,5129,-1,5124,5129,5125,-1,5125,5129,5130,-1,5125,5130,424,-1,424,5130,419,-1,432,431,5126,-1,5126,431,5131,-1,5126,5131,5127,-1,5127,5131,5132,-1,5127,5132,5128,-1,5128,5132,5133,-1,5128,5133,5129,-1,5129,5133,5134,-1,5129,5134,5130,-1,5130,5134,5135,-1,5130,5135,419,-1,419,5135,420,-1,867,866,5136,-1,867,5136,5086,-1,5086,5136,5137,-1,5086,5137,5085,-1,5137,5138,5085,-1,5085,5138,5139,-1,5085,5139,5084,-1,5084,5139,5083,-1,5083,5139,5140,-1,5083,5140,5141,-1,5141,5142,5083,-1,5083,5142,5143,-1,5083,5143,5082,-1,5143,5144,5082,-1,5082,5144,5145,-1,5082,5145,5081,-1,5081,5145,5146,-1,5081,5146,5080,-1,5080,5146,5147,-1,869,868,5148,-1,5148,868,5078,-1,5148,5078,5147,-1,5147,5078,5079,-1,5147,5079,5080,-1,407,405,5149,-1,870,869,5150,-1,5150,869,5151,-1,5150,5151,5152,-1,5152,5151,5153,-1,5152,5153,5154,-1,5154,5153,5155,-1,5154,5155,5156,-1,5156,5155,5157,-1,5156,5157,5158,-1,5158,5157,5159,-1,5158,5159,5160,-1,5160,5159,5161,-1,5160,5161,5162,-1,5162,5161,5163,-1,5162,5163,5164,-1,5164,5163,5165,-1,5164,5165,5166,-1,5166,5165,5167,-1,5166,5167,5149,-1,5149,5167,5168,-1,5149,5168,407,-1,871,870,5100,-1,5100,870,5169,-1,5100,5169,5098,-1,5098,5169,5170,-1,5098,5170,5097,-1,5097,5170,5095,-1,5170,5171,5095,-1,5095,5171,5172,-1,5095,5172,5094,-1,5094,5172,5173,-1,5094,5173,5092,-1,5092,5173,5174,-1,5174,5175,5092,-1,5092,5175,5176,-1,5092,5176,5091,-1,5091,5176,5177,-1,5091,5177,5089,-1,5177,5178,5089,-1,5089,5178,5179,-1,5089,5179,5088,-1,861,860,5180,-1,5180,860,5088,-1,5180,5088,5181,-1,5181,5088,5179,-1,864,400,402,-1,864,402,5182,-1,5182,402,5101,-1,5182,5101,5183,-1,5183,5101,5103,-1,5183,5103,5184,-1,5184,5103,5185,-1,5185,5103,5105,-1,5185,5105,5186,-1,5186,5105,5187,-1,5187,5105,5107,-1,5187,5107,5188,-1,5188,5107,5189,-1,5189,5107,5109,-1,5189,5109,5190,-1,428,426,5109,-1,5109,426,859,-1,5109,859,5190,-1,5153,5151,5191,-1,5157,5155,5192,-1,5161,5159,5193,-1,5165,5163,5194,-1,5195,5136,866,-1,5196,5141,5197,-1,5197,5141,5140,-1,5197,5140,5139,-1,5198,5143,5196,-1,5196,5143,5142,-1,5196,5142,5141,-1,5144,5199,5145,-1,5145,5199,5200,-1,5145,5200,5146,-1,5146,5200,5147,-1,5147,5200,5191,-1,5147,5191,5148,-1,5148,5191,5151,-1,5148,5151,869,-1,5167,5201,5168,-1,5168,5201,5202,-1,5168,5202,407,-1,5203,5204,5201,-1,5201,5204,5205,-1,5201,5205,5202,-1,5206,5207,5203,-1,5203,5207,5208,-1,5203,5208,5204,-1,5155,5153,5192,-1,5192,5153,5191,-1,5192,5191,5209,-1,5209,5191,5200,-1,5209,5200,5198,-1,5198,5200,5199,-1,5198,5199,5143,-1,5143,5199,5144,-1,5210,5211,5206,-1,5206,5211,5212,-1,5206,5212,5207,-1,866,5213,5195,-1,5195,5213,5214,-1,5195,5214,5210,-1,5210,5214,5215,-1,5210,5215,5211,-1,5167,5165,5201,-1,5201,5165,5194,-1,5201,5194,5203,-1,5203,5194,5216,-1,5203,5216,5206,-1,5206,5216,5217,-1,5206,5217,5210,-1,5210,5217,5218,-1,5210,5218,5195,-1,5195,5218,5219,-1,5195,5219,5136,-1,5136,5219,5137,-1,5163,5161,5194,-1,5194,5161,5193,-1,5194,5193,5216,-1,5216,5193,5220,-1,5216,5220,5217,-1,5217,5220,5221,-1,5217,5221,5218,-1,5218,5221,5222,-1,5218,5222,5219,-1,5219,5222,5223,-1,5219,5223,5137,-1,5137,5223,5138,-1,5159,5157,5193,-1,5193,5157,5192,-1,5193,5192,5220,-1,5220,5192,5209,-1,5220,5209,5221,-1,5221,5209,5198,-1,5221,5198,5222,-1,5222,5198,5196,-1,5222,5196,5223,-1,5223,5196,5197,-1,5223,5197,5138,-1,5138,5197,5139,-1,5152,5154,5224,-1,5156,5158,5225,-1,5160,5162,5226,-1,870,5150,5227,-1,5228,5171,5229,-1,5229,5171,5170,-1,5229,5170,5227,-1,5227,5170,5169,-1,5227,5169,870,-1,5174,5173,5228,-1,5228,5173,5172,-1,5228,5172,5171,-1,5176,5230,5231,-1,5179,5178,5231,-1,5231,5178,5177,-1,5231,5177,5176,-1,5232,5233,5234,-1,5234,5233,5235,-1,5236,5237,5235,-1,5235,5237,5238,-1,5235,5238,5234,-1,5239,5240,5236,-1,5236,5240,5241,-1,5236,5241,5237,-1,5242,5243,5244,-1,5244,5243,5245,-1,5244,5245,5239,-1,5239,5245,5246,-1,5239,5246,5240,-1,405,5242,5149,-1,5149,5242,5244,-1,5149,5244,5166,-1,5166,5244,5164,-1,5162,5164,5226,-1,5226,5164,5244,-1,5226,5244,5247,-1,5247,5244,5239,-1,5247,5239,5248,-1,5248,5239,5236,-1,5248,5236,5249,-1,5249,5236,5235,-1,5249,5235,5250,-1,5250,5235,5233,-1,5158,5160,5225,-1,5225,5160,5226,-1,5225,5226,5251,-1,5251,5226,5247,-1,5251,5247,5252,-1,5252,5247,5248,-1,5252,5248,5253,-1,5253,5248,5249,-1,5253,5249,5254,-1,5254,5249,5250,-1,5154,5156,5224,-1,5224,5156,5225,-1,5224,5225,5255,-1,5255,5225,5251,-1,5255,5251,5256,-1,5256,5251,5252,-1,5256,5252,5230,-1,5230,5252,5253,-1,5230,5253,5231,-1,5231,5253,5254,-1,5231,5254,5179,-1,5179,5254,5250,-1,5179,5250,5181,-1,5181,5250,5233,-1,5181,5233,5180,-1,5180,5233,5232,-1,5180,5232,861,-1,5150,5152,5227,-1,5227,5152,5224,-1,5227,5224,5229,-1,5229,5224,5255,-1,5229,5255,5228,-1,5228,5255,5256,-1,5228,5256,5174,-1,5174,5256,5230,-1,5174,5230,5175,-1,5175,5230,5176,-1,425,427,856,-1,856,427,5257,-1,856,5257,5258,-1,5258,5257,5259,-1,5259,5257,5260,-1,5259,5260,5261,-1,5261,5260,5262,-1,5262,5260,5263,-1,5262,5263,5264,-1,5264,5263,5265,-1,5265,5263,5266,-1,5265,5266,5267,-1,5267,5266,5268,-1,5268,5266,5269,-1,5268,5269,5270,-1,442,444,5269,-1,5269,444,863,-1,5269,863,5270,-1,859,858,5190,-1,5190,858,5271,-1,5190,5271,5189,-1,5189,5271,5272,-1,5189,5272,5188,-1,5188,5272,5187,-1,5272,5273,5187,-1,5187,5273,5274,-1,5187,5274,5186,-1,5186,5274,5275,-1,5186,5275,5185,-1,5185,5275,5276,-1,5276,5277,5185,-1,5185,5277,5278,-1,5185,5278,5184,-1,5184,5278,5279,-1,5184,5279,5183,-1,5279,5280,5183,-1,5183,5280,5281,-1,5183,5281,5182,-1,865,864,5282,-1,5282,864,5182,-1,5282,5182,5283,-1,5283,5182,5281,-1,406,407,5202,-1,866,865,5213,-1,5213,865,5284,-1,5213,5284,5214,-1,5214,5284,5285,-1,5214,5285,5215,-1,5215,5285,5286,-1,5215,5286,5211,-1,5211,5286,5287,-1,5211,5287,5212,-1,5212,5287,5288,-1,5212,5288,5207,-1,5207,5288,5289,-1,5207,5289,5208,-1,5208,5289,5290,-1,5208,5290,5204,-1,5204,5290,5291,-1,5204,5291,5205,-1,5205,5291,5292,-1,5205,5292,5202,-1,5202,5292,5293,-1,5202,5293,406,-1,405,404,5294,-1,862,861,5295,-1,5295,861,5232,-1,5295,5232,5296,-1,5296,5232,5234,-1,5296,5234,5297,-1,5297,5234,5238,-1,5297,5238,5298,-1,5298,5238,5237,-1,5298,5237,5299,-1,5299,5237,5241,-1,5299,5241,5300,-1,5300,5241,5240,-1,5300,5240,5301,-1,5301,5240,5246,-1,5301,5246,5302,-1,5302,5246,5245,-1,5302,5245,5303,-1,5303,5245,5243,-1,5303,5243,5294,-1,5294,5243,5242,-1,5294,5242,405,-1,863,862,5304,-1,863,5304,5270,-1,5270,5304,5305,-1,5270,5305,5268,-1,5305,5306,5268,-1,5268,5306,5307,-1,5268,5307,5267,-1,5267,5307,5265,-1,5265,5307,5308,-1,5265,5308,5309,-1,5309,5310,5265,-1,5265,5310,5311,-1,5265,5311,5264,-1,5311,5312,5264,-1,5264,5312,5313,-1,5264,5313,5262,-1,5262,5313,5314,-1,5262,5314,5261,-1,5261,5314,5315,-1,857,856,5316,-1,5316,856,5258,-1,5316,5258,5315,-1,5315,5258,5259,-1,5315,5259,5261,-1,5272,5271,5317,-1,5317,5271,858,-1,5275,5274,5318,-1,5318,5274,5273,-1,5278,5277,5319,-1,5319,5277,5276,-1,5281,5280,5320,-1,5320,5280,5279,-1,5320,5279,5278,-1,5320,5321,5281,-1,5281,5321,5322,-1,5281,5322,5283,-1,5283,5322,5323,-1,5283,5323,5282,-1,5282,5323,5284,-1,5282,5284,865,-1,858,5324,5317,-1,5317,5324,5325,-1,5317,5325,5326,-1,5325,5327,5326,-1,5326,5327,5328,-1,5326,5328,5329,-1,5328,5330,5329,-1,5329,5330,5331,-1,5329,5331,5332,-1,5331,5333,5332,-1,5332,5333,5334,-1,5332,5334,5335,-1,406,5293,5336,-1,5336,5293,5335,-1,5336,5335,5337,-1,5337,5335,5334,-1,5272,5317,5338,-1,5338,5317,5326,-1,5338,5326,5339,-1,5339,5326,5329,-1,5339,5329,5340,-1,5340,5329,5332,-1,5340,5332,5341,-1,5341,5332,5335,-1,5341,5335,5342,-1,5293,5292,5335,-1,5335,5292,5291,-1,5335,5291,5342,-1,5342,5291,5290,-1,5342,5290,5289,-1,5289,5343,5342,-1,5342,5343,5344,-1,5342,5344,5341,-1,5341,5344,5345,-1,5341,5345,5340,-1,5340,5345,5346,-1,5340,5346,5339,-1,5339,5346,5318,-1,5339,5318,5338,-1,5338,5318,5273,-1,5338,5273,5272,-1,5275,5318,5276,-1,5276,5318,5346,-1,5276,5346,5319,-1,5319,5346,5345,-1,5319,5345,5347,-1,5347,5345,5344,-1,5347,5344,5348,-1,5348,5344,5343,-1,5348,5343,5349,-1,5289,5288,5343,-1,5343,5288,5287,-1,5343,5287,5349,-1,5349,5287,5286,-1,5349,5286,5285,-1,5278,5319,5320,-1,5320,5319,5347,-1,5320,5347,5321,-1,5321,5347,5348,-1,5321,5348,5322,-1,5322,5348,5349,-1,5322,5349,5323,-1,5323,5349,5285,-1,5323,5285,5284,-1,5350,5351,5352,-1,5353,5354,5355,-1,5356,5357,5358,-1,5359,5360,5361,-1,5362,5363,5364,-1,5365,5304,862,-1,5366,5309,5367,-1,5367,5309,5308,-1,5367,5308,5307,-1,5368,5311,5366,-1,5366,5311,5310,-1,5366,5310,5309,-1,5312,5369,5313,-1,5313,5369,5370,-1,5313,5370,5314,-1,5314,5370,5315,-1,5315,5370,5364,-1,5315,5364,5316,-1,5316,5364,5363,-1,5316,5363,857,-1,862,5295,5365,-1,5365,5295,5296,-1,5365,5296,5371,-1,5296,5297,5371,-1,5371,5297,5298,-1,5371,5298,5372,-1,5298,5299,5372,-1,5372,5299,5300,-1,5372,5300,5373,-1,5300,5301,5373,-1,5373,5301,5302,-1,5373,5302,5352,-1,5360,5362,5361,-1,5361,5362,5364,-1,5361,5364,5374,-1,5374,5364,5370,-1,5374,5370,5368,-1,5368,5370,5369,-1,5368,5369,5311,-1,5311,5369,5312,-1,5357,5359,5358,-1,5358,5359,5361,-1,5358,5361,5375,-1,5375,5361,5374,-1,5375,5374,5376,-1,5376,5374,5368,-1,5376,5368,5377,-1,5377,5368,5366,-1,5377,5366,5378,-1,5378,5366,5367,-1,5378,5367,5306,-1,5306,5367,5307,-1,5354,5356,5355,-1,5355,5356,5358,-1,5355,5358,5379,-1,5379,5358,5375,-1,5379,5375,5380,-1,5380,5375,5376,-1,5380,5376,5381,-1,5381,5376,5377,-1,5381,5377,5382,-1,5382,5377,5378,-1,5382,5378,5305,-1,5305,5378,5306,-1,5351,5353,5352,-1,5352,5353,5355,-1,5352,5355,5373,-1,5373,5355,5379,-1,5373,5379,5372,-1,5372,5379,5380,-1,5372,5380,5371,-1,5371,5380,5381,-1,5371,5381,5365,-1,5365,5381,5382,-1,5365,5382,5304,-1,5304,5382,5305,-1,404,5350,5294,-1,5294,5350,5352,-1,5294,5352,5303,-1,5303,5352,5302,-1,858,857,5324,-1,5324,857,5363,-1,5324,5363,5325,-1,5325,5363,5362,-1,5325,5362,5327,-1,5327,5362,5360,-1,5327,5360,5328,-1,5328,5360,5359,-1,5328,5359,5330,-1,5330,5359,5357,-1,5330,5357,5331,-1,5331,5357,5356,-1,5331,5356,5333,-1,5333,5356,5354,-1,5333,5354,5334,-1,5334,5354,5353,-1,5334,5353,5337,-1,5337,5353,5351,-1,5337,5351,5336,-1,5351,5350,5336,-1,5336,5350,404,-1,5336,404,406,-1,916,454,456,-1,916,456,5383,-1,5383,456,5384,-1,5383,5384,5385,-1,5385,5384,5386,-1,5385,5386,5387,-1,5387,5386,5388,-1,5388,5386,5389,-1,5388,5389,5390,-1,5390,5389,5391,-1,5391,5389,5392,-1,5391,5392,5393,-1,5393,5392,5394,-1,5394,5392,5395,-1,5394,5395,5396,-1,446,448,5395,-1,5395,448,915,-1,5395,915,5396,-1,908,453,451,-1,908,451,5397,-1,5397,451,5398,-1,5397,5398,5399,-1,5399,5398,5400,-1,5399,5400,5401,-1,5401,5400,5402,-1,5402,5400,5403,-1,5402,5403,5404,-1,5404,5403,5405,-1,5405,5403,5406,-1,5405,5406,5407,-1,5407,5406,5408,-1,5408,5406,5409,-1,5408,5409,5410,-1,457,455,5409,-1,5409,455,919,-1,5409,919,5410,-1,915,914,5396,-1,5396,914,5411,-1,5396,5411,5394,-1,5394,5411,5412,-1,5394,5412,5393,-1,5393,5412,5413,-1,5393,5413,5391,-1,5413,5414,5391,-1,5391,5414,5415,-1,5391,5415,5390,-1,5390,5415,5416,-1,5390,5416,5388,-1,5388,5416,5417,-1,5388,5417,5387,-1,5387,5417,5418,-1,917,916,5419,-1,5419,916,5383,-1,5419,5383,5418,-1,5418,5383,5385,-1,5418,5385,5387,-1,465,463,5420,-1,918,917,5421,-1,5421,917,5422,-1,5421,5422,5423,-1,5423,5422,5424,-1,5423,5424,5425,-1,5425,5424,5426,-1,5425,5426,5427,-1,5427,5426,5428,-1,5427,5428,5429,-1,5429,5428,5430,-1,5429,5430,5431,-1,5431,5430,5432,-1,5431,5432,5433,-1,5433,5432,5434,-1,5433,5434,5435,-1,5435,5434,5436,-1,5435,5436,5437,-1,5437,5436,5438,-1,5437,5438,5420,-1,5420,5438,5439,-1,5420,5439,465,-1,5405,5407,5440,-1,5440,5407,5408,-1,5440,5408,918,-1,918,5408,5410,-1,918,5410,919,-1,5440,5441,5405,-1,5405,5441,5442,-1,5405,5442,5404,-1,5404,5442,5443,-1,5443,5444,5404,-1,5404,5444,5445,-1,5404,5445,5402,-1,5402,5445,5446,-1,5402,5446,5401,-1,5401,5446,5447,-1,5401,5447,5399,-1,5399,5447,5448,-1,5399,5448,5397,-1,5397,5448,909,-1,5397,909,908,-1,912,449,447,-1,912,447,5449,-1,5449,447,5450,-1,5449,5450,5451,-1,5451,5450,5452,-1,5451,5452,5453,-1,5453,5452,5454,-1,5454,5452,5455,-1,5454,5455,5456,-1,5456,5455,5457,-1,5457,5455,5458,-1,5457,5458,5459,-1,5459,5458,5460,-1,5460,5458,5461,-1,5460,5461,5462,-1,5462,5461,5463,-1,5463,5461,5464,-1,5463,5464,5465,-1,461,459,5464,-1,5464,459,907,-1,5464,907,5465,-1,5466,5467,5468,-1,5469,5470,5471,-1,5472,5473,5474,-1,465,5475,5476,-1,5477,5475,465,-1,5474,5473,465,-1,5478,465,5473,-1,5411,5479,5412,-1,5412,5479,5480,-1,5415,5414,5480,-1,5480,5414,5413,-1,5480,5413,5412,-1,5480,5481,5415,-1,5415,5481,5482,-1,5415,5482,5416,-1,5416,5482,5483,-1,5416,5483,5417,-1,5417,5483,5418,-1,5418,5483,5484,-1,5418,5484,5419,-1,5419,5484,5422,-1,5419,5422,917,-1,5439,5477,465,-1,5485,5486,5472,-1,5472,5486,5487,-1,5472,5487,5473,-1,5473,5487,5488,-1,5473,5488,5478,-1,5489,5476,5490,-1,5490,5476,5475,-1,5490,5475,5491,-1,5491,5475,5477,-1,5491,5477,5492,-1,5470,5485,5471,-1,5471,5485,5472,-1,5471,5472,5493,-1,5493,5472,5474,-1,5493,5474,5494,-1,5494,5474,465,-1,5439,5438,5477,-1,5477,5438,5436,-1,5477,5436,5492,-1,5492,5436,5434,-1,5492,5434,5432,-1,5495,5489,5496,-1,5496,5489,5490,-1,5496,5490,5497,-1,5497,5490,5491,-1,5497,5491,5498,-1,5498,5491,5492,-1,5498,5492,5499,-1,5499,5492,5432,-1,5468,5495,5500,-1,5500,5495,5496,-1,5500,5496,5501,-1,5501,5496,5497,-1,5501,5497,5502,-1,5502,5497,5498,-1,5502,5498,5503,-1,5503,5498,5499,-1,5503,5499,5504,-1,5467,5469,5468,-1,5468,5469,5471,-1,5468,5471,5495,-1,5495,5471,5493,-1,5495,5493,5489,-1,5489,5493,5494,-1,5489,5494,5476,-1,5476,5494,465,-1,5411,914,5479,-1,5479,914,5505,-1,5479,5505,5466,-1,5432,5430,5499,-1,5499,5430,5428,-1,5499,5428,5504,-1,5504,5428,5426,-1,5504,5426,5424,-1,5466,5468,5479,-1,5479,5468,5500,-1,5479,5500,5480,-1,5480,5500,5501,-1,5480,5501,5481,-1,5481,5501,5502,-1,5481,5502,5482,-1,5482,5502,5503,-1,5482,5503,5483,-1,5483,5503,5504,-1,5483,5504,5484,-1,5484,5504,5424,-1,5484,5424,5422,-1,5427,5429,5506,-1,5507,5508,5509,-1,463,5510,5511,-1,5512,5510,463,-1,5509,5508,463,-1,5420,463,5508,-1,5513,5441,5440,-1,5441,5513,5442,-1,5442,5513,5514,-1,5442,5514,5443,-1,5443,5514,5515,-1,5443,5515,5444,-1,5444,5515,5516,-1,5444,5516,5445,-1,5445,5516,5446,-1,5446,5516,5517,-1,5446,5517,5447,-1,5447,5517,5448,-1,5448,5517,5518,-1,5448,5518,909,-1,5519,5512,463,-1,5431,5433,5507,-1,5507,5433,5435,-1,5507,5435,5508,-1,5508,5435,5437,-1,5508,5437,5420,-1,5520,5511,5521,-1,5521,5511,5510,-1,5521,5510,5522,-1,5522,5510,5512,-1,5522,5512,5523,-1,5519,5524,5512,-1,5512,5524,5525,-1,5512,5525,5523,-1,5523,5525,5526,-1,5523,5526,5527,-1,5506,5520,5528,-1,5528,5520,5521,-1,5528,5521,5529,-1,5529,5521,5522,-1,5529,5522,5530,-1,5530,5522,5523,-1,5530,5523,5531,-1,5531,5523,5527,-1,5423,5425,5532,-1,5532,5425,5427,-1,5427,5506,5532,-1,5532,5506,5528,-1,5532,5528,5533,-1,5533,5528,5529,-1,5533,5529,5534,-1,5534,5529,5530,-1,5534,5530,5535,-1,5535,5530,5531,-1,5535,5531,5536,-1,5429,5431,5506,-1,5506,5431,5507,-1,5506,5507,5520,-1,5520,5507,5509,-1,5520,5509,5511,-1,5511,5509,463,-1,5423,5513,5421,-1,5421,5513,5440,-1,5421,5440,918,-1,5527,5537,5531,-1,5531,5537,5538,-1,5531,5538,5536,-1,5536,5538,5539,-1,5536,5539,5540,-1,5423,5532,5513,-1,5513,5532,5533,-1,5513,5533,5514,-1,5514,5533,5534,-1,5514,5534,5515,-1,5515,5534,5535,-1,5515,5535,5516,-1,5516,5535,5536,-1,5516,5536,5517,-1,5517,5536,5540,-1,5517,5540,5518,-1,904,458,460,-1,904,460,5541,-1,5541,460,5542,-1,5541,5542,5543,-1,5543,5542,5544,-1,5543,5544,5545,-1,5545,5544,5546,-1,5546,5544,5547,-1,5546,5547,5548,-1,5548,5547,5549,-1,5549,5547,5550,-1,5549,5550,5551,-1,5551,5550,5552,-1,5552,5550,5553,-1,5552,5553,5554,-1,450,452,5553,-1,5553,452,911,-1,5553,911,5554,-1,907,906,5465,-1,5465,906,5555,-1,5465,5555,5463,-1,5463,5555,5556,-1,5463,5556,5462,-1,5462,5556,5557,-1,5462,5557,5460,-1,5460,5557,5558,-1,5460,5558,5459,-1,5459,5558,5559,-1,5560,5453,5561,-1,5561,5453,5454,-1,5561,5454,5562,-1,5562,5454,5456,-1,5562,5456,5559,-1,5559,5456,5457,-1,5559,5457,5459,-1,913,912,5563,-1,5563,912,5449,-1,5563,5449,5560,-1,5560,5449,5451,-1,5560,5451,5453,-1,464,465,5478,-1,914,913,5505,-1,5505,913,5564,-1,5505,5564,5466,-1,5466,5564,5565,-1,5466,5565,5467,-1,5467,5565,5566,-1,5467,5566,5469,-1,5469,5566,5567,-1,5469,5567,5470,-1,5470,5567,5568,-1,5470,5568,5485,-1,5485,5568,5569,-1,5485,5569,5486,-1,5486,5569,5570,-1,5486,5570,5487,-1,5487,5570,5571,-1,5487,5571,5488,-1,5488,5571,5572,-1,5488,5572,5478,-1,5478,5572,5573,-1,5478,5573,464,-1,463,462,5574,-1,910,909,5575,-1,5575,909,5518,-1,5575,5518,5576,-1,5576,5518,5540,-1,5576,5540,5577,-1,5577,5540,5539,-1,5577,5539,5578,-1,5578,5539,5538,-1,5578,5538,5579,-1,5579,5538,5537,-1,5579,5537,5580,-1,5580,5537,5527,-1,5580,5527,5581,-1,5581,5527,5526,-1,5581,5526,5582,-1,5582,5526,5525,-1,5582,5525,5583,-1,5583,5525,5524,-1,5583,5524,5574,-1,5574,5524,5519,-1,5574,5519,463,-1,5549,5551,5584,-1,5584,5551,5552,-1,5584,5552,910,-1,910,5552,5554,-1,910,5554,911,-1,5584,5585,5549,-1,5549,5585,5586,-1,5549,5586,5548,-1,5548,5586,5587,-1,5587,5588,5548,-1,5548,5588,5589,-1,5548,5589,5546,-1,5546,5589,5590,-1,5546,5590,5545,-1,5545,5590,5591,-1,5545,5591,5543,-1,5543,5591,5592,-1,5543,5592,5541,-1,5541,5592,905,-1,5541,905,904,-1,5593,5594,5595,-1,5596,5597,5598,-1,5599,5600,5601,-1,464,5602,5603,-1,5604,5602,464,-1,5601,5600,464,-1,5605,464,5600,-1,5555,5606,5556,-1,5556,5606,5607,-1,5559,5558,5607,-1,5607,5558,5557,-1,5607,5557,5556,-1,5607,5608,5559,-1,5559,5608,5609,-1,5559,5609,5562,-1,5562,5609,5610,-1,5562,5610,5561,-1,5561,5610,5560,-1,5560,5610,5611,-1,5560,5611,5563,-1,5563,5611,5564,-1,5563,5564,913,-1,5573,5604,464,-1,5612,5613,5599,-1,5599,5613,5614,-1,5599,5614,5600,-1,5600,5614,5615,-1,5600,5615,5605,-1,5616,5603,5617,-1,5617,5603,5602,-1,5617,5602,5618,-1,5618,5602,5604,-1,5618,5604,5619,-1,5597,5612,5598,-1,5598,5612,5599,-1,5598,5599,5620,-1,5620,5599,5601,-1,5620,5601,5621,-1,5621,5601,464,-1,5573,5572,5604,-1,5604,5572,5571,-1,5604,5571,5619,-1,5619,5571,5570,-1,5619,5570,5569,-1,5622,5616,5623,-1,5623,5616,5617,-1,5623,5617,5624,-1,5624,5617,5618,-1,5624,5618,5625,-1,5625,5618,5619,-1,5625,5619,5626,-1,5626,5619,5569,-1,5595,5622,5627,-1,5627,5622,5623,-1,5627,5623,5628,-1,5628,5623,5624,-1,5628,5624,5629,-1,5629,5624,5625,-1,5629,5625,5630,-1,5630,5625,5626,-1,5630,5626,5631,-1,5594,5596,5595,-1,5595,5596,5598,-1,5595,5598,5622,-1,5622,5598,5620,-1,5622,5620,5616,-1,5616,5620,5621,-1,5616,5621,5603,-1,5603,5621,464,-1,5555,906,5606,-1,5606,906,5632,-1,5606,5632,5593,-1,5569,5568,5626,-1,5626,5568,5567,-1,5626,5567,5631,-1,5631,5567,5566,-1,5631,5566,5565,-1,5593,5595,5606,-1,5606,5595,5627,-1,5606,5627,5607,-1,5607,5627,5628,-1,5607,5628,5608,-1,5608,5628,5629,-1,5608,5629,5609,-1,5609,5629,5630,-1,5609,5630,5610,-1,5610,5630,5631,-1,5610,5631,5611,-1,5611,5631,5565,-1,5611,5565,5564,-1,5578,5579,5633,-1,5634,5635,5636,-1,462,5637,5638,-1,5639,5637,462,-1,5636,5635,462,-1,5574,462,5635,-1,5640,5585,5584,-1,5585,5640,5586,-1,5586,5640,5641,-1,5586,5641,5587,-1,5587,5641,5642,-1,5587,5642,5588,-1,5588,5642,5643,-1,5588,5643,5589,-1,5589,5643,5590,-1,5590,5643,5644,-1,5590,5644,5591,-1,5591,5644,5592,-1,5592,5644,5645,-1,5592,5645,905,-1,5646,5639,462,-1,5580,5581,5634,-1,5634,5581,5582,-1,5634,5582,5635,-1,5635,5582,5583,-1,5635,5583,5574,-1,5647,5638,5648,-1,5648,5638,5637,-1,5648,5637,5649,-1,5649,5637,5639,-1,5649,5639,5650,-1,5646,5651,5639,-1,5639,5651,5652,-1,5639,5652,5650,-1,5650,5652,5653,-1,5650,5653,5654,-1,5633,5647,5655,-1,5655,5647,5648,-1,5655,5648,5656,-1,5656,5648,5649,-1,5656,5649,5657,-1,5657,5649,5650,-1,5657,5650,5658,-1,5658,5650,5654,-1,5576,5577,5659,-1,5659,5577,5578,-1,5578,5633,5659,-1,5659,5633,5655,-1,5659,5655,5660,-1,5660,5655,5656,-1,5660,5656,5661,-1,5661,5656,5657,-1,5661,5657,5662,-1,5662,5657,5658,-1,5662,5658,5663,-1,5579,5580,5633,-1,5633,5580,5634,-1,5633,5634,5647,-1,5647,5634,5636,-1,5647,5636,5638,-1,5638,5636,462,-1,5576,5640,5575,-1,5575,5640,5584,-1,5575,5584,910,-1,5654,5664,5658,-1,5658,5664,5665,-1,5658,5665,5663,-1,5663,5665,5666,-1,5663,5666,5667,-1,5576,5659,5640,-1,5640,5659,5660,-1,5640,5660,5641,-1,5641,5660,5661,-1,5641,5661,5642,-1,5642,5661,5662,-1,5642,5662,5643,-1,5643,5662,5663,-1,5643,5663,5644,-1,5644,5663,5667,-1,5644,5667,5645,-1,906,905,5632,-1,5632,905,5645,-1,5632,5645,5593,-1,5593,5645,5667,-1,5593,5667,5594,-1,5594,5667,5666,-1,5594,5666,5596,-1,5596,5666,5665,-1,5596,5665,5597,-1,5597,5665,5664,-1,5597,5664,5612,-1,5612,5664,5654,-1,5612,5654,5613,-1,5613,5654,5653,-1,5613,5653,5614,-1,5614,5653,5652,-1,5614,5652,5615,-1,5615,5652,5651,-1,5615,5651,5605,-1,5651,5646,5605,-1,5605,5646,462,-1,5605,462,464,-1,900,523,521,-1,900,521,5668,-1,5668,521,5669,-1,5668,5669,5670,-1,5670,5669,5671,-1,5670,5671,5672,-1,5672,5671,5673,-1,5673,5671,5674,-1,5673,5674,5675,-1,5675,5674,5676,-1,5676,5674,5677,-1,5676,5677,5678,-1,5678,5677,5679,-1,5679,5677,5680,-1,5679,5680,5681,-1,519,517,5680,-1,5680,517,899,-1,5680,899,5681,-1,892,515,513,-1,892,513,5682,-1,5682,513,5683,-1,5682,5683,5684,-1,5684,5683,5685,-1,5684,5685,5686,-1,5686,5685,5687,-1,5687,5685,5688,-1,5687,5688,5689,-1,5689,5688,5690,-1,5690,5688,5691,-1,5690,5691,5692,-1,5692,5691,5693,-1,5693,5691,5694,-1,5693,5694,5695,-1,520,522,5694,-1,5694,522,903,-1,5694,903,5695,-1,5676,5678,5696,-1,5696,5678,5679,-1,5696,5679,898,-1,898,5679,5681,-1,898,5681,899,-1,5696,5697,5676,-1,5676,5697,5698,-1,5676,5698,5675,-1,5675,5698,5699,-1,5699,5700,5675,-1,5675,5700,5701,-1,5675,5701,5673,-1,5673,5701,5702,-1,5673,5702,5672,-1,5672,5702,5703,-1,5672,5703,5670,-1,5670,5703,5704,-1,5670,5704,5668,-1,5668,5704,901,-1,5668,901,900,-1,531,529,5705,-1,902,901,5706,-1,5706,901,5707,-1,5706,5707,5708,-1,5708,5707,5709,-1,5708,5709,5710,-1,5710,5709,5711,-1,5710,5711,5712,-1,5712,5711,5713,-1,5712,5713,5714,-1,5714,5713,5715,-1,5714,5715,5716,-1,5716,5715,5717,-1,5716,5717,5718,-1,5718,5717,5719,-1,5718,5719,5720,-1,5720,5719,5721,-1,5720,5721,5722,-1,5722,5721,5723,-1,5722,5723,5705,-1,5705,5723,5724,-1,5705,5724,531,-1,5690,5692,5725,-1,5725,5692,5693,-1,5725,5693,902,-1,902,5693,5695,-1,902,5695,903,-1,5725,5726,5690,-1,5690,5726,5727,-1,5690,5727,5689,-1,5689,5727,5728,-1,5728,5729,5689,-1,5689,5729,5730,-1,5689,5730,5687,-1,5687,5730,5731,-1,5687,5731,5686,-1,5686,5731,5732,-1,5686,5732,5684,-1,5684,5732,5733,-1,5684,5733,5682,-1,5682,5733,893,-1,5682,893,892,-1,896,516,518,-1,896,518,5734,-1,5734,518,5735,-1,5734,5735,5736,-1,5736,5735,5737,-1,5736,5737,5738,-1,5738,5737,5739,-1,5739,5737,5740,-1,5739,5740,5741,-1,5741,5740,5742,-1,5742,5740,5743,-1,5742,5743,5744,-1,5744,5743,5745,-1,5745,5743,5746,-1,5745,5746,5747,-1,527,525,5746,-1,5746,525,891,-1,5746,891,5747,-1,5748,5749,5750,-1,5751,5752,5753,-1,531,5754,5755,-1,5756,5754,531,-1,5753,5752,531,-1,5757,531,5752,-1,5758,5697,5696,-1,5697,5758,5698,-1,5698,5758,5759,-1,5698,5759,5699,-1,5699,5759,5760,-1,5699,5760,5700,-1,5700,5760,5761,-1,5700,5761,5701,-1,5701,5761,5702,-1,5702,5761,5762,-1,5702,5762,5703,-1,5703,5762,5704,-1,5704,5762,5707,-1,5704,5707,901,-1,5724,5756,531,-1,5763,5764,5751,-1,5751,5764,5765,-1,5751,5765,5752,-1,5752,5765,5766,-1,5752,5766,5757,-1,5767,5755,5768,-1,5768,5755,5754,-1,5768,5754,5769,-1,5769,5754,5756,-1,5769,5756,5770,-1,5724,5723,5756,-1,5756,5723,5721,-1,5756,5721,5770,-1,5770,5721,5719,-1,5770,5719,5717,-1,5750,5767,5771,-1,5771,5767,5768,-1,5771,5768,5772,-1,5772,5768,5769,-1,5772,5769,5773,-1,5773,5769,5770,-1,5773,5770,5774,-1,5774,5770,5717,-1,5775,5776,5777,-1,5777,5776,5748,-1,5748,5750,5777,-1,5777,5750,5771,-1,5777,5771,5778,-1,5778,5771,5772,-1,5778,5772,5779,-1,5779,5772,5773,-1,5779,5773,5780,-1,5780,5773,5774,-1,5780,5774,5781,-1,5749,5763,5750,-1,5750,5763,5751,-1,5750,5751,5767,-1,5767,5751,5753,-1,5767,5753,5755,-1,5755,5753,531,-1,5775,5758,5782,-1,5782,5758,5696,-1,5782,5696,898,-1,5717,5715,5774,-1,5774,5715,5713,-1,5774,5713,5781,-1,5781,5713,5711,-1,5781,5711,5709,-1,5775,5777,5758,-1,5758,5777,5778,-1,5758,5778,5759,-1,5759,5778,5779,-1,5759,5779,5760,-1,5760,5779,5780,-1,5760,5780,5761,-1,5761,5780,5781,-1,5761,5781,5762,-1,5762,5781,5709,-1,5762,5709,5707,-1,5712,5714,5783,-1,5784,5785,5786,-1,529,5787,5788,-1,5789,5787,529,-1,5786,5785,529,-1,5705,529,5785,-1,5790,5726,5725,-1,5726,5790,5727,-1,5727,5790,5791,-1,5727,5791,5728,-1,5728,5791,5792,-1,5728,5792,5729,-1,5729,5792,5793,-1,5729,5793,5730,-1,5730,5793,5731,-1,5731,5793,5794,-1,5731,5794,5732,-1,5732,5794,5733,-1,5733,5794,5795,-1,5733,5795,893,-1,5796,5789,529,-1,5716,5718,5784,-1,5784,5718,5720,-1,5784,5720,5785,-1,5785,5720,5722,-1,5785,5722,5705,-1,5797,5788,5798,-1,5798,5788,5787,-1,5798,5787,5799,-1,5799,5787,5789,-1,5799,5789,5800,-1,5796,5801,5789,-1,5789,5801,5802,-1,5789,5802,5800,-1,5800,5802,5803,-1,5800,5803,5804,-1,5783,5797,5805,-1,5805,5797,5798,-1,5805,5798,5806,-1,5806,5798,5799,-1,5806,5799,5807,-1,5807,5799,5800,-1,5807,5800,5808,-1,5808,5800,5804,-1,5708,5710,5809,-1,5809,5710,5712,-1,5712,5783,5809,-1,5809,5783,5805,-1,5809,5805,5810,-1,5810,5805,5806,-1,5810,5806,5811,-1,5811,5806,5807,-1,5811,5807,5812,-1,5812,5807,5808,-1,5812,5808,5813,-1,5714,5716,5783,-1,5783,5716,5784,-1,5783,5784,5797,-1,5797,5784,5786,-1,5797,5786,5788,-1,5788,5786,529,-1,5708,5790,5706,-1,5706,5790,5725,-1,5706,5725,902,-1,5804,5814,5808,-1,5808,5814,5815,-1,5808,5815,5813,-1,5813,5815,5816,-1,5813,5816,5817,-1,5708,5809,5790,-1,5790,5809,5810,-1,5790,5810,5791,-1,5791,5810,5811,-1,5791,5811,5792,-1,5792,5811,5812,-1,5792,5812,5793,-1,5793,5812,5813,-1,5793,5813,5794,-1,5794,5813,5817,-1,5794,5817,5795,-1,888,524,526,-1,888,526,5818,-1,5818,526,5819,-1,5818,5819,5820,-1,5820,5819,5821,-1,5820,5821,5822,-1,5822,5821,5823,-1,5823,5821,5824,-1,5823,5824,5825,-1,5825,5824,5826,-1,5826,5824,5827,-1,5826,5827,5828,-1,5828,5827,5829,-1,5829,5827,5830,-1,5829,5830,5831,-1,512,514,5830,-1,5830,514,895,-1,5830,895,5831,-1,5742,5744,5832,-1,5832,5744,5745,-1,5832,5745,890,-1,890,5745,5747,-1,890,5747,891,-1,5832,5833,5742,-1,5742,5833,5834,-1,5742,5834,5741,-1,5741,5834,5835,-1,5835,5836,5741,-1,5741,5836,5837,-1,5741,5837,5739,-1,5739,5837,5838,-1,5739,5838,5738,-1,5738,5838,5839,-1,5738,5839,5736,-1,5736,5839,5840,-1,5736,5840,5734,-1,5734,5840,897,-1,5734,897,896,-1,530,531,5757,-1,898,897,5782,-1,5782,897,5841,-1,5782,5841,5775,-1,5775,5841,5842,-1,5775,5842,5776,-1,5776,5842,5843,-1,5776,5843,5748,-1,5748,5843,5844,-1,5748,5844,5749,-1,5749,5844,5845,-1,5749,5845,5763,-1,5763,5845,5846,-1,5763,5846,5764,-1,5764,5846,5847,-1,5764,5847,5765,-1,5765,5847,5848,-1,5765,5848,5766,-1,5766,5848,5849,-1,5766,5849,5757,-1,5757,5849,5850,-1,5757,5850,530,-1,529,528,5851,-1,894,893,5852,-1,5852,893,5795,-1,5852,5795,5853,-1,5853,5795,5817,-1,5853,5817,5854,-1,5854,5817,5816,-1,5854,5816,5855,-1,5855,5816,5815,-1,5855,5815,5856,-1,5856,5815,5814,-1,5856,5814,5857,-1,5857,5814,5804,-1,5857,5804,5858,-1,5858,5804,5803,-1,5858,5803,5859,-1,5859,5803,5802,-1,5859,5802,5860,-1,5860,5802,5801,-1,5860,5801,5851,-1,5851,5801,5796,-1,5851,5796,529,-1,5826,5828,5861,-1,5861,5828,5829,-1,5861,5829,894,-1,894,5829,5831,-1,894,5831,895,-1,5861,5862,5826,-1,5826,5862,5863,-1,5826,5863,5825,-1,5825,5863,5864,-1,5864,5865,5825,-1,5825,5865,5866,-1,5825,5866,5823,-1,5823,5866,5867,-1,5823,5867,5822,-1,5822,5867,5868,-1,5822,5868,5820,-1,5820,5868,5869,-1,5820,5869,5818,-1,5818,5869,889,-1,5818,889,888,-1,5870,5871,5872,-1,5873,5874,5875,-1,530,5876,5877,-1,5878,5876,530,-1,5875,5874,530,-1,5879,530,5874,-1,5880,5833,5832,-1,5833,5880,5834,-1,5834,5880,5881,-1,5834,5881,5835,-1,5835,5881,5882,-1,5835,5882,5836,-1,5836,5882,5883,-1,5836,5883,5837,-1,5837,5883,5838,-1,5838,5883,5884,-1,5838,5884,5839,-1,5839,5884,5840,-1,5840,5884,5841,-1,5840,5841,897,-1,5850,5878,530,-1,5885,5886,5873,-1,5873,5886,5887,-1,5873,5887,5874,-1,5874,5887,5888,-1,5874,5888,5879,-1,5889,5877,5890,-1,5890,5877,5876,-1,5890,5876,5891,-1,5891,5876,5878,-1,5891,5878,5892,-1,5850,5849,5878,-1,5878,5849,5848,-1,5878,5848,5892,-1,5892,5848,5847,-1,5892,5847,5846,-1,5872,5889,5893,-1,5893,5889,5890,-1,5893,5890,5894,-1,5894,5890,5891,-1,5894,5891,5895,-1,5895,5891,5892,-1,5895,5892,5896,-1,5896,5892,5846,-1,5897,5898,5899,-1,5899,5898,5870,-1,5870,5872,5899,-1,5899,5872,5893,-1,5899,5893,5900,-1,5900,5893,5894,-1,5900,5894,5901,-1,5901,5894,5895,-1,5901,5895,5902,-1,5902,5895,5896,-1,5902,5896,5903,-1,5871,5885,5872,-1,5872,5885,5873,-1,5872,5873,5889,-1,5889,5873,5875,-1,5889,5875,5877,-1,5877,5875,530,-1,5897,5880,5904,-1,5904,5880,5832,-1,5904,5832,890,-1,5846,5845,5896,-1,5896,5845,5844,-1,5896,5844,5903,-1,5903,5844,5843,-1,5903,5843,5842,-1,5897,5899,5880,-1,5880,5899,5900,-1,5880,5900,5881,-1,5881,5900,5901,-1,5881,5901,5882,-1,5882,5901,5902,-1,5882,5902,5883,-1,5883,5902,5903,-1,5883,5903,5884,-1,5884,5903,5842,-1,5884,5842,5841,-1,5855,5856,5905,-1,5906,5907,5908,-1,528,5909,5910,-1,5911,5909,528,-1,5908,5907,528,-1,5851,528,5907,-1,5912,5862,5861,-1,5862,5912,5863,-1,5863,5912,5913,-1,5863,5913,5864,-1,5864,5913,5914,-1,5864,5914,5865,-1,5865,5914,5915,-1,5865,5915,5866,-1,5866,5915,5867,-1,5867,5915,5916,-1,5867,5916,5868,-1,5868,5916,5869,-1,5869,5916,5917,-1,5869,5917,889,-1,5918,5911,528,-1,5857,5858,5906,-1,5906,5858,5859,-1,5906,5859,5907,-1,5907,5859,5860,-1,5907,5860,5851,-1,5919,5910,5920,-1,5920,5910,5909,-1,5920,5909,5921,-1,5921,5909,5911,-1,5921,5911,5922,-1,5918,5923,5911,-1,5911,5923,5924,-1,5911,5924,5922,-1,5922,5924,5925,-1,5922,5925,5926,-1,5905,5919,5927,-1,5927,5919,5920,-1,5927,5920,5928,-1,5928,5920,5921,-1,5928,5921,5929,-1,5929,5921,5922,-1,5929,5922,5930,-1,5930,5922,5926,-1,5853,5854,5931,-1,5931,5854,5855,-1,5855,5905,5931,-1,5931,5905,5927,-1,5931,5927,5932,-1,5932,5927,5928,-1,5932,5928,5933,-1,5933,5928,5929,-1,5933,5929,5934,-1,5934,5929,5930,-1,5934,5930,5935,-1,5856,5857,5905,-1,5905,5857,5906,-1,5905,5906,5919,-1,5919,5906,5908,-1,5919,5908,5910,-1,5910,5908,528,-1,5853,5912,5852,-1,5852,5912,5861,-1,5852,5861,894,-1,5926,5936,5930,-1,5930,5936,5937,-1,5930,5937,5935,-1,5935,5937,5938,-1,5935,5938,5939,-1,5853,5931,5912,-1,5912,5931,5932,-1,5912,5932,5913,-1,5913,5932,5933,-1,5913,5933,5914,-1,5914,5933,5934,-1,5914,5934,5915,-1,5915,5934,5935,-1,5915,5935,5916,-1,5916,5935,5939,-1,5916,5939,5917,-1,890,889,5904,-1,5904,889,5917,-1,5904,5917,5897,-1,5897,5917,5939,-1,5897,5939,5898,-1,5898,5939,5938,-1,5898,5938,5870,-1,5870,5938,5937,-1,5870,5937,5871,-1,5871,5937,5936,-1,5871,5936,5885,-1,5885,5936,5926,-1,5885,5926,5886,-1,5886,5926,5925,-1,5886,5925,5887,-1,5887,5925,5924,-1,5887,5924,5888,-1,5888,5924,5923,-1,5888,5923,5879,-1,5923,5918,5879,-1,5879,5918,528,-1,5879,528,530,-1,616,615,5940,-1,5940,615,5941,-1,5940,5941,5942,-1,5942,5941,5943,-1,5942,5943,5944,-1,5944,5943,5945,-1,5944,5945,5946,-1,5946,5945,5947,-1,5946,5947,5948,-1,5948,5947,5949,-1,5948,5949,639,-1,639,5949,637,-1,615,614,5941,-1,5941,614,5950,-1,5941,5950,5943,-1,5943,5950,5951,-1,5943,5951,5945,-1,5945,5951,5952,-1,5945,5952,5947,-1,5947,5952,5953,-1,5947,5953,5949,-1,5949,5953,5954,-1,5949,5954,637,-1,637,5954,635,-1,614,607,5950,-1,5950,607,5955,-1,5950,5955,5951,-1,5951,5955,5956,-1,5951,5956,5952,-1,5952,5956,5957,-1,5952,5957,5953,-1,5953,5957,5958,-1,5953,5958,5954,-1,5954,5958,5959,-1,5954,5959,635,-1,635,5959,633,-1,607,606,5955,-1,5955,606,5960,-1,5955,5960,5956,-1,5956,5960,5961,-1,5956,5961,5957,-1,5957,5961,5962,-1,5957,5962,5958,-1,5958,5962,5963,-1,5958,5963,5959,-1,5959,5963,5964,-1,5959,5964,633,-1,633,5964,631,-1,606,613,5960,-1,5960,613,5965,-1,5960,5965,5961,-1,5961,5965,5966,-1,5961,5966,5962,-1,5962,5966,5967,-1,5962,5967,5963,-1,5963,5967,5968,-1,5963,5968,5964,-1,5964,5968,5969,-1,5964,5969,631,-1,631,5969,629,-1,613,612,5965,-1,5965,612,5970,-1,5965,5970,5966,-1,5966,5970,5971,-1,5966,5971,5967,-1,5967,5971,5972,-1,5967,5972,5968,-1,5968,5972,5973,-1,5968,5973,5969,-1,5969,5973,5974,-1,5969,5974,629,-1,629,5974,603,-1,609,611,948,-1,948,611,5975,-1,948,5975,5976,-1,5976,5975,5977,-1,5977,5975,5978,-1,5977,5978,5979,-1,5979,5978,5980,-1,5980,5978,5981,-1,5980,5981,5982,-1,5982,5981,5983,-1,5983,5981,5984,-1,5983,5984,5985,-1,5985,5984,5986,-1,5986,5984,5987,-1,5986,5987,5988,-1,643,641,5987,-1,5987,641,947,-1,5987,947,5988,-1,940,605,603,-1,940,603,5989,-1,5989,603,5974,-1,5989,5974,5990,-1,5990,5974,5973,-1,5990,5973,5991,-1,5991,5973,5992,-1,5992,5973,5972,-1,5992,5972,5993,-1,5993,5972,5994,-1,5994,5972,5971,-1,5994,5971,5995,-1,5995,5971,5996,-1,5996,5971,5970,-1,5996,5970,5997,-1,612,610,5970,-1,5970,610,951,-1,5970,951,5997,-1,947,946,5998,-1,947,5998,5988,-1,5988,5998,5999,-1,5988,5999,5986,-1,5999,6000,5986,-1,5986,6000,6001,-1,5986,6001,5985,-1,5985,6001,5983,-1,5983,6001,6002,-1,5983,6002,6003,-1,6003,6004,5983,-1,5983,6004,6005,-1,5983,6005,5982,-1,6005,6006,5982,-1,5982,6006,6007,-1,5982,6007,5980,-1,5980,6007,6008,-1,5980,6008,5979,-1,5979,6008,6009,-1,949,948,6010,-1,6010,948,5976,-1,6010,5976,6009,-1,6009,5976,5977,-1,6009,5977,5979,-1,601,599,6011,-1,950,949,6012,-1,6012,949,6013,-1,6012,6013,6014,-1,6014,6013,6015,-1,6014,6015,6016,-1,6016,6015,6017,-1,6016,6017,6018,-1,6018,6017,6019,-1,6018,6019,6020,-1,6020,6019,6021,-1,6020,6021,6022,-1,6022,6021,6023,-1,6022,6023,6024,-1,6024,6023,6025,-1,6024,6025,6026,-1,6026,6025,6027,-1,6026,6027,6028,-1,6028,6027,6029,-1,6028,6029,6011,-1,6011,6029,6030,-1,6011,6030,601,-1,951,950,5997,-1,5997,950,6031,-1,5997,6031,5996,-1,5996,6031,6032,-1,5996,6032,5995,-1,5995,6032,5994,-1,6032,6033,5994,-1,5994,6033,6034,-1,5994,6034,5993,-1,5993,6034,6035,-1,5993,6035,5992,-1,5992,6035,6036,-1,6036,6037,5992,-1,5992,6037,6038,-1,5992,6038,5991,-1,5991,6038,6039,-1,5991,6039,5990,-1,6039,6040,5990,-1,5990,6040,6041,-1,5990,6041,5989,-1,941,940,6042,-1,6042,940,5989,-1,6042,5989,6043,-1,6043,5989,6041,-1,638,636,6044,-1,6044,636,6045,-1,6044,6045,6046,-1,6046,6045,6047,-1,6046,6047,6048,-1,6048,6047,6049,-1,6048,6049,6050,-1,6050,6049,6051,-1,6050,6051,6052,-1,6052,6051,6053,-1,6052,6053,620,-1,620,6053,621,-1,636,634,6045,-1,6045,634,6054,-1,6045,6054,6047,-1,6047,6054,6055,-1,6047,6055,6049,-1,6049,6055,6056,-1,6049,6056,6051,-1,6051,6056,6057,-1,6051,6057,6053,-1,6053,6057,6058,-1,6053,6058,621,-1,621,6058,623,-1,634,632,6054,-1,6054,632,6059,-1,6054,6059,6055,-1,6055,6059,6060,-1,6055,6060,6056,-1,6056,6060,6061,-1,6056,6061,6057,-1,6057,6061,6062,-1,6057,6062,6058,-1,6058,6062,6063,-1,6058,6063,623,-1,623,6063,624,-1,632,630,6059,-1,6059,630,6064,-1,6059,6064,6060,-1,6060,6064,6065,-1,6060,6065,6061,-1,6061,6065,6066,-1,6061,6066,6062,-1,6062,6066,6067,-1,6062,6067,6063,-1,6063,6067,6068,-1,6063,6068,624,-1,624,6068,625,-1,630,628,6064,-1,6064,628,6069,-1,6064,6069,6065,-1,6065,6069,6070,-1,6065,6070,6066,-1,6066,6070,6071,-1,6066,6071,6067,-1,6067,6071,6072,-1,6067,6072,6068,-1,6068,6072,6073,-1,6068,6073,625,-1,625,6073,626,-1,628,602,6069,-1,6069,602,6074,-1,6069,6074,6070,-1,6070,6074,6075,-1,6070,6075,6071,-1,6071,6075,6076,-1,6071,6076,6072,-1,6072,6076,6077,-1,6072,6077,6073,-1,6073,6077,6078,-1,6073,6078,626,-1,626,6078,627,-1,640,642,944,-1,944,642,6079,-1,944,6079,6080,-1,6080,6079,6081,-1,6081,6079,6082,-1,6081,6082,6083,-1,6083,6082,6084,-1,6084,6082,6085,-1,6084,6085,6086,-1,6086,6085,6087,-1,6087,6085,6088,-1,6087,6088,6089,-1,6089,6088,6090,-1,6090,6088,6091,-1,6090,6091,6092,-1,619,618,6091,-1,6091,618,939,-1,6091,939,6092,-1,6030,6029,6093,-1,6027,6025,6094,-1,6023,6021,6095,-1,6019,6017,6096,-1,6015,6013,6097,-1,6098,5998,946,-1,6099,6003,6100,-1,6100,6003,6002,-1,6100,6002,6001,-1,6101,6005,6099,-1,6099,6005,6004,-1,6099,6004,6003,-1,6006,6102,6007,-1,6007,6102,6103,-1,6007,6103,6008,-1,6008,6103,6009,-1,6009,6103,6097,-1,6009,6097,6010,-1,6010,6097,6013,-1,6010,6013,949,-1,946,6104,6098,-1,6098,6104,6105,-1,6098,6105,6106,-1,6105,6107,6106,-1,6106,6107,6108,-1,6106,6108,6109,-1,6108,6110,6109,-1,6109,6110,6111,-1,6109,6111,6112,-1,6111,6113,6112,-1,6112,6113,6114,-1,6112,6114,6093,-1,6017,6015,6096,-1,6096,6015,6097,-1,6096,6097,6115,-1,6115,6097,6103,-1,6115,6103,6101,-1,6101,6103,6102,-1,6101,6102,6005,-1,6005,6102,6006,-1,6021,6019,6095,-1,6095,6019,6096,-1,6095,6096,6116,-1,6116,6096,6115,-1,6116,6115,6117,-1,6117,6115,6101,-1,6117,6101,6118,-1,6118,6101,6099,-1,6118,6099,6119,-1,6119,6099,6100,-1,6119,6100,6000,-1,6000,6100,6001,-1,6025,6023,6094,-1,6094,6023,6095,-1,6094,6095,6120,-1,6120,6095,6116,-1,6120,6116,6121,-1,6121,6116,6117,-1,6121,6117,6122,-1,6122,6117,6118,-1,6122,6118,6123,-1,6123,6118,6119,-1,6123,6119,5999,-1,5999,6119,6000,-1,6029,6027,6093,-1,6093,6027,6094,-1,6093,6094,6112,-1,6112,6094,6120,-1,6112,6120,6109,-1,6109,6120,6121,-1,6109,6121,6106,-1,6106,6121,6122,-1,6106,6122,6098,-1,6098,6122,6123,-1,6098,6123,5998,-1,5998,6123,5999,-1,601,6030,6124,-1,6124,6030,6093,-1,6124,6093,6125,-1,6125,6093,6114,-1,6032,6031,6126,-1,6126,6031,950,-1,6035,6034,6127,-1,6127,6034,6033,-1,6038,6037,6128,-1,6128,6037,6036,-1,6041,6040,6129,-1,6129,6040,6039,-1,6129,6039,6038,-1,6129,6130,6041,-1,6041,6130,6131,-1,6041,6131,6043,-1,6043,6131,6132,-1,6043,6132,6042,-1,6042,6132,6133,-1,6042,6133,941,-1,950,6012,6126,-1,6126,6012,6014,-1,6126,6014,6134,-1,6014,6016,6134,-1,6134,6016,6018,-1,6134,6018,6135,-1,6018,6020,6135,-1,6135,6020,6022,-1,6135,6022,6136,-1,6022,6024,6136,-1,6136,6024,6026,-1,6136,6026,6137,-1,599,6138,6011,-1,6011,6138,6137,-1,6011,6137,6028,-1,6028,6137,6026,-1,6032,6126,6139,-1,6139,6126,6134,-1,6139,6134,6140,-1,6140,6134,6135,-1,6140,6135,6141,-1,6141,6135,6136,-1,6141,6136,6142,-1,6142,6136,6137,-1,6142,6137,6143,-1,6138,6144,6137,-1,6137,6144,6145,-1,6137,6145,6143,-1,6143,6145,6146,-1,6143,6146,6147,-1,6147,6148,6143,-1,6143,6148,6149,-1,6143,6149,6142,-1,6142,6149,6150,-1,6142,6150,6141,-1,6141,6150,6151,-1,6141,6151,6140,-1,6140,6151,6127,-1,6140,6127,6139,-1,6139,6127,6033,-1,6139,6033,6032,-1,6035,6127,6036,-1,6036,6127,6151,-1,6036,6151,6128,-1,6128,6151,6150,-1,6128,6150,6152,-1,6152,6150,6149,-1,6152,6149,6153,-1,6153,6149,6148,-1,6153,6148,6154,-1,6147,6155,6148,-1,6148,6155,6156,-1,6148,6156,6154,-1,6154,6156,6157,-1,6154,6157,6158,-1,6038,6128,6129,-1,6129,6128,6152,-1,6129,6152,6130,-1,6130,6152,6153,-1,6130,6153,6131,-1,6131,6153,6154,-1,6131,6154,6132,-1,6132,6154,6158,-1,6132,6158,6133,-1,936,617,627,-1,936,627,6159,-1,6159,627,6078,-1,6159,6078,6160,-1,6160,6078,6077,-1,6160,6077,6161,-1,6161,6077,6162,-1,6162,6077,6076,-1,6162,6076,6163,-1,6163,6076,6164,-1,6164,6076,6075,-1,6164,6075,6165,-1,6165,6075,6166,-1,6166,6075,6074,-1,6166,6074,6167,-1,602,604,6074,-1,6074,604,943,-1,6074,943,6167,-1,939,938,6092,-1,6092,938,6168,-1,6092,6168,6090,-1,6090,6168,6169,-1,6090,6169,6089,-1,6089,6169,6087,-1,6169,6170,6087,-1,6087,6170,6171,-1,6087,6171,6086,-1,6086,6171,6172,-1,6086,6172,6084,-1,6084,6172,6173,-1,6173,6174,6084,-1,6084,6174,6175,-1,6084,6175,6083,-1,6083,6175,6176,-1,6083,6176,6081,-1,6176,6177,6081,-1,6081,6177,6178,-1,6081,6178,6080,-1,945,944,6179,-1,6179,944,6080,-1,6179,6080,6180,-1,6180,6080,6178,-1,600,601,6124,-1,946,945,6104,-1,6104,945,6181,-1,6104,6181,6105,-1,6105,6181,6182,-1,6105,6182,6107,-1,6107,6182,6183,-1,6107,6183,6108,-1,6108,6183,6184,-1,6108,6184,6110,-1,6110,6184,6185,-1,6110,6185,6111,-1,6111,6185,6186,-1,6111,6186,6113,-1,6113,6186,6187,-1,6113,6187,6114,-1,6114,6187,6188,-1,6114,6188,6125,-1,6125,6188,6189,-1,6125,6189,6124,-1,6124,6189,6190,-1,6124,6190,600,-1,599,598,6191,-1,942,941,6192,-1,6192,941,6133,-1,6192,6133,6193,-1,6193,6133,6158,-1,6193,6158,6194,-1,6194,6158,6157,-1,6194,6157,6195,-1,6195,6157,6156,-1,6195,6156,6196,-1,6196,6156,6155,-1,6196,6155,6197,-1,6197,6155,6147,-1,6197,6147,6198,-1,6198,6147,6146,-1,6198,6146,6199,-1,6199,6146,6145,-1,6199,6145,6200,-1,6200,6145,6144,-1,6200,6144,6191,-1,6191,6144,6138,-1,6191,6138,599,-1,943,942,6201,-1,943,6201,6167,-1,6167,6201,6202,-1,6167,6202,6166,-1,6166,6202,6203,-1,6166,6203,6204,-1,6205,6206,6164,-1,6205,6164,6204,-1,6204,6164,6165,-1,6204,6165,6166,-1,6206,6207,6164,-1,6164,6207,6208,-1,6164,6208,6163,-1,6208,6209,6163,-1,6163,6209,6210,-1,6163,6210,6162,-1,6162,6210,6211,-1,6162,6211,6161,-1,6161,6211,6212,-1,937,936,6213,-1,6213,936,6159,-1,6213,6159,6212,-1,6212,6159,6160,-1,6212,6160,6161,-1,6214,6215,6216,-1,6217,6218,6219,-1,6220,6221,6222,-1,938,6223,6224,-1,6225,6170,6226,-1,6226,6170,6169,-1,6226,6169,6224,-1,6224,6169,6168,-1,6224,6168,938,-1,6173,6172,6225,-1,6225,6172,6171,-1,6225,6171,6170,-1,6175,6227,6228,-1,6178,6177,6228,-1,6228,6177,6176,-1,6228,6176,6175,-1,6181,6229,6182,-1,6182,6229,6230,-1,6231,6184,6230,-1,6230,6184,6183,-1,6230,6183,6182,-1,6232,6186,6231,-1,6231,6186,6185,-1,6231,6185,6184,-1,6190,6189,6233,-1,6233,6189,6188,-1,6233,6188,6232,-1,6232,6188,6187,-1,6232,6187,6186,-1,600,6190,6234,-1,6234,6190,6233,-1,6234,6233,6235,-1,6235,6233,6236,-1,6221,6236,6222,-1,6222,6236,6233,-1,6222,6233,6237,-1,6237,6233,6232,-1,6237,6232,6238,-1,6238,6232,6231,-1,6238,6231,6239,-1,6239,6231,6230,-1,6239,6230,6240,-1,6240,6230,6229,-1,6218,6220,6219,-1,6219,6220,6222,-1,6219,6222,6241,-1,6241,6222,6237,-1,6241,6237,6242,-1,6242,6237,6238,-1,6242,6238,6243,-1,6243,6238,6239,-1,6243,6239,6244,-1,6244,6239,6240,-1,6215,6217,6216,-1,6216,6217,6219,-1,6216,6219,6245,-1,6245,6219,6241,-1,6245,6241,6246,-1,6246,6241,6242,-1,6246,6242,6227,-1,6227,6242,6243,-1,6227,6243,6228,-1,6228,6243,6244,-1,6228,6244,6178,-1,6178,6244,6240,-1,6178,6240,6180,-1,6180,6240,6229,-1,6180,6229,6179,-1,6179,6229,6181,-1,6179,6181,945,-1,6223,6214,6224,-1,6224,6214,6216,-1,6224,6216,6226,-1,6226,6216,6245,-1,6226,6245,6225,-1,6225,6245,6246,-1,6225,6246,6173,-1,6173,6246,6227,-1,6173,6227,6174,-1,6174,6227,6175,-1,6247,6248,6249,-1,6250,6251,6252,-1,6253,6254,6255,-1,6256,6257,6258,-1,6259,6201,942,-1,6260,6206,6261,-1,6261,6206,6205,-1,6261,6205,6204,-1,6262,6208,6260,-1,6260,6208,6207,-1,6260,6207,6206,-1,6209,6263,6210,-1,6210,6263,6264,-1,6210,6264,6211,-1,6211,6264,6212,-1,6212,6264,6249,-1,6212,6249,6213,-1,6213,6249,6248,-1,6213,6248,937,-1,6265,6266,6267,-1,6267,6266,6191,-1,6267,6191,598,-1,6268,6199,6266,-1,6266,6199,6200,-1,6266,6200,6191,-1,6269,6197,6268,-1,6268,6197,6198,-1,6268,6198,6199,-1,6251,6247,6252,-1,6252,6247,6249,-1,6252,6249,6270,-1,6270,6249,6264,-1,6270,6264,6262,-1,6262,6264,6263,-1,6262,6263,6208,-1,6208,6263,6209,-1,6271,6195,6269,-1,6269,6195,6196,-1,6269,6196,6197,-1,942,6192,6259,-1,6259,6192,6193,-1,6259,6193,6271,-1,6271,6193,6194,-1,6271,6194,6195,-1,6265,6256,6266,-1,6266,6256,6258,-1,6266,6258,6268,-1,6268,6258,6272,-1,6268,6272,6269,-1,6269,6272,6273,-1,6269,6273,6271,-1,6271,6273,6274,-1,6271,6274,6259,-1,6259,6274,6275,-1,6259,6275,6201,-1,6201,6275,6202,-1,6257,6253,6258,-1,6258,6253,6255,-1,6258,6255,6272,-1,6272,6255,6276,-1,6272,6276,6273,-1,6273,6276,6277,-1,6273,6277,6274,-1,6274,6277,6278,-1,6274,6278,6275,-1,6275,6278,6279,-1,6275,6279,6202,-1,6202,6279,6203,-1,6254,6250,6255,-1,6255,6250,6252,-1,6255,6252,6276,-1,6276,6252,6270,-1,6276,6270,6277,-1,6277,6270,6262,-1,6277,6262,6278,-1,6278,6262,6260,-1,6278,6260,6279,-1,6279,6260,6261,-1,6279,6261,6203,-1,6203,6261,6204,-1,938,937,6223,-1,6223,937,6248,-1,6223,6248,6214,-1,6214,6248,6247,-1,6214,6247,6215,-1,6215,6247,6251,-1,6215,6251,6217,-1,6217,6251,6250,-1,6217,6250,6218,-1,6218,6250,6254,-1,6218,6254,6220,-1,6220,6254,6253,-1,6220,6253,6221,-1,6221,6253,6257,-1,6221,6257,6236,-1,6236,6257,6256,-1,6236,6256,6235,-1,6235,6256,6265,-1,6235,6265,6234,-1,6265,6267,6234,-1,6234,6267,598,-1,6234,598,600,-1,547,549,6280,-1,6280,549,6281,-1,6280,6281,6282,-1,6282,6281,6283,-1,6282,6283,6284,-1,6284,6283,6285,-1,6284,6285,6286,-1,6286,6285,6287,-1,6286,6287,6288,-1,6288,6287,6289,-1,6288,6289,535,-1,535,6289,573,-1,549,550,6281,-1,6281,550,6290,-1,6281,6290,6283,-1,6283,6290,6291,-1,6283,6291,6285,-1,6285,6291,6292,-1,6285,6292,6287,-1,6287,6292,6293,-1,6287,6293,6289,-1,6289,6293,6294,-1,6289,6294,573,-1,573,6294,571,-1,550,544,6290,-1,6290,544,6295,-1,6290,6295,6291,-1,6291,6295,6296,-1,6291,6296,6292,-1,6292,6296,6297,-1,6292,6297,6293,-1,6293,6297,6298,-1,6293,6298,6294,-1,6294,6298,6299,-1,6294,6299,571,-1,571,6299,569,-1,544,543,6295,-1,6295,543,6300,-1,6295,6300,6296,-1,6296,6300,6301,-1,6296,6301,6297,-1,6297,6301,6302,-1,6297,6302,6298,-1,6298,6302,6303,-1,6298,6303,6299,-1,6299,6303,6304,-1,6299,6304,569,-1,569,6304,567,-1,543,541,6300,-1,6300,541,6305,-1,6300,6305,6301,-1,6301,6305,6306,-1,6301,6306,6302,-1,6302,6306,6307,-1,6302,6307,6303,-1,6303,6307,6308,-1,6303,6308,6304,-1,6304,6308,6309,-1,6304,6309,567,-1,567,6309,565,-1,541,540,6305,-1,6305,540,6310,-1,6305,6310,6306,-1,6306,6310,6311,-1,6306,6311,6307,-1,6307,6311,6312,-1,6307,6312,6308,-1,6308,6312,6313,-1,6308,6313,6309,-1,6309,6313,6314,-1,6309,6314,565,-1,565,6314,562,-1,932,545,547,-1,932,547,6315,-1,6315,547,6280,-1,6315,6280,6316,-1,6316,6280,6282,-1,6316,6282,6317,-1,6317,6282,6318,-1,6318,6282,6284,-1,6318,6284,6319,-1,6319,6284,6320,-1,6320,6284,6286,-1,6320,6286,6321,-1,6321,6286,6322,-1,6322,6286,6288,-1,6322,6288,6323,-1,535,533,6288,-1,6288,533,931,-1,6288,931,6323,-1,577,575,924,-1,924,575,6324,-1,924,6324,6325,-1,6325,6324,6326,-1,6326,6324,6327,-1,6326,6327,6328,-1,6328,6327,6329,-1,6329,6327,6330,-1,6329,6330,6331,-1,6331,6330,6332,-1,6332,6330,6333,-1,6332,6333,6334,-1,6334,6333,6335,-1,6335,6333,6336,-1,6335,6336,6337,-1,548,546,6336,-1,6336,546,935,-1,6336,935,6337,-1,534,572,6338,-1,6338,572,6339,-1,6338,6339,6340,-1,6340,6339,6341,-1,6340,6341,6342,-1,6342,6341,6343,-1,6342,6343,6344,-1,6344,6343,6345,-1,6344,6345,6346,-1,6346,6345,6347,-1,6346,6347,560,-1,560,6347,561,-1,572,570,6339,-1,6339,570,6348,-1,6339,6348,6341,-1,6341,6348,6349,-1,6341,6349,6343,-1,6343,6349,6350,-1,6343,6350,6345,-1,6345,6350,6351,-1,6345,6351,6347,-1,6347,6351,6352,-1,6347,6352,561,-1,561,6352,554,-1,570,568,6348,-1,6348,568,6353,-1,6348,6353,6349,-1,6349,6353,6354,-1,6349,6354,6350,-1,6350,6354,6355,-1,6350,6355,6351,-1,6351,6355,6356,-1,6351,6356,6352,-1,6352,6356,6357,-1,6352,6357,554,-1,554,6357,555,-1,568,566,6353,-1,6353,566,6358,-1,6353,6358,6354,-1,6354,6358,6359,-1,6354,6359,6355,-1,6355,6359,6360,-1,6355,6360,6356,-1,6356,6360,6361,-1,6356,6361,6357,-1,6357,6361,6362,-1,6357,6362,555,-1,555,6362,556,-1,566,564,6358,-1,6358,564,6363,-1,6358,6363,6359,-1,6359,6363,6364,-1,6359,6364,6360,-1,6360,6364,6365,-1,6360,6365,6361,-1,6361,6365,6366,-1,6361,6366,6362,-1,6362,6366,6367,-1,6362,6367,556,-1,556,6367,551,-1,564,563,6363,-1,6363,563,6368,-1,6363,6368,6364,-1,6364,6368,6369,-1,6364,6369,6365,-1,6365,6369,6370,-1,6365,6370,6366,-1,6366,6370,6371,-1,6366,6371,6367,-1,6367,6371,6372,-1,6367,6372,551,-1,551,6372,552,-1,931,930,6373,-1,931,6373,6323,-1,6323,6373,6374,-1,6323,6374,6322,-1,6374,6375,6322,-1,6322,6375,6376,-1,6322,6376,6321,-1,6321,6376,6320,-1,6320,6376,6377,-1,6320,6377,6378,-1,6378,6379,6320,-1,6320,6379,6380,-1,6320,6380,6319,-1,6380,6381,6319,-1,6319,6381,6382,-1,6319,6382,6318,-1,6318,6382,6383,-1,6318,6383,6317,-1,6317,6383,6384,-1,933,932,6385,-1,6385,932,6315,-1,6385,6315,6384,-1,6384,6315,6316,-1,6384,6316,6317,-1,539,537,6386,-1,934,933,6387,-1,6387,933,6388,-1,6387,6388,6389,-1,6389,6388,6390,-1,6389,6390,6391,-1,6391,6390,6392,-1,6391,6392,6393,-1,6393,6392,6394,-1,6393,6394,6395,-1,6395,6394,6396,-1,6395,6396,6397,-1,6397,6396,6398,-1,6397,6398,6399,-1,6399,6398,6400,-1,6399,6400,6401,-1,6401,6400,6402,-1,6401,6402,6403,-1,6403,6402,6404,-1,6403,6404,6386,-1,6386,6404,6405,-1,6386,6405,539,-1,935,934,6337,-1,6337,934,6406,-1,6337,6406,6335,-1,6335,6406,6407,-1,6335,6407,6334,-1,6334,6407,6332,-1,6407,6408,6332,-1,6332,6408,6409,-1,6332,6409,6331,-1,6331,6409,6410,-1,6331,6410,6329,-1,6329,6410,6411,-1,6411,6412,6329,-1,6329,6412,6413,-1,6329,6413,6328,-1,6328,6413,6414,-1,6328,6414,6326,-1,6414,6415,6326,-1,6326,6415,6416,-1,6326,6416,6325,-1,925,924,6417,-1,6417,924,6325,-1,6417,6325,6418,-1,6418,6325,6416,-1,928,532,534,-1,928,534,6419,-1,6419,534,6338,-1,6419,6338,6420,-1,6420,6338,6340,-1,6420,6340,6421,-1,6421,6340,6422,-1,6422,6340,6342,-1,6422,6342,6423,-1,6423,6342,6424,-1,6424,6342,6344,-1,6424,6344,6425,-1,6425,6344,6426,-1,6426,6344,6346,-1,6426,6346,6427,-1,560,558,6346,-1,6346,558,923,-1,6346,923,6427,-1,6390,6388,6428,-1,6394,6392,6429,-1,6398,6396,6430,-1,6402,6400,6431,-1,6432,6373,930,-1,6433,6378,6434,-1,6434,6378,6377,-1,6434,6377,6376,-1,6435,6380,6433,-1,6433,6380,6379,-1,6433,6379,6378,-1,6381,6436,6382,-1,6382,6436,6437,-1,6382,6437,6383,-1,6383,6437,6384,-1,6384,6437,6428,-1,6384,6428,6385,-1,6385,6428,6388,-1,6385,6388,933,-1,6404,6438,6405,-1,6405,6438,6439,-1,6405,6439,539,-1,6440,6441,6438,-1,6438,6441,6442,-1,6438,6442,6439,-1,6443,6444,6440,-1,6440,6444,6445,-1,6440,6445,6441,-1,6392,6390,6429,-1,6429,6390,6428,-1,6429,6428,6446,-1,6446,6428,6437,-1,6446,6437,6435,-1,6435,6437,6436,-1,6435,6436,6380,-1,6380,6436,6381,-1,6447,6448,6443,-1,6443,6448,6449,-1,6443,6449,6444,-1,930,6450,6432,-1,6432,6450,6451,-1,6432,6451,6447,-1,6447,6451,6452,-1,6447,6452,6448,-1,6404,6402,6438,-1,6438,6402,6431,-1,6438,6431,6440,-1,6440,6431,6453,-1,6440,6453,6443,-1,6443,6453,6454,-1,6443,6454,6447,-1,6447,6454,6455,-1,6447,6455,6432,-1,6432,6455,6456,-1,6432,6456,6373,-1,6373,6456,6374,-1,6400,6398,6431,-1,6431,6398,6430,-1,6431,6430,6453,-1,6453,6430,6457,-1,6453,6457,6454,-1,6454,6457,6458,-1,6454,6458,6455,-1,6455,6458,6459,-1,6455,6459,6456,-1,6456,6459,6460,-1,6456,6460,6374,-1,6374,6460,6375,-1,6396,6394,6430,-1,6430,6394,6429,-1,6430,6429,6457,-1,6457,6429,6446,-1,6457,6446,6458,-1,6458,6446,6435,-1,6458,6435,6459,-1,6459,6435,6433,-1,6459,6433,6460,-1,6460,6433,6434,-1,6460,6434,6375,-1,6375,6434,6376,-1,6389,6391,6461,-1,6393,6395,6462,-1,6397,6399,6463,-1,934,6387,6464,-1,6465,6408,6466,-1,6466,6408,6407,-1,6466,6407,6464,-1,6464,6407,6406,-1,6464,6406,934,-1,6411,6410,6465,-1,6465,6410,6409,-1,6465,6409,6408,-1,6413,6467,6468,-1,6416,6415,6468,-1,6468,6415,6414,-1,6468,6414,6413,-1,6469,6470,6471,-1,6471,6470,6472,-1,6473,6474,6472,-1,6472,6474,6475,-1,6472,6475,6471,-1,6476,6477,6473,-1,6473,6477,6478,-1,6473,6478,6474,-1,6479,6480,6481,-1,6481,6480,6482,-1,6481,6482,6476,-1,6476,6482,6483,-1,6476,6483,6477,-1,537,6479,6386,-1,6386,6479,6481,-1,6386,6481,6403,-1,6403,6481,6401,-1,6399,6401,6463,-1,6463,6401,6481,-1,6463,6481,6484,-1,6484,6481,6476,-1,6484,6476,6485,-1,6485,6476,6473,-1,6485,6473,6486,-1,6486,6473,6472,-1,6486,6472,6487,-1,6487,6472,6470,-1,6395,6397,6462,-1,6462,6397,6463,-1,6462,6463,6488,-1,6488,6463,6484,-1,6488,6484,6489,-1,6489,6484,6485,-1,6489,6485,6490,-1,6490,6485,6486,-1,6490,6486,6491,-1,6491,6486,6487,-1,6391,6393,6461,-1,6461,6393,6462,-1,6461,6462,6492,-1,6492,6462,6488,-1,6492,6488,6493,-1,6493,6488,6489,-1,6493,6489,6467,-1,6467,6489,6490,-1,6467,6490,6468,-1,6468,6490,6491,-1,6468,6491,6416,-1,6416,6491,6487,-1,6416,6487,6418,-1,6418,6487,6470,-1,6418,6470,6417,-1,6417,6470,6469,-1,6417,6469,925,-1,6387,6389,6464,-1,6464,6389,6461,-1,6464,6461,6466,-1,6466,6461,6492,-1,6466,6492,6465,-1,6465,6492,6493,-1,6465,6493,6411,-1,6411,6493,6467,-1,6411,6467,6412,-1,6412,6467,6413,-1,557,559,920,-1,920,559,6494,-1,920,6494,6495,-1,6495,6494,6496,-1,6496,6494,6497,-1,6496,6497,6498,-1,6498,6497,6499,-1,6499,6497,6500,-1,6499,6500,6501,-1,6501,6500,6502,-1,6502,6500,6503,-1,6502,6503,6504,-1,6504,6503,6505,-1,6505,6503,6506,-1,6505,6506,6507,-1,574,576,6506,-1,6506,576,927,-1,6506,927,6507,-1,923,922,6427,-1,6427,922,6508,-1,6427,6508,6426,-1,6426,6508,6509,-1,6426,6509,6425,-1,6425,6509,6424,-1,6509,6510,6424,-1,6424,6510,6511,-1,6424,6511,6423,-1,6423,6511,6512,-1,6423,6512,6422,-1,6422,6512,6513,-1,6513,6514,6422,-1,6422,6514,6515,-1,6422,6515,6421,-1,6421,6515,6516,-1,6421,6516,6420,-1,6516,6517,6420,-1,6420,6517,6518,-1,6420,6518,6419,-1,929,928,6519,-1,6519,928,6419,-1,6519,6419,6520,-1,6520,6419,6518,-1,538,539,6439,-1,930,929,6450,-1,6450,929,6521,-1,6450,6521,6451,-1,6451,6521,6522,-1,6451,6522,6452,-1,6452,6522,6523,-1,6452,6523,6448,-1,6448,6523,6524,-1,6448,6524,6449,-1,6449,6524,6525,-1,6449,6525,6444,-1,6444,6525,6526,-1,6444,6526,6445,-1,6445,6526,6527,-1,6445,6527,6441,-1,6441,6527,6528,-1,6441,6528,6442,-1,6442,6528,6529,-1,6442,6529,6439,-1,6439,6529,6530,-1,6439,6530,538,-1,537,536,6531,-1,926,925,6532,-1,6532,925,6469,-1,6532,6469,6533,-1,6533,6469,6471,-1,6533,6471,6534,-1,6534,6471,6475,-1,6534,6475,6535,-1,6535,6475,6474,-1,6535,6474,6536,-1,6536,6474,6478,-1,6536,6478,6537,-1,6537,6478,6477,-1,6537,6477,6538,-1,6538,6477,6483,-1,6538,6483,6539,-1,6539,6483,6482,-1,6539,6482,6540,-1,6540,6482,6480,-1,6540,6480,6531,-1,6531,6480,6479,-1,6531,6479,537,-1,927,926,6541,-1,927,6541,6507,-1,6507,6541,6542,-1,6507,6542,6505,-1,6542,6543,6505,-1,6505,6543,6544,-1,6505,6544,6504,-1,6504,6544,6502,-1,6502,6544,6545,-1,6502,6545,6546,-1,6546,6547,6502,-1,6502,6547,6548,-1,6502,6548,6501,-1,6548,6549,6501,-1,6501,6549,6550,-1,6501,6550,6499,-1,6499,6550,6551,-1,6499,6551,6498,-1,6498,6551,6552,-1,921,920,6553,-1,6553,920,6495,-1,6553,6495,6552,-1,6552,6495,6496,-1,6552,6496,6498,-1,6509,6508,6554,-1,6554,6508,922,-1,6512,6511,6555,-1,6555,6511,6510,-1,6515,6514,6556,-1,6556,6514,6513,-1,6518,6517,6557,-1,6557,6517,6516,-1,6557,6516,6515,-1,6557,6558,6518,-1,6518,6558,6559,-1,6518,6559,6520,-1,6520,6559,6560,-1,6520,6560,6519,-1,6519,6560,6521,-1,6519,6521,929,-1,922,6561,6554,-1,6554,6561,6562,-1,6554,6562,6563,-1,6562,6564,6563,-1,6563,6564,6565,-1,6563,6565,6566,-1,6565,6567,6566,-1,6566,6567,6568,-1,6566,6568,6569,-1,6568,6570,6569,-1,6569,6570,6571,-1,6569,6571,6572,-1,538,6530,6573,-1,6573,6530,6572,-1,6573,6572,6574,-1,6574,6572,6571,-1,6509,6554,6575,-1,6575,6554,6563,-1,6575,6563,6576,-1,6576,6563,6566,-1,6576,6566,6577,-1,6577,6566,6569,-1,6577,6569,6578,-1,6578,6569,6572,-1,6578,6572,6579,-1,6530,6529,6572,-1,6572,6529,6528,-1,6572,6528,6579,-1,6579,6528,6527,-1,6579,6527,6526,-1,6526,6580,6579,-1,6579,6580,6581,-1,6579,6581,6578,-1,6578,6581,6582,-1,6578,6582,6577,-1,6577,6582,6583,-1,6577,6583,6576,-1,6576,6583,6555,-1,6576,6555,6575,-1,6575,6555,6510,-1,6575,6510,6509,-1,6512,6555,6513,-1,6513,6555,6583,-1,6513,6583,6556,-1,6556,6583,6582,-1,6556,6582,6584,-1,6584,6582,6581,-1,6584,6581,6585,-1,6585,6581,6580,-1,6585,6580,6586,-1,6526,6525,6580,-1,6580,6525,6524,-1,6580,6524,6586,-1,6586,6524,6523,-1,6586,6523,6522,-1,6515,6556,6557,-1,6557,6556,6584,-1,6557,6584,6558,-1,6558,6584,6585,-1,6558,6585,6559,-1,6559,6585,6586,-1,6559,6586,6560,-1,6560,6586,6522,-1,6560,6522,6521,-1,6587,6588,6589,-1,6590,6591,6592,-1,6593,6594,6595,-1,6596,6597,6598,-1,6599,6600,6601,-1,6602,6541,926,-1,6603,6546,6604,-1,6604,6546,6545,-1,6604,6545,6544,-1,6605,6548,6603,-1,6603,6548,6547,-1,6603,6547,6546,-1,6549,6606,6550,-1,6550,6606,6607,-1,6550,6607,6551,-1,6551,6607,6552,-1,6552,6607,6601,-1,6552,6601,6553,-1,6553,6601,6600,-1,6553,6600,921,-1,926,6532,6602,-1,6602,6532,6533,-1,6602,6533,6608,-1,6533,6534,6608,-1,6608,6534,6535,-1,6608,6535,6609,-1,6535,6536,6609,-1,6609,6536,6537,-1,6609,6537,6610,-1,6537,6538,6610,-1,6610,6538,6539,-1,6610,6539,6589,-1,6597,6599,6598,-1,6598,6599,6601,-1,6598,6601,6611,-1,6611,6601,6607,-1,6611,6607,6605,-1,6605,6607,6606,-1,6605,6606,6548,-1,6548,6606,6549,-1,6594,6596,6595,-1,6595,6596,6598,-1,6595,6598,6612,-1,6612,6598,6611,-1,6612,6611,6613,-1,6613,6611,6605,-1,6613,6605,6614,-1,6614,6605,6603,-1,6614,6603,6615,-1,6615,6603,6604,-1,6615,6604,6543,-1,6543,6604,6544,-1,6591,6593,6592,-1,6592,6593,6595,-1,6592,6595,6616,-1,6616,6595,6612,-1,6616,6612,6617,-1,6617,6612,6613,-1,6617,6613,6618,-1,6618,6613,6614,-1,6618,6614,6619,-1,6619,6614,6615,-1,6619,6615,6542,-1,6542,6615,6543,-1,6588,6590,6589,-1,6589,6590,6592,-1,6589,6592,6610,-1,6610,6592,6616,-1,6610,6616,6609,-1,6609,6616,6617,-1,6609,6617,6608,-1,6608,6617,6618,-1,6608,6618,6602,-1,6602,6618,6619,-1,6602,6619,6541,-1,6541,6619,6542,-1,536,6587,6531,-1,6531,6587,6589,-1,6531,6589,6540,-1,6540,6589,6539,-1,922,921,6561,-1,6561,921,6600,-1,6561,6600,6562,-1,6562,6600,6599,-1,6562,6599,6564,-1,6564,6599,6597,-1,6564,6597,6565,-1,6565,6597,6596,-1,6565,6596,6567,-1,6567,6596,6594,-1,6567,6594,6568,-1,6568,6594,6593,-1,6568,6593,6570,-1,6570,6593,6591,-1,6570,6591,6571,-1,6571,6591,6590,-1,6571,6590,6574,-1,6574,6590,6588,-1,6574,6588,6573,-1,6588,6587,6573,-1,6573,6587,536,-1,6573,536,538,-1,980,586,588,-1,980,588,6620,-1,6620,588,6621,-1,6620,6621,6622,-1,6622,6621,6623,-1,6622,6623,6624,-1,6624,6623,6625,-1,6625,6623,6626,-1,6625,6626,6627,-1,6627,6626,6628,-1,6628,6626,6629,-1,6628,6629,6630,-1,6630,6629,6631,-1,6631,6629,6632,-1,6631,6632,6633,-1,578,580,6632,-1,6632,580,979,-1,6632,979,6633,-1,972,585,583,-1,972,583,6634,-1,6634,583,6635,-1,6634,6635,6636,-1,6636,6635,6637,-1,6636,6637,6638,-1,6638,6637,6639,-1,6639,6637,6640,-1,6639,6640,6641,-1,6641,6640,6642,-1,6642,6640,6643,-1,6642,6643,6644,-1,6644,6643,6645,-1,6645,6643,6646,-1,6645,6646,6647,-1,589,587,6646,-1,6646,587,983,-1,6646,983,6647,-1,979,978,6633,-1,6633,978,6648,-1,6633,6648,6631,-1,6631,6648,6649,-1,6631,6649,6630,-1,6630,6649,6650,-1,6630,6650,6628,-1,6650,6651,6628,-1,6628,6651,6652,-1,6628,6652,6627,-1,6627,6652,6653,-1,6627,6653,6625,-1,6625,6653,6654,-1,6625,6654,6624,-1,6624,6654,6655,-1,981,980,6656,-1,6656,980,6620,-1,6656,6620,6655,-1,6655,6620,6622,-1,6655,6622,6624,-1,597,595,6657,-1,982,981,6658,-1,6658,981,6659,-1,6658,6659,6660,-1,6660,6659,6661,-1,6660,6661,6662,-1,6662,6661,6663,-1,6662,6663,6664,-1,6664,6663,6665,-1,6664,6665,6666,-1,6666,6665,6667,-1,6666,6667,6668,-1,6668,6667,6669,-1,6668,6669,6670,-1,6670,6669,6671,-1,6670,6671,6672,-1,6672,6671,6673,-1,6672,6673,6674,-1,6674,6673,6675,-1,6674,6675,6657,-1,6657,6675,6676,-1,6657,6676,597,-1,6642,6644,6677,-1,6677,6644,6645,-1,6677,6645,982,-1,982,6645,6647,-1,982,6647,983,-1,6677,6678,6642,-1,6642,6678,6679,-1,6642,6679,6641,-1,6641,6679,6680,-1,6680,6681,6641,-1,6641,6681,6682,-1,6641,6682,6639,-1,6639,6682,6683,-1,6639,6683,6638,-1,6638,6683,6684,-1,6638,6684,6636,-1,6636,6684,6685,-1,6636,6685,6634,-1,6634,6685,973,-1,6634,973,972,-1,976,581,579,-1,976,579,6686,-1,6686,579,6687,-1,6686,6687,6688,-1,6688,6687,6689,-1,6688,6689,6690,-1,6690,6689,6691,-1,6691,6689,6692,-1,6691,6692,6693,-1,6693,6692,6694,-1,6694,6692,6695,-1,6694,6695,6696,-1,6696,6695,6697,-1,6697,6695,6698,-1,6697,6698,6699,-1,6699,6698,6700,-1,6700,6698,6701,-1,6700,6701,6702,-1,593,591,6701,-1,6701,591,971,-1,6701,971,6702,-1,6703,6704,6705,-1,6706,6707,6708,-1,6709,6710,6711,-1,597,6712,6713,-1,6714,6712,597,-1,6711,6710,597,-1,6715,597,6710,-1,6648,6716,6649,-1,6649,6716,6717,-1,6652,6651,6717,-1,6717,6651,6650,-1,6717,6650,6649,-1,6717,6718,6652,-1,6652,6718,6719,-1,6652,6719,6653,-1,6653,6719,6720,-1,6653,6720,6654,-1,6654,6720,6655,-1,6655,6720,6721,-1,6655,6721,6656,-1,6656,6721,6659,-1,6656,6659,981,-1,6676,6714,597,-1,6722,6723,6709,-1,6709,6723,6724,-1,6709,6724,6710,-1,6710,6724,6725,-1,6710,6725,6715,-1,6726,6713,6727,-1,6727,6713,6712,-1,6727,6712,6728,-1,6728,6712,6714,-1,6728,6714,6729,-1,6707,6722,6708,-1,6708,6722,6709,-1,6708,6709,6730,-1,6730,6709,6711,-1,6730,6711,6731,-1,6731,6711,597,-1,6676,6675,6714,-1,6714,6675,6673,-1,6714,6673,6729,-1,6729,6673,6671,-1,6729,6671,6669,-1,6732,6726,6733,-1,6733,6726,6727,-1,6733,6727,6734,-1,6734,6727,6728,-1,6734,6728,6735,-1,6735,6728,6729,-1,6735,6729,6736,-1,6736,6729,6669,-1,6705,6732,6737,-1,6737,6732,6733,-1,6737,6733,6738,-1,6738,6733,6734,-1,6738,6734,6739,-1,6739,6734,6735,-1,6739,6735,6740,-1,6740,6735,6736,-1,6740,6736,6741,-1,6704,6706,6705,-1,6705,6706,6708,-1,6705,6708,6732,-1,6732,6708,6730,-1,6732,6730,6726,-1,6726,6730,6731,-1,6726,6731,6713,-1,6713,6731,597,-1,6648,978,6716,-1,6716,978,6742,-1,6716,6742,6703,-1,6669,6667,6736,-1,6736,6667,6665,-1,6736,6665,6741,-1,6741,6665,6663,-1,6741,6663,6661,-1,6703,6705,6716,-1,6716,6705,6737,-1,6716,6737,6717,-1,6717,6737,6738,-1,6717,6738,6718,-1,6718,6738,6739,-1,6718,6739,6719,-1,6719,6739,6740,-1,6719,6740,6720,-1,6720,6740,6741,-1,6720,6741,6721,-1,6721,6741,6661,-1,6721,6661,6659,-1,6664,6666,6743,-1,6744,6745,6746,-1,595,6747,6748,-1,6749,6747,595,-1,6746,6745,595,-1,6657,595,6745,-1,6750,6678,6677,-1,6678,6750,6679,-1,6679,6750,6751,-1,6679,6751,6680,-1,6680,6751,6752,-1,6680,6752,6681,-1,6681,6752,6753,-1,6681,6753,6682,-1,6682,6753,6683,-1,6683,6753,6754,-1,6683,6754,6684,-1,6684,6754,6685,-1,6685,6754,6755,-1,6685,6755,973,-1,6756,6749,595,-1,6668,6670,6744,-1,6744,6670,6672,-1,6744,6672,6745,-1,6745,6672,6674,-1,6745,6674,6657,-1,6757,6748,6758,-1,6758,6748,6747,-1,6758,6747,6759,-1,6759,6747,6749,-1,6759,6749,6760,-1,6756,6761,6749,-1,6749,6761,6762,-1,6749,6762,6760,-1,6760,6762,6763,-1,6760,6763,6764,-1,6743,6757,6765,-1,6765,6757,6758,-1,6765,6758,6766,-1,6766,6758,6759,-1,6766,6759,6767,-1,6767,6759,6760,-1,6767,6760,6768,-1,6768,6760,6764,-1,6660,6662,6769,-1,6769,6662,6664,-1,6664,6743,6769,-1,6769,6743,6765,-1,6769,6765,6770,-1,6770,6765,6766,-1,6770,6766,6771,-1,6771,6766,6767,-1,6771,6767,6772,-1,6772,6767,6768,-1,6772,6768,6773,-1,6666,6668,6743,-1,6743,6668,6744,-1,6743,6744,6757,-1,6757,6744,6746,-1,6757,6746,6748,-1,6748,6746,595,-1,6660,6750,6658,-1,6658,6750,6677,-1,6658,6677,982,-1,6764,6774,6768,-1,6768,6774,6775,-1,6768,6775,6773,-1,6773,6775,6776,-1,6773,6776,6777,-1,6660,6769,6750,-1,6750,6769,6770,-1,6750,6770,6751,-1,6751,6770,6771,-1,6751,6771,6752,-1,6752,6771,6772,-1,6752,6772,6753,-1,6753,6772,6773,-1,6753,6773,6754,-1,6754,6773,6777,-1,6754,6777,6755,-1,968,590,592,-1,968,592,6778,-1,6778,592,6779,-1,6778,6779,6780,-1,6780,6779,6781,-1,6780,6781,6782,-1,6782,6781,6783,-1,6783,6781,6784,-1,6783,6784,6785,-1,6785,6784,6786,-1,6786,6784,6787,-1,6786,6787,6788,-1,6788,6787,6789,-1,6789,6787,6790,-1,6789,6790,6791,-1,582,584,6790,-1,6790,584,975,-1,6790,975,6791,-1,971,970,6702,-1,6702,970,6792,-1,6702,6792,6700,-1,6700,6792,6793,-1,6700,6793,6699,-1,6699,6793,6794,-1,6699,6794,6697,-1,6697,6794,6795,-1,6697,6795,6696,-1,6696,6795,6796,-1,6797,6690,6798,-1,6798,6690,6691,-1,6798,6691,6799,-1,6799,6691,6693,-1,6799,6693,6796,-1,6796,6693,6694,-1,6796,6694,6696,-1,977,976,6800,-1,6800,976,6686,-1,6800,6686,6797,-1,6797,6686,6688,-1,6797,6688,6690,-1,596,597,6715,-1,978,977,6742,-1,6742,977,6801,-1,6742,6801,6703,-1,6703,6801,6802,-1,6703,6802,6704,-1,6704,6802,6803,-1,6704,6803,6706,-1,6706,6803,6804,-1,6706,6804,6707,-1,6707,6804,6805,-1,6707,6805,6722,-1,6722,6805,6806,-1,6722,6806,6723,-1,6723,6806,6807,-1,6723,6807,6724,-1,6724,6807,6808,-1,6724,6808,6725,-1,6725,6808,6809,-1,6725,6809,6715,-1,6715,6809,6810,-1,6715,6810,596,-1,595,594,6811,-1,974,973,6812,-1,6812,973,6755,-1,6812,6755,6813,-1,6813,6755,6777,-1,6813,6777,6814,-1,6814,6777,6776,-1,6814,6776,6815,-1,6815,6776,6775,-1,6815,6775,6816,-1,6816,6775,6774,-1,6816,6774,6817,-1,6817,6774,6764,-1,6817,6764,6818,-1,6818,6764,6763,-1,6818,6763,6819,-1,6819,6763,6762,-1,6819,6762,6820,-1,6820,6762,6761,-1,6820,6761,6811,-1,6811,6761,6756,-1,6811,6756,595,-1,6786,6788,6821,-1,6821,6788,6789,-1,6821,6789,974,-1,974,6789,6791,-1,974,6791,975,-1,6821,6822,6786,-1,6786,6822,6823,-1,6786,6823,6785,-1,6785,6823,6824,-1,6824,6825,6785,-1,6785,6825,6826,-1,6785,6826,6783,-1,6783,6826,6827,-1,6783,6827,6782,-1,6782,6827,6828,-1,6782,6828,6780,-1,6780,6828,6829,-1,6780,6829,6778,-1,6778,6829,969,-1,6778,969,968,-1,6830,6831,6832,-1,6833,6834,6835,-1,6836,6837,6838,-1,596,6839,6840,-1,6841,6839,596,-1,6838,6837,596,-1,6842,596,6837,-1,6792,6843,6793,-1,6793,6843,6844,-1,6796,6795,6844,-1,6844,6795,6794,-1,6844,6794,6793,-1,6844,6845,6796,-1,6796,6845,6846,-1,6796,6846,6799,-1,6799,6846,6847,-1,6799,6847,6798,-1,6798,6847,6797,-1,6797,6847,6848,-1,6797,6848,6800,-1,6800,6848,6801,-1,6800,6801,977,-1,6810,6841,596,-1,6849,6850,6836,-1,6836,6850,6851,-1,6836,6851,6837,-1,6837,6851,6852,-1,6837,6852,6842,-1,6853,6840,6854,-1,6854,6840,6839,-1,6854,6839,6855,-1,6855,6839,6841,-1,6855,6841,6856,-1,6834,6849,6835,-1,6835,6849,6836,-1,6835,6836,6857,-1,6857,6836,6838,-1,6857,6838,6858,-1,6858,6838,596,-1,6810,6809,6841,-1,6841,6809,6808,-1,6841,6808,6856,-1,6856,6808,6807,-1,6856,6807,6806,-1,6859,6853,6860,-1,6860,6853,6854,-1,6860,6854,6861,-1,6861,6854,6855,-1,6861,6855,6862,-1,6862,6855,6856,-1,6862,6856,6863,-1,6863,6856,6806,-1,6832,6859,6864,-1,6864,6859,6860,-1,6864,6860,6865,-1,6865,6860,6861,-1,6865,6861,6866,-1,6866,6861,6862,-1,6866,6862,6867,-1,6867,6862,6863,-1,6867,6863,6868,-1,6831,6833,6832,-1,6832,6833,6835,-1,6832,6835,6859,-1,6859,6835,6857,-1,6859,6857,6853,-1,6853,6857,6858,-1,6853,6858,6840,-1,6840,6858,596,-1,6792,970,6843,-1,6843,970,6869,-1,6843,6869,6830,-1,6806,6805,6863,-1,6863,6805,6804,-1,6863,6804,6868,-1,6868,6804,6803,-1,6868,6803,6802,-1,6830,6832,6843,-1,6843,6832,6864,-1,6843,6864,6844,-1,6844,6864,6865,-1,6844,6865,6845,-1,6845,6865,6866,-1,6845,6866,6846,-1,6846,6866,6867,-1,6846,6867,6847,-1,6847,6867,6868,-1,6847,6868,6848,-1,6848,6868,6802,-1,6848,6802,6801,-1,6815,6816,6870,-1,6871,6872,6873,-1,594,6874,6875,-1,6876,6874,594,-1,6873,6872,594,-1,6811,594,6872,-1,6877,6822,6821,-1,6822,6877,6823,-1,6823,6877,6878,-1,6823,6878,6824,-1,6824,6878,6879,-1,6824,6879,6825,-1,6825,6879,6880,-1,6825,6880,6826,-1,6826,6880,6827,-1,6827,6880,6881,-1,6827,6881,6828,-1,6828,6881,6829,-1,6829,6881,6882,-1,6829,6882,969,-1,6883,6876,594,-1,6817,6818,6871,-1,6871,6818,6819,-1,6871,6819,6872,-1,6872,6819,6820,-1,6872,6820,6811,-1,6884,6875,6885,-1,6885,6875,6874,-1,6885,6874,6886,-1,6886,6874,6876,-1,6886,6876,6887,-1,6883,6888,6876,-1,6876,6888,6889,-1,6876,6889,6887,-1,6887,6889,6890,-1,6887,6890,6891,-1,6870,6884,6892,-1,6892,6884,6885,-1,6892,6885,6893,-1,6893,6885,6886,-1,6893,6886,6894,-1,6894,6886,6887,-1,6894,6887,6895,-1,6895,6887,6891,-1,6813,6814,6896,-1,6896,6814,6815,-1,6815,6870,6896,-1,6896,6870,6892,-1,6896,6892,6897,-1,6897,6892,6893,-1,6897,6893,6898,-1,6898,6893,6894,-1,6898,6894,6899,-1,6899,6894,6895,-1,6899,6895,6900,-1,6816,6817,6870,-1,6870,6817,6871,-1,6870,6871,6884,-1,6884,6871,6873,-1,6884,6873,6875,-1,6875,6873,594,-1,6813,6877,6812,-1,6812,6877,6821,-1,6812,6821,974,-1,6891,6901,6895,-1,6895,6901,6902,-1,6895,6902,6900,-1,6900,6902,6903,-1,6900,6903,6904,-1,6813,6896,6877,-1,6877,6896,6897,-1,6877,6897,6878,-1,6878,6897,6898,-1,6878,6898,6879,-1,6879,6898,6899,-1,6879,6899,6880,-1,6880,6899,6900,-1,6880,6900,6881,-1,6881,6900,6904,-1,6881,6904,6882,-1,970,969,6869,-1,6869,969,6882,-1,6869,6882,6830,-1,6830,6882,6904,-1,6830,6904,6831,-1,6831,6904,6903,-1,6831,6903,6833,-1,6833,6903,6902,-1,6833,6902,6834,-1,6834,6902,6901,-1,6834,6901,6849,-1,6849,6901,6891,-1,6849,6891,6850,-1,6850,6891,6890,-1,6850,6890,6851,-1,6851,6890,6889,-1,6851,6889,6852,-1,6852,6889,6888,-1,6852,6888,6842,-1,6888,6883,6842,-1,6842,6883,594,-1,6842,594,596,-1,964,655,653,-1,964,653,6905,-1,6905,653,6906,-1,6905,6906,6907,-1,6907,6906,6908,-1,6907,6908,6909,-1,6909,6908,6910,-1,6910,6908,6911,-1,6910,6911,6912,-1,6912,6911,6913,-1,6913,6911,6914,-1,6913,6914,6915,-1,6915,6914,6916,-1,6916,6914,6917,-1,6916,6917,6918,-1,651,649,6917,-1,6917,649,963,-1,6917,963,6918,-1,956,647,645,-1,956,645,6919,-1,6919,645,6920,-1,6919,6920,6921,-1,6921,6920,6922,-1,6921,6922,6923,-1,6923,6922,6924,-1,6924,6922,6925,-1,6924,6925,6926,-1,6926,6925,6927,-1,6927,6925,6928,-1,6927,6928,6929,-1,6929,6928,6930,-1,6930,6928,6931,-1,6930,6931,6932,-1,652,654,6931,-1,6931,654,967,-1,6931,967,6932,-1,6913,6915,6933,-1,6933,6915,6916,-1,6933,6916,962,-1,962,6916,6918,-1,962,6918,963,-1,6933,6934,6913,-1,6913,6934,6935,-1,6913,6935,6912,-1,6912,6935,6936,-1,6936,6937,6912,-1,6912,6937,6938,-1,6912,6938,6910,-1,6910,6938,6939,-1,6910,6939,6909,-1,6909,6939,6940,-1,6909,6940,6907,-1,6907,6940,6941,-1,6907,6941,6905,-1,6905,6941,965,-1,6905,965,964,-1,663,661,6942,-1,966,965,6943,-1,6943,965,6944,-1,6943,6944,6945,-1,6945,6944,6946,-1,6945,6946,6947,-1,6947,6946,6948,-1,6947,6948,6949,-1,6949,6948,6950,-1,6949,6950,6951,-1,6951,6950,6952,-1,6951,6952,6953,-1,6953,6952,6954,-1,6953,6954,6955,-1,6955,6954,6956,-1,6955,6956,6957,-1,6957,6956,6958,-1,6957,6958,6959,-1,6959,6958,6960,-1,6959,6960,6942,-1,6942,6960,6961,-1,6942,6961,663,-1,967,966,6932,-1,6932,966,6962,-1,6932,6962,6930,-1,6930,6962,6963,-1,6930,6963,6929,-1,6929,6963,6964,-1,6929,6964,6927,-1,6964,6965,6927,-1,6927,6965,6966,-1,6927,6966,6926,-1,6926,6966,6967,-1,6926,6967,6924,-1,6924,6967,6968,-1,6924,6968,6923,-1,6923,6968,6969,-1,957,956,6970,-1,6970,956,6919,-1,6970,6919,6969,-1,6969,6919,6921,-1,6969,6921,6923,-1,960,648,650,-1,960,650,6971,-1,6971,650,6972,-1,6971,6972,6973,-1,6973,6972,6974,-1,6973,6974,6975,-1,6975,6974,6976,-1,6976,6974,6977,-1,6976,6977,6978,-1,6978,6977,6979,-1,6979,6977,6980,-1,6979,6980,6981,-1,6981,6980,6982,-1,6982,6980,6983,-1,6982,6983,6984,-1,659,657,6983,-1,6983,657,955,-1,6983,955,6984,-1,6985,6986,6987,-1,6988,6989,6990,-1,663,6991,6992,-1,6993,6991,663,-1,6990,6989,663,-1,6994,663,6989,-1,6995,6934,6933,-1,6934,6995,6935,-1,6935,6995,6996,-1,6935,6996,6936,-1,6936,6996,6997,-1,6936,6997,6937,-1,6937,6997,6998,-1,6937,6998,6938,-1,6938,6998,6939,-1,6939,6998,6999,-1,6939,6999,6940,-1,6940,6999,6941,-1,6941,6999,6944,-1,6941,6944,965,-1,6961,6993,663,-1,7000,7001,6988,-1,6988,7001,7002,-1,6988,7002,6989,-1,6989,7002,7003,-1,6989,7003,6994,-1,7004,6992,7005,-1,7005,6992,6991,-1,7005,6991,7006,-1,7006,6991,6993,-1,7006,6993,7007,-1,6961,6960,6993,-1,6993,6960,6958,-1,6993,6958,7007,-1,7007,6958,6956,-1,7007,6956,6954,-1,6987,7004,7008,-1,7008,7004,7005,-1,7008,7005,7009,-1,7009,7005,7006,-1,7009,7006,7010,-1,7010,7006,7007,-1,7010,7007,7011,-1,7011,7007,6954,-1,7012,7013,7014,-1,7014,7013,6985,-1,6985,6987,7014,-1,7014,6987,7008,-1,7014,7008,7015,-1,7015,7008,7009,-1,7015,7009,7016,-1,7016,7009,7010,-1,7016,7010,7017,-1,7017,7010,7011,-1,7017,7011,7018,-1,6986,7000,6987,-1,6987,7000,6988,-1,6987,6988,7004,-1,7004,6988,6990,-1,7004,6990,6992,-1,6992,6990,663,-1,7012,6995,7019,-1,7019,6995,6933,-1,7019,6933,962,-1,6954,6952,7011,-1,7011,6952,6950,-1,7011,6950,7018,-1,7018,6950,6948,-1,7018,6948,6946,-1,7012,7014,6995,-1,6995,7014,7015,-1,6995,7015,6996,-1,6996,7015,7016,-1,6996,7016,6997,-1,6997,7016,7017,-1,6997,7017,6998,-1,6998,7017,7018,-1,6998,7018,6999,-1,6999,7018,6946,-1,6999,6946,6944,-1,6945,6947,7020,-1,6949,6951,7021,-1,7022,7023,7024,-1,661,7025,7026,-1,7027,7025,661,-1,7024,7023,661,-1,6942,661,7023,-1,6962,7028,6963,-1,6963,7028,7029,-1,6966,6965,7029,-1,7029,6965,6964,-1,7029,6964,6963,-1,7029,7030,6966,-1,6966,7030,7031,-1,6966,7031,6967,-1,6967,7031,7032,-1,6967,7032,6968,-1,6968,7032,6969,-1,6969,7032,7033,-1,6969,7033,6970,-1,6970,7033,7034,-1,6970,7034,957,-1,7035,7027,661,-1,6953,6955,7022,-1,7022,6955,6957,-1,7022,6957,7023,-1,7023,6957,6959,-1,7023,6959,6942,-1,7036,7026,7037,-1,7037,7026,7025,-1,7037,7025,7038,-1,7038,7025,7027,-1,7038,7027,7039,-1,6951,6953,7021,-1,7021,6953,7022,-1,7021,7022,7040,-1,7040,7022,7024,-1,7040,7024,7041,-1,7041,7024,661,-1,7035,7042,7027,-1,7027,7042,7043,-1,7027,7043,7039,-1,7039,7043,7044,-1,7039,7044,7045,-1,7046,7036,7047,-1,7047,7036,7037,-1,7047,7037,7048,-1,7048,7037,7038,-1,7048,7038,7049,-1,7049,7038,7039,-1,7049,7039,7050,-1,7050,7039,7045,-1,7020,7046,7051,-1,7051,7046,7047,-1,7051,7047,7052,-1,7052,7047,7048,-1,7052,7048,7053,-1,7053,7048,7049,-1,7053,7049,7054,-1,7054,7049,7050,-1,7054,7050,7055,-1,6947,6949,7020,-1,7020,6949,7021,-1,7020,7021,7046,-1,7046,7021,7040,-1,7046,7040,7036,-1,7036,7040,7041,-1,7036,7041,7026,-1,7026,7041,661,-1,6962,966,7028,-1,7028,966,6943,-1,7028,6943,6945,-1,7045,7056,7050,-1,7050,7056,7057,-1,7050,7057,7055,-1,7055,7057,7058,-1,7055,7058,7059,-1,6945,7020,7028,-1,7028,7020,7051,-1,7028,7051,7029,-1,7029,7051,7052,-1,7029,7052,7030,-1,7030,7052,7053,-1,7030,7053,7031,-1,7031,7053,7054,-1,7031,7054,7032,-1,7032,7054,7055,-1,7032,7055,7033,-1,7033,7055,7059,-1,7033,7059,7034,-1,952,656,658,-1,952,658,7060,-1,7060,658,7061,-1,7060,7061,7062,-1,7062,7061,7063,-1,7062,7063,7064,-1,7064,7063,7065,-1,7065,7063,7066,-1,7065,7066,7067,-1,7067,7066,7068,-1,7068,7066,7069,-1,7068,7069,7070,-1,7070,7069,7071,-1,7071,7069,7072,-1,7071,7072,7073,-1,644,646,7072,-1,7072,646,959,-1,7072,959,7073,-1,6979,6981,7074,-1,7074,6981,6982,-1,7074,6982,954,-1,954,6982,6984,-1,954,6984,955,-1,7074,7075,6979,-1,6979,7075,7076,-1,6979,7076,6978,-1,6978,7076,7077,-1,7077,7078,6978,-1,6978,7078,7079,-1,6978,7079,6976,-1,6976,7079,7080,-1,6976,7080,6975,-1,6975,7080,7081,-1,6975,7081,6973,-1,6973,7081,7082,-1,6973,7082,6971,-1,6971,7082,961,-1,6971,961,960,-1,662,663,6994,-1,962,961,7019,-1,7019,961,7083,-1,7019,7083,7012,-1,7012,7083,7084,-1,7012,7084,7013,-1,7013,7084,7085,-1,7013,7085,6985,-1,6985,7085,7086,-1,6985,7086,6986,-1,6986,7086,7087,-1,6986,7087,7000,-1,7000,7087,7088,-1,7000,7088,7001,-1,7001,7088,7089,-1,7001,7089,7002,-1,7002,7089,7090,-1,7002,7090,7003,-1,7003,7090,7091,-1,7003,7091,6994,-1,6994,7091,7092,-1,6994,7092,662,-1,661,660,7093,-1,958,957,7094,-1,7094,957,7034,-1,7094,7034,7095,-1,7095,7034,7059,-1,7095,7059,7096,-1,7096,7059,7058,-1,7096,7058,7097,-1,7097,7058,7057,-1,7097,7057,7098,-1,7098,7057,7056,-1,7098,7056,7099,-1,7099,7056,7045,-1,7099,7045,7100,-1,7100,7045,7044,-1,7100,7044,7101,-1,7101,7044,7043,-1,7101,7043,7102,-1,7102,7043,7042,-1,7102,7042,7093,-1,7093,7042,7035,-1,7093,7035,661,-1,959,958,7073,-1,7073,958,7103,-1,7073,7103,7071,-1,7071,7103,7104,-1,7071,7104,7070,-1,7070,7104,7105,-1,7070,7105,7068,-1,7105,7106,7068,-1,7068,7106,7107,-1,7068,7107,7067,-1,7067,7107,7108,-1,7067,7108,7065,-1,7065,7108,7109,-1,7065,7109,7064,-1,7064,7109,7110,-1,953,952,7111,-1,7111,952,7060,-1,7111,7060,7110,-1,7110,7060,7062,-1,7110,7062,7064,-1,7112,7113,7114,-1,7115,7116,7117,-1,662,7118,7119,-1,7120,7118,662,-1,7117,7116,662,-1,7121,662,7116,-1,7122,7075,7074,-1,7075,7122,7076,-1,7076,7122,7123,-1,7076,7123,7077,-1,7077,7123,7124,-1,7077,7124,7078,-1,7078,7124,7125,-1,7078,7125,7079,-1,7079,7125,7080,-1,7080,7125,7126,-1,7080,7126,7081,-1,7081,7126,7082,-1,7082,7126,7083,-1,7082,7083,961,-1,7092,7120,662,-1,7127,7128,7115,-1,7115,7128,7129,-1,7115,7129,7116,-1,7116,7129,7130,-1,7116,7130,7121,-1,7131,7119,7132,-1,7132,7119,7118,-1,7132,7118,7133,-1,7133,7118,7120,-1,7133,7120,7134,-1,7092,7091,7120,-1,7120,7091,7090,-1,7120,7090,7134,-1,7134,7090,7089,-1,7134,7089,7088,-1,7114,7131,7135,-1,7135,7131,7132,-1,7135,7132,7136,-1,7136,7132,7133,-1,7136,7133,7137,-1,7137,7133,7134,-1,7137,7134,7138,-1,7138,7134,7088,-1,7139,7140,7141,-1,7141,7140,7112,-1,7112,7114,7141,-1,7141,7114,7135,-1,7141,7135,7142,-1,7142,7135,7136,-1,7142,7136,7143,-1,7143,7136,7137,-1,7143,7137,7144,-1,7144,7137,7138,-1,7144,7138,7145,-1,7113,7127,7114,-1,7114,7127,7115,-1,7114,7115,7131,-1,7131,7115,7117,-1,7131,7117,7119,-1,7119,7117,662,-1,7139,7122,7146,-1,7146,7122,7074,-1,7146,7074,954,-1,7088,7087,7138,-1,7138,7087,7086,-1,7138,7086,7145,-1,7145,7086,7085,-1,7145,7085,7084,-1,7139,7141,7122,-1,7122,7141,7142,-1,7122,7142,7123,-1,7123,7142,7143,-1,7123,7143,7124,-1,7124,7143,7144,-1,7124,7144,7125,-1,7125,7144,7145,-1,7125,7145,7126,-1,7126,7145,7084,-1,7126,7084,7083,-1,7095,7096,7147,-1,7097,7098,7148,-1,7149,7150,7151,-1,660,7152,7153,-1,7154,7152,660,-1,7151,7150,660,-1,7093,660,7150,-1,7103,7155,7104,-1,7104,7155,7156,-1,7107,7106,7156,-1,7156,7106,7105,-1,7156,7105,7104,-1,7156,7157,7107,-1,7107,7157,7158,-1,7107,7158,7108,-1,7108,7158,7159,-1,7108,7159,7109,-1,7109,7159,7110,-1,7110,7159,7160,-1,7110,7160,7111,-1,7111,7160,7161,-1,7111,7161,953,-1,7162,7154,660,-1,7099,7100,7149,-1,7149,7100,7101,-1,7149,7101,7150,-1,7150,7101,7102,-1,7150,7102,7093,-1,7163,7153,7164,-1,7164,7153,7152,-1,7164,7152,7165,-1,7165,7152,7154,-1,7165,7154,7166,-1,7098,7099,7148,-1,7148,7099,7149,-1,7148,7149,7167,-1,7167,7149,7151,-1,7167,7151,7168,-1,7168,7151,660,-1,7162,7169,7154,-1,7154,7169,7170,-1,7154,7170,7166,-1,7166,7170,7171,-1,7166,7171,7172,-1,7173,7163,7174,-1,7174,7163,7164,-1,7174,7164,7175,-1,7175,7164,7165,-1,7175,7165,7176,-1,7176,7165,7166,-1,7176,7166,7177,-1,7177,7166,7172,-1,7147,7173,7178,-1,7178,7173,7174,-1,7178,7174,7179,-1,7179,7174,7175,-1,7179,7175,7180,-1,7180,7175,7176,-1,7180,7176,7181,-1,7181,7176,7177,-1,7181,7177,7182,-1,7096,7097,7147,-1,7147,7097,7148,-1,7147,7148,7173,-1,7173,7148,7167,-1,7173,7167,7163,-1,7163,7167,7168,-1,7163,7168,7153,-1,7153,7168,660,-1,7103,958,7155,-1,7155,958,7094,-1,7155,7094,7095,-1,7172,7183,7177,-1,7177,7183,7184,-1,7177,7184,7182,-1,7182,7184,7185,-1,7182,7185,7186,-1,7095,7147,7155,-1,7155,7147,7178,-1,7155,7178,7156,-1,7156,7178,7179,-1,7156,7179,7157,-1,7157,7179,7180,-1,7157,7180,7158,-1,7158,7180,7181,-1,7158,7181,7159,-1,7159,7181,7182,-1,7159,7182,7160,-1,7160,7182,7186,-1,7160,7186,7161,-1,954,953,7146,-1,7146,953,7161,-1,7146,7161,7139,-1,7139,7161,7186,-1,7139,7186,7140,-1,7140,7186,7185,-1,7140,7185,7112,-1,7112,7185,7184,-1,7112,7184,7113,-1,7113,7184,7183,-1,7113,7183,7127,-1,7127,7183,7172,-1,7127,7172,7128,-1,7128,7172,7171,-1,7128,7171,7129,-1,7129,7171,7170,-1,7129,7170,7130,-1,7130,7170,7169,-1,7130,7169,7121,-1,7169,7162,7121,-1,7121,7162,660,-1,7121,660,662,-1,
        ]
    }
}